Timestamp,NGTL-Field Receipts,Groundbirch East Receipt,Gordondale Receipt,Total Receipts,Intraprovincial Demand,Empress Border Flow,Mcneil Border Flow,Alberta-BC Border Flow,Willow Valley Interconnect,Total Deliveries,Current Linepack,Linepack 4Hr Roc,Net Storage Flow,Flow Differential,Linepack Target
2026-08-01 11:29:47,13890,221,112,14223,5136,4084,625,1832,84,13552,20082,58,-1173,672,20659
2026-08-01 12:00:51,13758,224,112,14131,5130,4029,613,1837,85,13404,20090,74,-1070,727,20659
2026-08-01 12:29:46,13895,222,113,14266,5131,4056,615,1837,85,13439,20100,180,-1072,827,20659
2026-08-01 13:00:52,13781,224,112,14151,5070,3892,551,1842,84,13148,20113,267,-1030,1003,20659
2026-08-01 13:29:43,13725,226,113,14098,5077,3682,477,1844,86,12845,20129,342,-1038,1253,20659
2026-08-01 14:00:51,13765,223,112,14134,5085,3827,597,1886,85,13132,20144,409,-1028,1002,20659
2026-08-01 14:29:43,13644,223,111,14011,5123,3778,607,1917,83,13066,20155,482,-920,946,20659
2026-08-01 15:00:52,13611,228,111,13980,5102,3803,628,1977,84,13096,20171,562,-872,885,20659
2026-08-01 15:29:45,13604,221,113,13969,5086,3792,634,2151,86,13169,20193,666,-796,800,20659
2026-08-01 16:00:49,13637,221,112,14002,5106,3801,640,1994,86,13020,20209,710,-765,982,20659
2026-08-01 16:29:45,13573,223,113,13937,5116,3819,650,2221,86,13196,20228,768,-674,741,20659
2026-08-01 17:01:11,13563,225,112,13928,5079,3851,660,2059,86,13019,20249,817,-671,908,20659
2026-08-01 17:29:44,13659,223,111,14020,5060,3868,658,2180,86,13161,20268,832,-672,859,20659
2026-08-01 18:00:55,13737,223,112,14099,5082,3881,671,2213,84,13244,20288,862,-667,855,20659
2026-08-01 18:29:41,13744,224,112,14108,5115,3894,672,2290,87,13346,20309,926,-662,762,20659
2026-08-01 19:00:59,13766,225,113,14130,5091,3996,669,2281,84,13403,20327,933,-658,726,20659
2026-08-01 19:29:55,13786,226,112,14153,5087,4058,669,2315,87,13752,20348,929,-915,401,20659
2026-08-01 20:01:14,13829,222,113,14196,5149,4127,667,2825,85,14634,20361,912,-1135,-439,20659
2026-08-01 20:29:50,13857,223,113,14193,5140,4149,667,2814,80,14736,20358,781,-1248,-544,20659
2026-08-01 21:01:21,14012,220,122,14354,5162,4169,666,2741,86,14659,20350,615,-1232,-305,20659
2026-08-01 21:29:49,14002,221,111,14333,5123,4234,672,2682,86,14640,20345,462,-1232,-306,20659
2026-08-01 22:00:48,14048,222,114,14383,5127,4374,672,2646,86,14736,20337,296,-1224,-353,20659
2026-08-01 22:29:55,14008,221,114,14343,5118,4379,674,2624,86,14706,20328,114,-1220,-363,20659
2026-08-01 23:00:54,14060,221,114,14395,5129,4351,677,2552,85,14632,20319,-44,-1219,-237,20659
2026-08-01 23:29:42,14094,220,114,14428,5155,4324,671,2564,87,14638,20315,-198,-1217,-210,20659
2026-08-02 00:01:05,14057,222,115,14393,5166,4309,669,2394,87,14443,20311,-297,-1210,-50,20659
2026-08-02 00:29:53,14074,221,114,14408,5162,4308,674,2457,80,14512,20314,-268,-1207,-104,20659
2026-08-02 01:01:02,14068,222,113,14403,5112,4288,678,2504,86,14507,20312,-230,-1205,-86,20659
2026-08-02 01:29:45,14136,222,113,14470,5112,4273,676,2513,87,14498,20312,-199,-1211,-28,20659
2026-08-02 02:00:48,14128,221,113,14463,5155,4285,677,2511,87,14555,20311,-158,-1210,-92,20659
2026-08-02 02:29:45,14107,220,113,14440,5162,4314,672,2497,84,14571,20310,-106,-1212,-131,20659
2026-08-02 03:00:54,14101,226,114,14441,5138,4312,670,2498,86,14552,20310,-56,-1213,-110,20659
2026-08-02 03:29:46,14114,225,113,14452,5130,4308,676,2481,86,14528,20310,-28,-1213,-75,20659
2026-08-02 04:00:58,14216,222,114,14553,5178,4337,679,2487,85,14610,20312,4,-1210,-57,20659
2026-08-02 04:29:44,14213,222,113,14548,5126,4337,677,2497,85,14569,20313,-7,-1211,-21,20659
2026-08-02 05:00:51,14123,220,113,14456,5145,4352,686,2500,87,14604,20314,15,-1206,-148,20659
2026-08-02 05:29:43,14124,224,117,14465,5119,4383,684,2506,77,14615,20314,11,-1206,-150,20659
2026-08-02 06:00:47,14201,223,92,14516,5151,4460,677,2500,84,14677,20311,1,-1201,-161,20659
2026-08-02 06:29:43,14214,222,123,14559,5113,4478,648,2508,86,14684,20309,-6,-1210,-124,20659
2026-08-02 07:00:59,14207,221,119,14547,5139,4456,644,2514,86,14664,20305,-29,-1200,-117,20659
2026-08-02 07:29:48,14212,222,119,14554,5069,4430,645,2500,95,14593,20299,-66,-1222,-39,20659
2026-08-02 08:01:06,14199,220,118,14541,5065,4379,649,2465,87,14489,20295,-100,-1212,53,20659
2026-08-02 08:29:48,14215,212,119,14546,5112,4356,644,2320,86,14362,20293,-119,-1210,183,20659
2026-08-02 09:00:57,14191,194,119,14504,5050,4330,647,2336,83,14289,20293,-131,-1200,214,20659
2026-08-02 09:29:58,13840,182,120,14141,5080,4326,640,2376,79,14354,20287,-157,-1228,-213,20659
2026-08-02 10:01:06,13778,180,120,14077,5044,4326,638,2302,82,14214,20278,-198,-1203,-136,20659
2026-08-02 10:29:57,13841,177,111,14128,5072,4316,636,2410,82,14329,20270,-234,-1210,-200,20659
2026-08-02 11:01:04,13904,179,110,14193,5058,4321,634,2222,82,14234,20262,-259,-1287,-41,20659
2026-08-02 11:29:53,13989,180,75,14244,5061,4303,633,2506,79,14525,20259,-242,-1289,-281,20659
2026-08-02 12:00:55,14075,176,75,14325,5105,4289,630,2470,77,14503,20253,-253,-1279,-209,20659
2026-08-02 12:29:46,14114,179,75,14368,5061,4098,609,2447,82,14235,20251,-251,-1285,133,20659
2026-08-02 13:00:49,14098,175,74,14349,5119,4261,626,2436,81,14442,20248,-270,-1290,-93,20659
2026-08-02 13:29:41,14187,177,79,14443,5073,4273,628,2412,81,14410,20243,-264,-1288,34,20659
2026-08-02 14:00:49,14142,174,74,14394,5073,4179,622,2437,81,14086,20240,-223,-1025,308,20659
2026-08-02 14:29:43,14167,176,75,14418,5105,4272,619,2438,83,14420,20241,-178,-1255,-3,20659
2026-08-02 15:00:57,14228,177,75,14480,5091,4269,628,2452,80,14440,20238,-142,-1283,40,20659
2026-08-02 15:29:42,14245,178,74,14497,5123,4254,624,2450,82,14439,20236,-134,-1271,57,20659
2026-08-02 16:00:51,14249,180,75,14503,5108,4291,625,2439,82,14484,20237,-98,-1273,19,20659
2026-08-02 16:29:42,14208,180,74,14463,5102,4233,632,2453,82,14411,20236,-87,-1252,51,20659
2026-08-02 17:00:51,14155,174,73,14405,5147,4250,633,2452,82,14493,20234,-83,-1296,-88,20659
2026-08-02 17:29:45,14174,179,75,14427,5117,4189,640,2243,81,14244,20227,-95,-1317,183,20659
2026-08-02 18:01:23,14165,179,74,14419,5112,4227,638,2275,81,14296,20236,-24,-1307,122,20659
2026-08-02 18:30:02,14121,176,74,14370,5123,4239,641,2064,81,14104,20243,11,-1305,267,20659
2026-08-02 19:00:52,14166,295,74,14534,5153,4211,639,2063,82,14082,20247,51,-1308,452,20659
2026-08-02 19:29:56,14203,293,74,14570,5127,4228,647,2000,82,14049,20259,136,-1304,521,20659
2026-08-02 20:01:14,14154,296,75,14526,5049,4218,653,1823,82,13804,20272,215,-1305,722,20659
2026-08-02 20:30:01,14177,292,75,14543,5109,4343,656,1797,87,13919,20288,312,-1301,624,20659
2026-08-02 21:01:09,14131,294,74,14503,5074,4335,660,1828,81,13975,20306,432,-1312,529,20659
2026-08-02 21:29:42,14102,294,74,14468,5092,4381,659,1840,80,14024,20325,586,-1308,445,20659
2026-08-02 22:00:49,14132,312,74,14515,5135,4406,667,1860,81,14087,20340,617,-1310,429,20659
2026-08-02 22:29:49,14202,313,74,14590,5094,4425,667,1918,81,14151,20350,644,-1311,438,20659
2026-08-02 23:00:52,14234,315,74,14623,5104,4443,673,1898,81,14140,20360,678,-1317,482,20659
2026-08-02 23:29:51,14162,314,74,14549,5063,4458,676,1913,82,14180,20367,650,-1313,370,20659
2026-08-03 00:00:53,14109,313,74,14497,5126,4471,678,1908,81,14224,20372,598,-1316,274,20659
2026-08-03 00:29:51,14089,314,74,14476,5127,4478,677,2020,81,14362,20377,530,-1317,115,20659
2026-08-03 01:01:22,14108,312,74,14494,5153,4472,678,1942,80,14313,20378,436,-1319,181,20659
2026-08-03 01:29:42,14142,312,76,14529,5122,4457,674,1947,83,14251,20380,333,-1315,278,20659
2026-08-03 02:00:51,14135,311,74,14520,5141,4451,671,2003,81,14333,20384,273,-1317,187,20659
2026-08-03 02:29:41,13970,315,74,14359,5153,4475,670,1954,81,14290,20386,212,-1317,69,20659
2026-08-03 03:00:49,14016,325,114,14450,5135,4553,618,1965,81,14342,20384,147,-1316,113,20659
2026-08-03 03:29:43,14097,324,114,14535,5101,4593,530,1965,92,14228,20388,124,-1315,307,20659
2026-08-03 04:00:51,14074,325,107,14511,5138,4541,593,1970,83,14315,20393,124,-1319,196,20659
2026-08-03 04:29:45,14117,332,106,14555,5149,4571,581,1968,83,14333,20395,108,-1320,222,20659
2026-08-03 05:00:59,14117,333,108,14565,5167,4579,586,2084,83,14477,20394,93,-1319,88,20659
2026-08-03 05:29:46,14149,334,115,14597,5139,4571,595,2005,83,14382,20392,68,-1319,215,20659
2026-08-03 06:00:52,14118,334,106,14566,5174,4573,597,2003,86,14404,20392,48,-1319,162,20659
2026-08-03 06:29:51,14090,333,114,14537,5181,4571,601,2136,83,14539,20390,30,-1317,-2,20659
2026-08-03 07:01:01,13862,334,106,14312,5174,4573,623,2156,95,14595,20378,-37,-1320,-286,20659
2026-08-03 07:29:49,13825,335,106,14267,5106,4566,609,1790,83,14110,20362,-158,-1304,157,20659
2026-08-03 08:01:02,13810,337,108,14253,5138,4562,601,1806,77,14235,20352,-247,-1390,18,20659
2026-08-03 08:29:43,13991,334,108,14434,5139,4534,642,1836,85,14291,20338,-342,-1395,143,20659
2026-08-03 09:00:57,14039,331,114,14478,5164,4518,651,1853,84,14300,20327,-402,-1396,178,20659
2026-08-03 09:29:49,13801,336,64,14201,5141,4507,657,1864,80,14315,20316,-457,-1399,-114,20659
2026-08-03 10:00:58,13822,232,61,14114,5132,4497,652,2004,73,14436,20297,-568,-1428,-322,20659
2026-08-03 10:29:45,13979,239,60,14278,5130,4500,647,2010,75,14615,20272,-712,-1586,-337,20659
2026-08-03 11:00:51,13961,235,59,14254,5175,4459,654,2026,74,14624,20252,-758,-1587,-370,20659
2026-08-03 11:29:46,14014,238,60,14311,5108,4363,650,2014,74,14454,20236,-752,-1580,-143,20659
2026-08-03 12:00:52,14002,235,59,14300,5135,4237,681,1876,74,14231,20231,-724,-1585,68,20659
2026-08-03 12:29:47,14013,328,60,14400,5110,4308,668,1924,76,14328,20224,-685,-1608,72,20659
2026-08-03 13:00:57,14039,322,60,14421,5112,4305,669,1995,74,14434,20218,-654,-1598,-12,20659
2026-08-03 13:29:49,14085,326,59,14469,5172,4300,669,1984,76,14438,20208,-648,-1603,31,20659
2026-08-03 14:00:57,14144,324,60,14528,5139,4302,667,1951,75,14383,20202,-573,-1604,145,20659
2026-08-03 14:29:51,14142,326,60,14527,5116,4303,662,1952,75,14355,20196,-455,-1600,172,20659
2026-08-03 15:00:58,14112,310,60,14482,5106,4308,670,1959,75,14382,20193,-353,-1596,100,20659
2026-08-03 15:29:50,14142,285,59,14486,5152,4308,664,1974,74,14422,20191,-273,-1602,64,20659
2026-08-03 16:00:54,14116,268,59,14443,5142,4340,634,1965,75,14424,20191,-242,-1598,19,20659
2026-08-03 16:29:46,14069,242,59,14371,5094,4334,641,1960,74,14378,20181,-255,-1598,-8,20659
2026-08-03 17:00:54,13981,400,59,14439,5125,4327,641,1964,75,14398,20175,-251,-1590,41,20659
2026-08-03 17:29:42,14040,399,59,14498,5092,4342,636,1969,74,14369,20174,-201,-1575,130,20659
2026-08-03 18:00:59,14044,396,60,14500,5114,4350,634,1964,76,14425,20172,-181,-1593,75,20659
2026-08-03 18:29:42,14097,397,59,14553,5151,4294,612,1962,74,14351,20171,-151,-1597,202,20659
2026-08-03 19:00:59,14060,396,60,14515,5202,4278,634,1960,76,14386,20176,-101,-1597,129,20659
2026-08-03 19:29:48,14025,397,60,14482,5192,4290,632,1962,75,14450,20163,-164,-1602,31,20659
2026-08-03 20:01:09,13984,402,60,14442,5241,4211,636,1958,75,14427,20165,-154,-1596,14,20659
2026-08-03 20:29:51,14031,401,59,14492,5231,4180,641,1964,76,14407,20168,-82,-1598,85,20659
2026-08-03 21:01:31,14067,400,60,14527,5260,4229,642,1972,72,14422,20174,-14,-1595,104,20659
2026-08-03 21:30:18,14073,396,60,14530,5296,4275,616,1985,75,14534,20176,13,-1600,-4,20659
2026-08-03 22:00:57,14057,399,59,14515,5323,4222,596,1973,71,14473,20171,-2,-1597,42,20659
2026-08-03 22:29:48,14069,400,60,14529,5266,4252,587,1987,80,14454,20172,12,-1602,74,20659
2026-08-03 23:00:58,14128,401,59,14588,5285,4264,573,2017,75,14491,20169,-43,-1596,97,20659
2026-08-03 23:29:46,14057,400,59,14516,5324,4304,562,2014,75,14580,20167,20,-1597,-64,20659
2026-08-04 00:01:09,14111,400,60,14571,5295,4318,551,2015,77,14556,20161,-23,-1600,15,20659
2026-08-04 00:29:56,14239,398,59,14696,5296,4312,564,2018,75,14548,20159,-52,-1600,148,20659
2026-08-04 01:01:26,14111,400,59,14570,5374,4340,568,2015,74,14620,20172,-9,-1593,-49,20659
2026-08-04 01:29:47,14241,399,59,14699,5357,4346,574,2017,75,14624,20178,10,-1598,75,20659
2026-08-04 02:00:52,14279,396,59,14733,5328,4354,585,2015,76,14606,20177,33,-1589,127,20659
2026-08-04 02:29:44,14278,395,60,14732,5363,4364,578,2009,74,14640,20177,27,-1593,92,20659
2026-08-04 03:00:50,14275,396,59,14731,5330,4215,580,2010,75,14481,20172,22,-1590,250,20659
2026-08-04 03:29:43,14299,396,60,14754,5273,4293,579,2020,77,14478,20173,35,-1582,276,20659
2026-08-04 04:00:57,14325,394,59,14780,5233,4294,584,2023,76,14471,20173,71,-1585,309,20659
2026-08-04 04:29:47,14305,397,59,14762,5247,4303,584,2028,73,14482,20178,113,-1587,280,20659
2026-08-04 05:00:59,14249,396,60,14705,5254,4307,582,2028,76,14483,20174,10,-1589,222,20659
2026-08-04 05:29:47,14289,398,59,14746,5266,4334,573,2024,74,14512,20183,31,-1590,234,20659
2026-08-04 06:00:51,14263,398,59,14720,5240,4313,581,2029,76,14466,20182,32,-1582,254,20659
2026-08-04 06:29:50,14243,400,59,14701,5276,4323,560,2026,74,14471,20176,-10,-1597,230,20659
2026-08-04 07:00:57,14246,399,59,14704,5225,4301,582,2028,74,14446,20169,-21,-1576,257,20659
2026-08-04 07:29:48,14203,396,59,14658,5248,4335,533,2033,77,14394,20158,-89,-1579,264,20659
2026-08-04 08:00:58,14142,397,59,14598,5249,4296,584,2028,81,14485,20142,-185,-1577,114,20659
2026-08-04 08:29:51,14096,396,58,14550,5172,4305,572,2019,67,14343,20126,-312,-1578,207,20659
2026-08-04 09:00:56,14044,396,60,14500,5192,4290,579,2005,75,14438,20108,-396,-1663,62,20659
2026-08-04 09:29:51,13904,215,51,14170,5175,4292,563,1990,74,14086,20095,-528,-1343,84,20659
2026-08-04 10:00:57,13932,214,48,14191,5242,4322,538,1860,75,13954,20084,-586,-1333,237,20659
2026-08-04 10:29:53,13851,215,53,14119,5177,4216,590,1927,74,14018,20071,-627,-1385,102,20659
2026-08-04 11:01:19,13641,213,48,13903,5167,4207,627,1925,68,13953,20049,-722,-1375,-50,20659
2026-08-04 11:29:58,13670,216,47,13933,5173,4332,602,1917,74,14089,20022,-829,-1378,-156,20659
2026-08-04 12:01:06,13650,211,47,13911,5164,4337,597,1899,77,14069,20012,-778,-1376,-158,20659
2026-08-04 12:30:07,13556,214,48,13818,5122,4345,580,1911,74,14120,19946,-1078,-1364,-302,20659
2026-08-04 13:00:53,13660,211,49,13919,5106,4280,573,1904,75,13934,19914,-1156,-1368,-15,20659
2026-08-04 13:29:44,13722,211,48,13981,5142,4260,558,1892,76,13919,19906,-1136,-1367,62,20659
2026-08-04 14:00:50,13699,212,48,13958,5059,4229,533,1896,77,13772,19919,-1007,-1316,186,20659
2026-08-04 14:29:47,13703,214,48,13965,5097,4254,535,1894,82,13835,19919,-912,-1361,130,20659
2026-08-04 15:00:51,13708,216,47,13969,5073,4287,498,1892,80,13707,19925,-736,-1230,262,20659
2026-08-04 15:29:43,13799,214,46,14059,5042,4324,480,1889,80,13699,19925,-553,-1250,360,20659
2026-08-04 16:00:49,13861,213,47,14122,5098,4251,486,1873,80,13635,19920,-554,-1253,487,20659
2026-08-04 16:29:44,13878,215,46,14140,5140,3597,594,1883,80,13110,19924,-131,-1206,1030,20659
2026-08-04 17:00:55,13960,167,46,14173,5131,4246,559,1885,81,13726,19939,141,-1204,447,20659
2026-08-04 17:29:46,13939,168,28,14135,5152,4223,563,1880,80,13694,19943,220,-1178,441,20659
2026-08-04 18:00:58,13968,166,40,14151,5156,4323,565,1889,79,13769,19941,148,-1218,370,20659
2026-08-04 18:29:50,14015,165,40,14220,5181,4262,572,1896,81,13727,19948,175,-1212,492,20659
2026-08-04 19:01:05,13946,167,40,14153,5180,4211,584,1903,80,13730,19959,203,-1215,423,20659
2026-08-04 19:29:49,13993,166,40,14199,5216,4280,593,1905,81,13902,19959,205,-1225,297,20659
2026-08-04 20:01:14,14066,169,40,14274,5233,4315,621,1904,79,13942,19959,235,-1224,332,20659
2026-08-04 20:29:49,14060,170,40,14269,5239,4303,596,1899,81,13905,19962,229,-1228,364,20659
2026-08-04 21:01:04,14092,168,40,14299,5235,4545,593,1902,80,14160,19969,178,-1231,139,20659
2026-08-04 21:29:49,14134,143,40,14316,5281,4406,593,1896,80,14061,19974,190,-1234,255,20659
2026-08-04 22:00:53,14162,147,40,14348,5247,4315,598,1888,80,13921,19977,215,-1232,427,20659
2026-08-04 22:29:49,14223,148,40,14410,5218,4319,601,1897,81,13927,19980,191,-1233,483,20659
2026-08-04 23:01:01,14282,147,40,14469,5271,4299,610,1892,80,13954,19981,133,-1231,515,20659
2026-08-04 23:29:51,14304,150,40,14494,5223,4272,614,1887,81,13880,19985,156,-1230,614,20659
2026-08-05 00:01:12,14344,145,40,14530,5203,4224,619,1892,81,13796,19995,214,-1230,733,20659
2026-08-05 00:29:54,14335,148,40,14523,5173,4222,626,1895,79,13786,20004,250,-1227,736,20659
2026-08-05 01:01:03,14334,146,40,14520,5152,4269,628,1904,80,13833,20012,261,-1228,688,20659
2026-08-05 01:29:51,14304,144,40,14488,5182,4261,627,1909,80,13865,20023,294,-1228,623,20659
2026-08-05 02:00:54,14358,146,40,14544,5137,4265,633,1912,80,13828,20034,339,-1227,716,20659
2026-08-05 02:29:48,14343,148,40,14531,5141,4262,636,1997,79,13907,20045,392,-1230,624,20659
2026-08-05 03:01:00,14274,145,40,14456,5129,4250,635,2017,80,13921,20056,448,-1230,535,20659
2026-08-05 03:29:47,14217,145,43,14406,5136,4274,629,1998,81,13919,20064,476,-1228,488,20659
2026-08-05 04:00:57,14202,148,41,14392,5164,4267,631,2003,79,13963,20072,463,-1237,428,20659
2026-08-05 04:29:50,14195,145,40,14380,5147,4299,613,2006,81,13953,20078,444,-1231,427,20659
2026-08-05 05:01:00,14155,142,41,14339,5180,4267,643,1996,81,13978,20082,419,-1244,362,20659
2026-08-05 05:29:47,14151,146,76,14373,5169,4262,646,2006,80,13961,20082,350,-1244,412,20659
2026-08-05 06:00:53,14103,145,98,14345,5140,4258,653,2001,80,13951,20084,304,-1254,394,20659
2026-08-05 06:29:47,14077,146,96,14320,5160,4251,653,1979,80,13946,20088,253,-1252,373,20659
2026-08-05 07:00:56,13986,144,95,14227,5180,4253,653,1967,95,13972,20091,212,-1251,256,20659
2026-08-05 07:29:52,13862,149,94,14106,5110,4252,648,1962,141,13914,20092,167,-1197,192,20659
2026-08-05 08:00:59,13869,148,95,14130,5156,4253,646,1968,145,13959,20087,92,-1200,153,20659
2026-08-05 08:29:57,13924,156,86,14166,5160,4248,646,1959,143,13906,20080,14,-1182,260,20659
2026-08-05 09:00:57,13908,157,85,14150,5096,4250,644,1957,144,13871,20071,-66,-1203,279,20659
2026-08-05 09:29:50,13733,160,82,13975,5128,4252,643,1934,138,13847,20069,-75,-1167,128,20659
2026-08-05 10:01:00,13727,152,145,14016,5094,4227,649,1920,77,13661,20062,-131,-1122,355,20659
2026-08-05 10:29:52,13681,26,127,13836,5104,4160,642,1916,79,13458,20050,-225,-989,378,20659
2026-08-05 11:00:55,13642,129,132,13900,5127,3971,659,2129,77,13560,20042,-296,-1003,340,20659
2026-08-05 11:29:48,13683,124,131,13938,5098,3935,655,2118,77,13460,20040,-313,-992,478,20659
2026-08-05 12:00:50,13703,109,130,13943,5124,3959,656,2087,79,13513,20040,-283,-999,430,20659
2026-08-05 12:29:50,13658,111,133,13901,5150,3945,650,2093,82,13503,20039,-245,-1009,398,20659
2026-08-05 13:00:53,13753,128,135,14021,5083,3792,644,2096,83,13410,20054,-103,-1132,611,20659
2026-08-05 13:29:47,13657,171,110,13938,5061,4122,650,2099,81,13726,20071,9,-1119,212,20659
2026-08-05 14:00:56,13574,167,109,13890,5100,4072,650,2095,82,13659,20073,65,-1045,231,20659
2026-08-05 14:29:48,13524,169,108,13801,5080,4019,651,2085,82,13596,20061,65,-1102,205,20659
2026-08-05 15:00:57,13469,166,107,13744,5062,4185,652,2087,84,13780,20048,40,-1110,-36,20659
2026-08-05 15:29:50,13366,178,107,13655,5079,4191,656,2082,80,13804,20036,-28,-1116,-149,20659
2026-08-05 16:00:56,13388,178,108,13675,5114,4154,674,2077,82,13792,20028,-71,-1118,-117,20659
2026-08-05 16:29:52,13430,178,107,13715,5124,4144,669,2077,81,13810,20032,-47,-1151,-95,20659
2026-08-05 17:01:03,13714,206,107,14026,5114,4235,680,2076,102,13933,20034,-117,-1156,94,20659
2026-08-05 17:29:53,13706,206,107,14019,5120,4246,682,2067,108,13958,20028,-254,-1153,61,20659
2026-08-05 18:01:00,13732,204,107,14045,5116,4173,684,2056,107,13830,20020,-318,-1118,215,20659
2026-08-05 18:29:52,13718,204,107,14030,5130,4214,683,2046,107,13875,20018,-258,-1114,155,20659
2026-08-05 19:00:58,13715,205,108,14028,5149,4244,684,2037,109,13890,20015,-202,-1112,139,20659
2026-08-05 19:29:53,13648,205,108,13961,5142,4267,686,2024,111,13937,20012,-142,-1122,24,20659
2026-08-05 20:01:04,13606,208,108,13920,5200,4268,678,2018,109,13983,20011,-108,-1120,-62,20659
2026-08-05 20:29:52,13719,208,107,14034,5225,4314,681,2016,109,14070,20009,-137,-1128,-35,20659
2026-08-05 21:00:52,13803,207,108,14117,5248,4405,659,2017,102,14146,20006,-167,-1123,-28,20659
2026-08-05 21:29:42,13843,208,108,14158,5309,4384,662,2024,105,14160,20005,-139,-1078,-1,20659
2026-08-05 22:00:49,13935,206,107,14249,5296,4358,680,2022,108,14119,20001,-112,-1073,130,20659
2026-08-05 22:29:41,13956,206,107,14269,5294,4351,679,2019,104,14109,19999,-116,-1071,160,20659
2026-08-05 23:00:50,14008,227,107,14343,5236,4368,681,2018,107,14077,19997,-107,-1063,266,20659
2026-08-05 23:29:41,13980,228,108,14317,5202,4316,680,2015,107,13987,19998,-86,-1067,330,20659
2026-08-06 00:00:48,13970,228,108,14307,5178,4332,684,2029,107,13976,19999,-70,-1058,330,20659
2026-08-06 00:29:42,14049,225,108,14382,5188,4331,692,2042,110,14019,20001,-46,-1050,362,20659
2026-08-06 01:00:47,14055,225,108,14388,5172,4344,684,2039,106,14017,20003,-21,-1052,371,20659
2026-08-06 01:29:43,13943,227,108,14278,5183,4348,695,2026,108,14011,20002,-21,-1051,267,20659
2026-08-06 02:00:53,13950,226,108,14285,5136,4363,698,2007,92,13980,20006,27,-1052,304,20659
2026-08-06 02:29:46,13695,228,108,14031,5144,4328,706,1767,107,13702,20013,83,-1052,329,20659
2026-08-06 03:00:53,13794,226,108,14128,5160,4344,706,1891,102,13852,20016,120,-1053,276,20659
2026-08-06 03:29:47,13824,228,108,14160,5137,4315,706,1913,108,13833,20021,140,-1051,327,20659
2026-08-06 04:00:52,13913,229,108,14261,5130,4336,704,1927,106,13861,20024,147,-1050,389,20659
2026-08-06 04:29:51,13850,230,108,14189,5112,4349,693,1936,106,13848,20031,179,-1051,341,20659
2026-08-06 05:00:50,13880,219,108,14201,5154,4347,705,1955,106,13925,20036,206,-1055,276,20659
2026-08-06 05:29:47,13867,215,108,14192,5096,4371,691,1960,104,13887,20041,238,-1056,305,20659
2026-08-06 06:00:52,13900,216,108,14225,5144,4360,708,1961,106,13938,20045,233,-1057,287,20659
2026-08-06 06:29:54,13856,215,108,14181,5137,4354,705,1961,106,13922,20048,209,-1060,259,20659
2026-08-06 07:01:04,13806,216,108,14130,5132,4354,692,1965,106,13898,20051,209,-1054,233,20659
2026-08-06 07:29:50,13789,222,108,14119,5138,4337,690,1959,107,13886,20053,194,-1054,233,20659
2026-08-06 08:00:52,13743,218,108,14070,5124,4328,690,1966,106,13865,20050,160,-1054,205,20659
2026-08-06 08:30:05,13527,218,108,13855,5162,4318,701,1954,106,13864,20046,88,-1008,-9,20659
2026-08-06 09:01:11,13661,218,108,13988,5158,4312,702,1968,106,13852,20040,14,-1002,137,20659
2026-08-06 09:29:53,13456,221,108,13785,5143,4285,706,1961,80,13799,20038,-23,-1006,-14,20659
2026-08-06 10:00:55,13518,216,108,13842,5146,4242,723,1954,79,13766,20033,-73,-1018,76,20659
2026-08-06 10:29:53,13470,222,108,13800,5147,4226,695,1947,80,13759,20023,-146,-1011,41,20659
2026-08-06 11:00:50,13634,221,107,13960,5153,4225,692,2139,80,13968,20013,-230,-1022,-7,20659
2026-08-06 11:29:45,13627,193,123,13945,5171,4222,692,2125,77,13956,20002,-304,-1026,-11,20659
2026-08-06 12:00:54,13444,193,133,13770,5200,4252,690,2100,58,14031,19995,-332,-1105,-261,20659
2026-08-06 12:29:46,13760,187,134,14081,5144,4279,684,2083,57,13914,19983,-378,-1043,166,20659
2026-08-06 13:00:53,13680,189,132,14003,5142,4293,682,2060,61,13933,19974,-391,-1060,70,20659
2026-08-06 13:29:49,13724,140,133,13997,5115,4305,676,2047,56,13872,19967,-423,-1056,125,20659
2026-08-06 14:00:49,13787,142,133,14064,5160,4140,671,2031,62,13754,19957,-455,-1054,310,20659
2026-08-06 14:29:46,13756,109,132,13997,5172,4046,664,2002,56,13532,19958,-384,-973,466,20659
2026-08-06 15:00:51,13749,111,132,13995,5111,4106,643,2008,56,13417,19965,-282,-888,578,20659
2026-08-06 15:29:45,13810,112,132,14055,5118,4070,635,2033,59,13412,19970,-195,-889,643,20659
2026-08-06 16:00:52,13825,205,132,14145,5133,4074,614,2032,54,13479,19972,-133,-964,666,20659
2026-08-06 16:29:45,13799,239,133,14171,5165,4122,603,2093,56,13618,19983,7,-980,553,20659
2026-08-06 17:00:52,13909,252,134,14296,5163,4109,603,2061,57,13646,19990,102,-1062,650,20659
2026-08-06 17:29:44,13974,252,132,14359,5153,4090,601,2070,56,13624,19996,176,-1062,735,20659
2026-08-06 18:00:56,13998,251,132,14382,5164,4098,600,2062,59,13660,20006,300,-1064,722,20659
2026-08-06 18:29:46,14083,254,132,14469,5230,4108,596,2062,57,13704,20014,330,-1059,765,20659
2026-08-06 19:00:58,14067,253,133,14452,5246,4098,582,1858,57,13524,20025,364,-1060,928,20659
2026-08-06 19:29:48,14128,250,133,14511,5358,4120,582,1820,51,13581,20040,421,-1064,930,20659
2026-08-06 20:00:55,14265,254,133,14652,5306,4116,586,1849,56,13568,20057,513,-1067,1084,20659
2026-08-06 20:29:48,14180,253,133,14565,5338,4104,588,1868,56,13606,20073,544,-1067,959,20659
2026-08-06 21:00:55,14275,224,135,14633,5352,4096,592,1881,56,13650,20090,600,-1070,983,20659
2026-08-06 21:30:03,14246,189,115,14549,5355,4092,602,1887,56,13650,20106,659,-1073,899,20659
2026-08-06 22:01:09,14279,173,115,14566,5374,4247,561,1891,56,13774,20119,678,-1077,791,20659
2026-08-06 22:30:07,14266,171,114,14550,5364,4232,557,1895,56,13777,20133,719,-1087,773,20659
2026-08-06 23:00:53,14213,172,115,14508,5309,4210,560,1904,56,13709,20144,711,-1093,799,20659
2026-08-06 23:29:45,14275,175,114,14565,5323,4209,568,1922,56,13754,20149,658,-1096,811,20659
2026-08-07 00:00:49,14258,173,114,14545,5294,4215,665,1927,54,13824,20163,636,-1099,721,20659
2026-08-07 00:29:44,14264,172,114,14550,5330,4232,660,1926,57,13888,20173,596,-1105,661,20659
2026-08-07 01:01:02,14291,172,114,14579,5325,4262,662,1950,57,13872,20182,549,-1063,707,20659
2026-08-07 01:29:43,14267,183,115,14565,5200,4254,655,1945,57,13734,20193,521,-1043,831,20659
2026-08-07 02:00:55,14316,185,114,14616,5184,4267,656,1951,67,13780,20205,515,-1053,836,20659
2026-08-07 02:29:43,14272,186,114,14574,5174,4291,659,1948,56,13761,20215,489,-1056,812,20659
2026-08-07 03:00:52,14248,180,114,14544,5186,4283,664,1950,56,13781,20226,495,-1060,763,20659
2026-08-07 03:29:43,14324,183,114,14621,5195,4273,667,1960,56,13789,20235,515,-1059,832,20659
2026-08-07 04:00:53,14299,183,114,14596,5240,4337,665,1953,56,13889,20245,492,-1060,707,20659
2026-08-07 04:29:45,14326,184,114,14628,5270,4314,666,1961,56,13913,20253,482,-1059,714,20659
2026-08-07 05:00:51,14247,181,114,14542,5286,4331,648,1961,56,13925,20263,486,-1060,618,20659
2026-08-07 05:29:45,14248,182,114,14546,5276,4319,668,1961,69,13942,20269,461,-1063,604,20659
2026-08-07 06:00:52,14209,184,114,14508,5262,4317,664,1962,55,13922,20272,407,-1065,586,20659
2026-08-07 06:29:46,14187,185,114,14486,5261,4320,657,1963,68,13921,20275,362,-1064,566,20659
2026-08-07 07:00:53,14219,182,114,14515,5317,4319,656,1966,55,13964,20278,309,-1064,551,20659
2026-08-07 07:29:46,14175,183,114,14472,5267,4314,649,1965,57,13902,20277,250,-1059,571,20659
2026-08-07 08:00:57,14220,186,114,14520,5120,4308,644,281,56,12068,20275,177,-1057,2452,20659
2026-08-07 08:29:44,14196,185,114,14495,5230,4259,644,1832,56,13672,20293,239,-1052,824,20659
2026-08-07 09:00:48,14090,183,114,14389,5225,4270,642,1586,55,13417,20296,198,-1049,973,20659
2026-08-07 09:29:46,13654,167,96,13917,5146,4241,637,1609,88,13591,20301,188,-1302,326,20659
2026-08-07 10:00:48,13715,168,93,13976,5168,4190,635,1315,87,13370,20294,129,-1329,606,20659
2026-08-07 10:29:43,13546,167,93,13806,5136,4203,628,1503,58,13432,20288,76,-1317,374,20659
2026-08-07 11:00:51,13651,168,93,13908,5188,4201,625,1524,57,13404,20276,-9,-1333,504,20659
2026-08-07 11:29:42,13707,169,93,13969,5192,4200,626,1935,56,13841,20264,-73,-1336,128,20659
2026-08-07 12:00:53,13786,167,92,14046,5193,4206,624,1881,58,13818,20269,-30,-1333,228,20659
2026-08-07 12:29:43,13732,171,92,13995,5156,4172,629,1829,56,13704,20258,-209,-1333,292,20659
2026-08-07 13:00:53,13813,169,93,14075,5172,4187,616,2190,55,14104,20248,-288,-1332,-29,20659
2026-08-07 13:29:44,13831,168,93,14092,5142,4191,611,1992,57,13868,20241,-359,-1338,224,20659
2026-08-07 14:00:51,13921,170,39,14184,5160,4194,612,1859,57,13738,20246,-287,-1328,445,20659
2026-08-07 14:29:44,13795,169,13,13977,5145,4187,612,1870,57,13735,20247,-244,-1330,242,20659
2026-08-07 15:00:53,13859,172,13,14044,5161,4181,615,1885,51,13766,20235,-244,-1330,278,20659
2026-08-07 15:29:44,13893,164,13,14070,5222,4218,617,1875,57,13838,20227,-224,-1329,232,20659
2026-08-07 16:01:01,13875,172,13,14059,5234,4182,607,1875,60,13809,20231,-231,-1309,250,20659
2026-08-07 16:29:43,13995,170,13,14177,5208,4112,611,1871,56,13674,20232,-160,-1291,504,20659
2026-08-07 17:01:09,14061,179,13,14276,5162,4231,611,1866,56,13746,20235,-78,-1290,530,20659
2026-08-07 17:29:44,14007,175,13,14194,5216,4136,608,1865,52,13740,20247,39,-1323,454,20659
2026-08-07 18:00:52,13986,174,13,14173,5245,4140,613,2152,56,14055,20257,63,-1322,118,20659
2026-08-07 18:29:45,13598,175,13,13786,5257,4184,614,2051,57,14072,20257,59,-1324,-286,20659
2026-08-07 19:00:56,13460,175,13,13647,5276,4224,623,2045,58,14144,20251,97,-1336,-496,20659
2026-08-07 19:29:45,13732,179,13,13924,5276,4236,642,2044,53,14172,20243,96,-1338,-249,20659
2026-08-07 20:01:00,13765,174,13,13955,5284,4212,651,2035,55,14126,20237,39,-1340,-170,20659
2026-08-07 20:29:45,13762,178,13,13953,5319,4318,654,2066,57,14296,20230,-11,-1342,-344,20659
2026-08-07 21:00:53,13825,177,12,14015,5304,4307,687,2066,73,14349,20221,-84,-1347,-334,20659
2026-08-07 21:29:58,13860,180,49,14090,5312,4319,693,2093,74,14365,20218,-178,-1347,-275,20659
2026-08-07 22:01:16,13912,181,49,14143,5300,4298,699,2118,75,14356,20216,-244,-1330,-213,20659
2026-08-07 22:30:00,13958,192,104,14255,5298,4315,715,2158,76,14439,20208,-297,-1328,-184,20659
2026-08-07 23:00:48,14012,191,111,14315,5262,4353,722,2162,73,14462,20201,-302,-1324,-147,20659
2026-08-07 23:29:43,13963,189,118,14270,5311,4352,722,2158,74,14499,20194,-294,-1324,-229,20659
2026-08-08 00:00:53,14020,189,118,14328,5266,4346,726,2156,76,14427,20186,-307,-1319,-99,20659
2026-08-08 00:29:43,13916,192,118,14226,5272,4193,702,2175,77,14286,20182,-289,-1317,-61,20659
2026-08-08 01:00:47,14209,190,118,14517,5270,4141,692,2182,77,14235,20181,-239,-1316,282,20659
2026-08-08 01:29:45,14228,188,117,14537,5280,4352,706,2180,75,14472,20169,-291,-1324,65,20659
2026-08-08 02:00:47,14098,192,118,14409,5219,4399,708,2185,76,14480,20163,-318,-1330,-71,20659
2026-08-08 02:29:43,14191,191,118,14501,5254,4458,712,2191,61,14575,20158,-295,-1331,-74,20659
2026-08-08 03:00:48,14063,194,118,14376,5241,4444,713,2185,72,14537,20157,-262,-1326,-162,20659
2026-08-08 03:29:44,13917,196,119,14232,5255,4426,714,2187,78,14554,20147,-283,-1329,-321,20659
2026-08-08 04:00:51,13901,194,118,14213,5245,4414,706,2187,80,14533,20137,-293,-1334,-320,20659
2026-08-08 04:29:43,13917,197,119,14233,5226,4396,708,2187,78,14495,20130,-308,-1344,-262,20659
2026-08-08 05:00:47,13940,188,119,14246,5218,4380,709,2206,79,14504,20122,-356,-1348,-258,20659
2026-08-08 05:29:43,13929,191,118,14239,5239,4334,713,2200,80,14476,20115,-326,-1348,-237,20659
2026-08-08 06:00:51,14041,188,119,14348,5248,4303,714,2202,78,14439,20109,-327,-1338,-90,20659
2026-08-08 06:29:46,14182,189,118,14489,5246,4272,712,2203,81,14414,20104,-327,-1341,75,20659
2026-08-08 07:00:53,14230,186,118,14534,5232,4247,713,2196,93,14408,20101,-335,-1340,127,20659
2026-08-08 07:29:45,14384,186,118,14688,5262,4212,710,2151,79,14322,20098,-293,-1362,367,20659
2026-08-08 08:00:56,14387,184,117,14689,5247,4164,709,1950,69,14076,20107,-184,-1373,613,20659
2026-08-08 08:29:43,14330,186,118,14633,5261,4134,691,1982,80,14094,20112,-108,-1382,540,20659
2026-08-08 09:00:47,14349,186,118,14653,5234,4115,677,1738,80,13807,20118,-20,-1443,846,20659
2026-08-08 09:29:43,14055,188,118,14361,5108,4091,674,1591,86,13434,20126,68,-1330,927,20659
2026-08-08 10:00:50,13987,188,118,14293,5150,4064,662,1744,93,13603,20137,169,-1325,690,20659
2026-08-08 10:29:43,13992,185,117,14295,5174,4038,659,1968,93,13674,20141,225,-1200,621,20659
2026-08-08 11:00:51,13998,190,118,14303,5172,4021,655,1990,94,13673,20143,251,-1214,630,20659
2026-08-08 11:29:43,14014,184,119,14316,5191,4101,645,2021,89,13806,20143,270,-1213,510,20659
2026-08-08 12:00:55,14031,186,118,14333,5158,4153,640,1534,92,13332,20146,236,-1198,1001,20659
2026-08-08 12:29:44,14070,189,118,14376,5163,4134,640,1532,92,13268,20158,274,-1161,1108,20659
2026-08-08 13:00:51,14092,188,118,14397,5175,4140,636,1679,92,13396,20168,299,-1118,1001,20659
2026-08-08 13:29:43,14164,185,118,14467,5199,4177,628,2046,92,13813,20186,361,-1127,654,20659
2026-08-08 14:00:47,14120,188,118,14426,5191,4184,621,2006,91,13713,20200,382,-1099,712,20659
2026-08-08 14:29:42,14134,186,118,14438,5224,4161,620,1864,82,13583,20198,341,-1036,855,20659
2026-08-08 15:00:56,14081,185,118,14384,5228,4147,616,1874,82,13631,20192,295,-1066,754,20659
2026-08-08 15:29:43,14194,188,118,14500,5223,4158,615,1882,66,13544,20202,352,-1034,956,20659
2026-08-08 16:00:57,14123,160,98,14381,5236,4172,614,1885,90,13630,20224,466,-1038,750,20659
2026-08-08 16:29:43,14184,155,99,14438,5256,4176,614,1913,77,13668,20236,467,-1038,770,20659
2026-08-08 17:01:12,13851,158,98,14108,5215,4187,626,902,85,12660,20235,401,-1037,1448,20659
2026-08-08 17:29:45,13830,158,98,14085,5269,4192,624,2143,92,13980,20251,386,-1039,104,20659
2026-08-08 18:00:48,13873,157,98,14130,5291,4215,622,2181,87,14028,20255,329,-1040,102,20659
2026-08-08 18:29:46,13844,162,98,14103,5274,4216,624,2168,86,14028,20254,332,-1041,76,20659
2026-08-08 19:00:51,13642,161,80,13880,5277,4225,627,2145,85,14008,20253,366,-1039,-127,20659
2026-08-08 19:29:52,13502,160,80,13742,5280,4220,639,2167,106,14058,20251,295,-1043,-316,20659
2026-08-08 20:00:49,13717,155,80,13954,5259,4223,644,2148,93,14016,20249,153,-1044,-61,20659
2026-08-08 20:29:51,13756,156,80,13992,5216,4216,648,2106,93,13943,20243,44,-1047,50,20659
2026-08-08 21:00:53,13762,161,80,14001,5197,4224,649,2103,93,13915,20236,3,-1047,86,20659
2026-08-08 21:29:51,13740,158,80,13977,5258,4233,655,2072,93,13990,20237,-83,-1049,-12,20659
2026-08-08 22:00:56,13806,117,80,14003,5222,4244,659,2171,94,14017,20232,-137,-1050,-15,20659
2026-08-08 22:29:44,13827,118,80,14025,5270,4250,666,2187,94,14126,20228,-156,-1049,-100,20659
2026-08-08 23:00:47,13874,92,80,14046,5211,4248,665,2183,94,14073,20222,-189,-1049,-26,20659
2026-08-08 23:29:50,13906,89,80,14075,5275,4256,670,2182,87,14115,20214,-221,-1042,-40,20659
2026-08-09 00:00:50,13944,95,80,14118,5259,4258,674,2162,84,14123,20209,-240,-1048,-5,20659
2026-08-09 00:29:43,13892,99,80,14071,5239,4268,674,2186,86,14122,20204,-237,-1054,-50,20659
2026-08-09 01:00:50,13942,93,80,14115,5218,4278,675,2188,87,14130,20197,-230,-1059,-15,20659
2026-08-09 01:29:42,13993,93,80,14165,5172,4285,677,2162,90,14068,20195,-251,-1054,98,20659
2026-08-09 02:00:50,14013,93,80,14185,5223,4290,683,2061,86,13997,20196,-220,-1056,188,20659
2026-08-09 02:29:43,13994,92,80,14166,5220,4288,684,2052,86,13996,20196,-192,-1051,170,20659
2026-08-09 03:00:47,14048,92,80,14220,5195,4300,676,2042,87,13992,20200,-129,-1050,229,20659
2026-08-09 03:29:43,14056,96,80,14232,5216,4321,680,2107,86,14070,20198,-97,-1049,162,20659
2026-08-09 04:00:50,14076,92,80,14249,5222,4316,680,2104,87,14076,20198,-64,-1051,172,20659
2026-08-09 04:29:42,14088,94,64,14246,5218,4302,675,2089,87,14041,20201,-19,-1058,205,20659
2026-08-09 05:01:01,14116,92,63,14271,5218,4222,668,2095,87,13972,20205,44,-1056,300,20659
2026-08-09 05:29:42,14162,93,64,14318,5237,4233,671,2090,87,13994,20210,86,-1055,325,20659
2026-08-09 06:01:08,14131,127,64,14328,5226,4255,670,1941,80,13882,20219,141,-1059,447,20659
2026-08-09 06:29:46,14099,82,64,14245,5228,4309,665,1813,85,13783,20218,134,-1053,462,20659
2026-08-09 07:00:52,14064,76,63,14214,5241,4278,722,1785,87,13801,20210,56,-1049,413,20659
2026-08-09 07:29:46,14075,82,64,14221,5246,4352,723,1776,88,13854,20211,75,-1043,367,20659
2026-08-09 08:00:48,14091,106,63,14256,5153,4395,724,687,90,12702,20227,174,-1041,1554,20659
2026-08-09 08:29:43,14186,112,63,14362,5183,4413,716,1030,87,13126,20239,233,-1067,1236,20659
2026-08-09 09:00:47,14102,99,61,14260,5159,4381,727,1155,86,13213,20259,328,-1084,1047,20659
2026-08-09 09:29:45,13831,77,65,13973,5193,4248,735,1885,76,13962,20262,315,-1221,11,20659
2026-08-09 10:00:50,14119,124,64,14311,5173,4100,724,1770,84,13807,20234,91,-1341,504,20659
2026-08-09 10:29:43,14048,132,64,14244,5187,3695,667,2188,86,13830,20231,78,-1382,413,20659
2026-08-09 11:00:49,14015,134,64,14213,5210,3630,628,2307,88,13790,20234,145,-1319,423,20659
2026-08-09 11:29:44,14077,132,64,14272,5209,3854,616,2312,88,14124,20236,155,-1446,148,20659
2026-08-09 12:00:52,14178,133,62,14372,5181,4291,637,2219,86,14460,20235,46,-1446,-88,20659
2026-08-09 12:29:43,14194,153,64,14410,5150,4187,692,2119,86,14270,20216,-137,-1419,141,20659
2026-08-09 13:00:54,14258,150,63,14473,5158,4260,700,2080,84,14325,20201,-349,-1417,148,20659
2026-08-09 13:29:44,13821,152,64,14037,5185,4262,700,2093,85,14337,20191,-427,-1393,-300,20659
2026-08-09 14:00:54,13852,157,65,14073,5188,4258,694,2046,89,14274,20183,-307,-1411,-201,20659
2026-08-09 14:29:42,13914,154,65,14133,5224,4230,700,2034,85,14243,20172,-356,-1349,-110,20659
2026-08-09 15:00:54,13923,152,65,14139,5237,4225,692,2041,85,14252,20160,-445,-1333,-113,20659
2026-08-09 15:29:43,13782,154,64,14000,5212,4154,694,2098,86,14118,20156,-484,-1258,-117,20659
2026-08-09 16:00:53,13895,154,78,14127,5122,4166,691,1041,86,12737,20156,-475,-1254,1390,20659
2026-08-09 16:29:42,14031,149,80,14259,5301,4185,694,2247,87,14379,20152,-386,-1250,-120,20659
2026-08-09 17:00:55,14027,151,79,14257,5387,4195,686,2218,85,14275,20136,-388,-1150,-18,20659
2026-08-09 17:29:45,13919,151,80,14150,5303,4215,668,2172,86,14282,20138,-320,-1225,-132,20659
2026-08-09 18:00:48,13916,157,78,14150,5259,4212,676,2136,86,14237,20130,-316,-1242,-87,20659
2026-08-09 18:29:46,13933,151,79,14163,5275,4208,680,2128,85,14243,20123,-290,-1243,-80,20659
2026-08-09 19:00:50,13974,156,78,14209,5230,4210,681,2120,85,14198,20116,-260,-1241,11,20659
2026-08-09 19:29:50,13888,155,78,14121,5222,4210,678,2117,86,14168,20111,-270,-1241,-47,20659
2026-08-09 20:00:55,13837,151,80,14068,5265,4216,689,2163,85,14293,20106,-300,-1246,-225,20659
2026-08-09 20:30:02,13759,156,78,13993,5275,4218,684,2171,96,14321,20101,-305,-1245,-329,20659
2026-08-09 21:00:48,13995,154,74,14223,5321,4233,691,2169,84,14333,20096,-242,-1246,-110,20659
2026-08-09 21:29:54,14040,152,74,14266,5234,4231,697,2234,80,14331,20092,-270,-1237,-65,20659
2026-08-09 22:00:52,14101,154,74,14328,5188,4228,700,2208,84,14294,20089,-247,-1238,34,20659
2026-08-09 22:29:42,14136,156,74,14366,5296,4236,702,2211,85,14410,20087,-217,-1238,-44,20659
2026-08-09 23:00:48,14177,155,74,14408,5267,4240,705,2208,83,14378,20085,-189,-1241,30,20659
2026-08-09 23:29:43,14228,156,73,14457,5280,4246,708,2168,87,14378,20082,-171,-1240,79,20659
2026-08-10 00:00:50,14149,158,74,14379,5266,4278,710,2175,89,14322,20079,-160,-1151,58,20659
2026-08-10 00:29:43,14094,159,73,14326,5310,4276,710,2163,85,14412,20076,-153,-1237,-86,20659
2026-08-10 01:00:50,14117,157,73,14348,5304,4275,713,2129,86,14379,20086,-62,-1238,-31,20659
2026-08-10 01:29:42,14231,156,75,14462,5278,4278,713,2124,88,14371,20071,-128,-1240,90,20659
2026-08-10 02:00:49,14328,154,73,14556,5269,4283,708,2123,86,14333,20066,-137,-1235,224,20659
2026-08-10 02:29:43,14331,155,73,14559,5269,4283,709,2117,85,14335,20067,-123,-1238,224,20659
2026-08-10 03:00:48,14293,157,73,14523,5266,4290,709,2089,87,14294,20067,-107,-1235,228,20659
2026-08-10 03:29:42,14339,156,73,14568,5263,4294,709,2070,88,14293,20068,-84,-1239,275,20659
2026-08-10 04:00:47,14277,158,73,14508,5228,4305,707,2074,86,14266,20070,-53,-1241,242,20659
2026-08-10 04:29:48,14182,156,74,14412,5231,4330,710,2079,85,14313,20070,-33,-1242,99,20659
2026-08-10 05:00:54,14150,168,74,14393,5250,4330,707,2081,86,14337,20068,-106,-1239,56,20659
2026-08-10 05:29:43,14181,167,74,14422,5199,4326,697,2085,86,14278,20066,-31,-1240,143,20659
2026-08-10 06:00:53,14054,168,74,14296,5205,4331,703,2088,86,14304,20065,-9,-1241,-8,20659
2026-08-10 06:29:45,13989,170,74,14233,5211,4326,700,2121,114,14370,20062,-27,-1259,-137,20659
2026-08-10 07:00:54,13971,168,74,14213,5249,4337,658,2108,102,14331,20055,-72,-1258,-117,20659
2026-08-10 07:29:45,14069,170,73,14312,5221,4342,656,2083,103,14304,20046,-136,-1278,8,20659
2026-08-10 08:00:46,14160,173,74,14408,5231,4346,651,2078,104,14354,20037,-202,-1348,54,20659
2026-08-10 08:29:42,13865,172,75,14108,5250,4341,647,2094,101,14397,20022,-288,-1349,-289,20659
2026-08-10 09:00:47,13864,170,72,14106,5254,4338,652,2075,103,14377,20017,-309,-1348,-271,20659
2026-08-10 09:29:45,13653,0,172,13825,5195,4331,663,2067,73,14064,20008,-346,-1101,-239,20659
2026-08-10 10:00:49,13509,0,173,13682,5226,4194,656,2064,70,13972,20001,-384,-1106,-290,20659
2026-08-10 10:29:45,13206,0,192,13398,5189,4166,660,2049,68,13798,19992,-423,-1048,-400,20659
2026-08-10 11:00:52,13024,0,193,13217,5156,4187,690,1924,69,13700,19972,-498,-1053,-483,20659
2026-08-10 11:29:41,13172,0,193,13365,5150,4142,682,1897,67,13625,19964,-486,-1060,-260,20659
2026-08-10 12:00:56,13382,0,195,13576,5170,4143,688,1906,69,13654,19981,-333,-1061,-78,20659
2026-08-10 12:29:42,13574,0,175,13749,5206,4148,687,1887,72,13668,19983,-238,-1059,81,20659
2026-08-10 13:00:52,13480,0,176,13655,5212,4153,688,1880,68,13664,19978,-229,-1056,-9,20659
2026-08-10 13:29:43,13560,0,193,13752,5161,4149,678,1884,70,13616,19979,-176,-1039,136,20659
2026-08-10 14:00:53,13385,0,193,13578,5147,4175,665,1897,72,13599,19975,-154,-1042,-21,20659
2026-08-10 14:29:43,13479,0,194,13673,5235,4191,654,1891,71,13729,19965,-160,-1073,-56,20659
2026-08-10 15:00:52,13478,0,195,13673,5263,4174,677,1888,71,13668,19953,-116,-1023,6,20659
2026-08-10 15:29:45,13527,0,196,13723,5230,4208,676,1890,71,13701,19948,-102,-1003,22,20659
2026-08-10 16:00:47,13732,0,42,13813,5228,4206,672,1876,72,13670,19949,-191,-1001,144,20659
2026-08-10 16:29:44,13603,0,38,13641,5280,4199,672,1787,72,13650,19952,-184,-1002,-8,20659
2026-08-10 17:00:59,13582,225,38,13845,5208,4218,670,1196,72,12966,19947,-190,-992,879,20659
2026-08-10 17:29:47,13766,220,56,14043,5178,4212,670,122,74,11870,19950,-170,-977,2173,20659
2026-08-10 18:00:50,13757,221,56,14032,5119,4212,672,70,72,11746,19988,76,-976,2287,20659
2026-08-10 18:29:51,13726,219,68,14013,5180,4201,676,1184,72,12892,20029,384,-974,1121,20659
2026-08-10 19:00:54,13762,220,68,14049,5212,4228,682,1168,71,12955,20058,629,-977,1094,20659
2026-08-10 19:29:43,13797,216,68,14080,5201,4216,684,1158,72,12931,20082,809,-981,1148,20659
2026-08-10 20:00:57,13843,225,68,14138,5157,4225,691,1183,72,12919,20112,978,-980,1219,20659
2026-08-10 20:29:48,13864,234,68,14166,5153,4230,695,1214,72,12970,20146,1166,-981,1196,20659
2026-08-10 21:00:52,13817,237,68,14120,5239,4236,695,1946,89,13810,20172,1353,-977,310,20659
2026-08-10 21:29:57,13873,233,68,14210,5419,4238,696,2067,90,14026,20180,1376,-856,184,20659
2026-08-10 22:00:55,13892,233,68,14227,5234,4243,699,2250,91,14029,20191,1226,-863,198,20659
2026-08-10 22:29:44,13923,232,68,14257,5239,4248,700,2254,87,14046,20201,1033,-860,211,20659
2026-08-10 23:00:47,13966,234,68,14306,5250,4251,700,2382,91,14196,20203,875,-859,110,20659
2026-08-10 23:29:42,14035,233,68,14372,5260,4249,704,2404,90,14224,20208,751,-859,148,20659
2026-08-11 00:00:48,13987,256,68,14311,5272,4228,707,2378,90,14263,20209,584,-951,48,20659
2026-08-11 00:29:43,14036,256,30,14323,5278,4236,714,2382,90,14282,20211,390,-953,42,20659
2026-08-11 01:00:47,14078,256,30,14364,5264,4258,707,2385,90,14294,20215,256,-955,70,20659
2026-08-11 01:29:45,13963,252,21,14236,5252,4231,707,2396,90,14267,20214,206,-960,-31,20659
2026-08-11 02:00:48,13978,255,17,14250,5261,4219,716,2390,90,14245,20218,159,-954,5,20659
2026-08-11 02:29:42,14102,254,17,14373,5232,4228,716,2417,90,14263,20219,108,-945,109,20659
2026-08-11 03:00:47,13951,255,16,14222,5248,4225,720,2430,90,14303,20224,127,-948,-81,20659
2026-08-11 03:29:42,13940,256,16,14212,5230,4226,715,2425,90,14266,20225,102,-947,-54,20659
2026-08-11 04:00:48,13901,255,15,14171,5251,4205,728,2425,89,14288,20225,94,-949,-117,20659
2026-08-11 04:29:45,13992,252,14,14259,5242,4206,731,2425,90,14285,20226,90,-948,-26,20659
2026-08-11 05:00:46,13947,256,14,14215,5227,4207,730,2442,90,14313,20229,85,-978,-98,20659
2026-08-11 05:29:41,13960,256,14,14229,5243,4203,728,2430,81,14289,20228,83,-975,-60,20659
2026-08-11 06:00:52,13983,253,13,14250,5277,4196,726,2429,79,14264,20230,72,-933,-14,20659
2026-08-11 06:29:44,13946,254,13,14213,5265,4185,731,2429,81,14264,20228,54,-930,-51,20659
2026-08-11 07:00:55,14028,252,12,14293,5343,4081,757,2437,64,14003,20226,10,-921,290,20659
2026-08-11 07:29:47,13960,259,12,14231,5320,4176,743,2433,80,14297,20222,-18,-917,-66,20659
2026-08-11 08:00:48,13947,252,12,14212,5310,4309,734,2443,78,14423,20216,-54,-914,-212,20659
2026-08-11 08:29:46,13814,255,96,14166,5335,4268,734,2434,79,14398,20216,-62,-912,-233,20659
2026-08-11 09:00:49,13613,364,98,14003,5284,4239,733,2417,80,14331,20203,-152,-921,-328,20659
2026-08-11 09:29:45,13642,0,98,13740,5193,4232,733,2410,123,14310,20188,-239,-941,-570,20659
2026-08-11 10:00:48,13711,0,192,13904,5257,4186,730,2394,135,14300,20164,-397,-946,-396,20659
2026-08-11 10:29:43,13521,0,237,13758,5253,4159,732,2351,158,14126,20148,-483,-845,-368,20659
2026-08-11 11:00:55,13649,0,204,13850,5258,4142,732,2202,136,13954,20135,-546,-864,-104,20659
2026-08-11 11:29:58,13614,0,167,13796,5262,4143,728,2094,135,13912,20129,-558,-870,-117,20659
2026-08-11 12:00:54,13607,0,184,13791,5268,4129,727,1962,136,13769,20110,-636,-877,22,20659
2026-08-11 12:29:44,13548,0,184,13732,5282,4117,728,2067,120,13868,20101,-689,-878,-137,20659
2026-08-11 13:00:49,13594,0,184,13778,5317,4172,726,2065,111,13937,20095,-651,-877,-159,20659
2026-08-11 13:29:44,13573,0,185,13758,5262,2206,725,2087,112,11934,20097,-545,-881,1825,20659
2026-08-11 14:00:51,13688,0,186,13874,5296,4098,725,2080,114,13851,20076,-523,-892,23,20659
2026-08-11 14:29:43,13725,0,185,13910,5276,4142,725,2094,111,13850,20074,-445,-891,60,20659
2026-08-11 15:00:49,13602,0,184,13786,5349,4165,728,2102,113,13891,20069,-396,-891,-105,20659
2026-08-11 15:29:43,13636,0,185,13821,5251,4158,724,2108,113,13908,20059,-418,-889,-88,20659
2026-08-11 16:00:47,13705,294,145,14145,5239,4160,722,2126,118,13901,20059,-303,-888,244,20659
2026-08-11 16:29:43,13702,295,0,13997,5231,4158,724,2157,115,13902,20074,-161,-881,95,20659
2026-08-11 17:00:45,13804,241,0,14045,5252,4205,722,2176,112,13955,20072,-140,-839,91,20659
2026-08-11 17:29:42,13968,243,0,14210,5244,4192,723,2175,113,13937,20079,-110,-828,273,20659
2026-08-11 18:00:52,13956,262,0,14217,5281,4201,725,2184,112,14000,20091,86,-840,217,20659
2026-08-11 18:29:51,13907,262,0,14169,5257,4209,721,2174,112,13983,20083,57,-840,186,20659
2026-08-11 19:00:57,13889,268,0,14157,5268,4222,717,2174,114,13993,20082,76,-842,163,20659
2026-08-11 19:29:44,13869,266,0,14136,5260,4230,716,2178,117,13997,20085,158,-838,138,20659
2026-08-11 20:00:51,13941,267,0,14208,5258,4292,716,2205,115,14082,20090,183,-840,125,20659
2026-08-11 20:29:46,13882,265,0,14147,5258,4296,719,2226,113,14122,20097,138,-840,25,20659
2026-08-11 21:00:51,13844,263,0,14107,5320,4290,722,2213,112,14174,20103,190,-835,-68,20659
2026-08-11 21:30:07,13961,262,0,14224,5321,4316,724,2227,111,14202,20107,167,-838,22,20659
2026-08-11 22:00:48,13986,262,0,14248,5262,4302,730,2228,112,14164,20106,95,-839,84,20659
2026-08-11 22:29:44,14028,262,0,14290,5302,4308,728,2231,114,14182,20106,136,-840,107,20659
2026-08-11 23:00:45,14061,262,0,14323,5313,4307,737,2236,110,14207,20108,158,-844,116,20659
2026-08-11 23:29:43,14068,261,0,14329,5302,4305,729,2237,105,14185,20115,181,-841,144,20659
2026-08-12 00:00:48,14044,262,0,14308,5275,4313,720,2241,118,14211,20112,134,-844,97,20659
2026-08-12 00:29:50,14079,264,0,14343,5339,4311,719,2243,112,14221,20117,119,-844,123,20659
2026-08-12 01:00:48,14068,297,0,14364,5248,4292,722,2245,110,14173,20124,124,-840,191,20659
2026-08-12 01:29:44,14066,298,0,14363,5312,4294,723,2243,114,14202,20127,119,-839,161,20659
2026-08-12 02:00:50,13956,416,0,14370,5303,4298,729,2246,111,14210,20131,146,-841,160,20659
2026-08-12 02:29:43,13970,407,0,14376,5266,4306,731,2239,113,14182,20134,168,-842,194,20659
2026-08-12 03:00:47,14000,404,0,14401,5323,4328,730,2239,114,14229,20143,211,-832,173,20659
2026-08-12 03:29:44,13944,411,0,14355,5328,4338,727,2243,111,14262,20149,201,-834,93,20659
2026-08-12 04:00:52,13913,405,0,14322,5290,4346,724,2245,114,14231,20154,251,-835,92,20659
2026-08-12 04:29:43,13937,403,0,14340,5320,4344,728,2246,114,14246,20157,242,-838,95,20659
2026-08-12 05:00:49,13944,410,0,14354,5248,4356,722,2249,113,14208,20163,233,-840,146,20659
2026-08-12 05:29:42,13980,390,0,14370,5255,4294,723,2248,113,14130,20168,251,-838,241,20659
2026-08-12 06:00:49,13958,404,0,14364,5254,4312,725,2260,113,14182,20174,262,-839,181,20659
2026-08-12 06:29:46,13970,404,0,14376,5320,4310,724,2264,113,14233,20174,238,-840,142,20659
2026-08-12 07:00:51,13968,404,0,14374,5328,4311,724,2268,80,14156,20172,171,-779,218,20659
2026-08-12 07:29:48,13969,405,0,14376,5315,4302,724,2266,82,14201,20171,132,-842,175,20659
2026-08-12 08:00:53,14039,402,0,14444,5339,4291,725,2265,78,14211,20169,89,-839,232,20659
2026-08-12 08:29:44,13960,406,0,14367,5355,4288,722,2258,78,14151,20164,39,-804,216,20659
2026-08-12 09:00:47,13996,404,0,14403,5340,4279,722,2273,92,14166,20160,-16,-826,237,20659
2026-08-12 09:29:44,13640,409,0,14097,5290,4272,722,2268,219,14115,20158,-62,-626,-18,20659
2026-08-12 10:00:50,13784,288,0,14129,5310,4282,732,2266,216,14153,20149,-155,-634,-24,20659
2026-08-12 10:29:42,13648,290,28,14076,5241,4247,733,2271,214,14100,20138,-216,-576,-24,20659
2026-08-12 11:00:48,13584,284,27,14065,5278,4198,731,2273,223,14035,20129,-254,-533,18,20659
2026-08-12 11:29:43,13703,291,27,14175,5280,4192,732,2288,219,13966,20119,-310,-431,208,20659
2026-08-12 12:00:47,13889,289,26,14357,5309,4191,729,2299,207,13946,20111,-348,-434,411,20659
2026-08-12 12:29:43,13932,282,50,14417,5345,4179,729,2370,224,14114,20106,-345,-432,302,20659
2026-08-12 13:00:49,14006,281,50,14489,5324,4176,724,2389,212,14123,20105,-330,-431,367,20659
2026-08-12 13:29:44,14123,289,50,14614,5424,4172,732,2399,178,14104,20104,-324,-432,510,20659
2026-08-12 14:00:48,14186,290,50,14678,5349,4177,725,2427,221,14176,20104,-267,-439,502,20659
2026-08-12 14:29:45,14125,290,49,14616,5350,4172,722,2418,298,14147,20106,-191,-437,469,20659
2026-08-12 15:00:49,14166,287,49,14653,5379,4169,724,2932,220,14671,20100,-172,-416,-18,20659
2026-08-12 15:29:43,14024,289,49,14390,5324,4170,731,2788,220,14400,20096,-135,-460,-10,20659
2026-08-12 16:00:48,14252,287,50,14742,5388,4155,727,2718,220,14363,20089,-132,-328,379,20659
2026-08-12 16:29:43,14097,300,71,14578,5379,4156,729,2701,219,14346,20086,-122,-372,231,20659
2026-08-12 17:00:46,13908,294,71,14376,5411,4163,736,2680,223,14359,20080,-149,-379,17,20659
2026-08-12 17:29:43,13907,290,71,14370,5259,4170,732,2679,200,14200,20076,-169,-378,170,20659
2026-08-12 18:00:59,13900,263,71,14384,5304,4181,726,2719,196,14288,20066,-231,-378,95,20659
2026-08-12 18:29:44,13999,316,70,14487,5302,4177,728,2739,197,14304,20063,-259,-377,183,20659
2026-08-12 19:00:48,13951,274,69,14410,5382,4194,722,2731,201,14378,20065,-213,-375,32,20659
2026-08-12 19:29:45,13759,266,71,14196,5338,4188,738,2737,195,14338,20060,-221,-373,-141,20659
2026-08-12 20:00:49,13847,310,70,14345,5341,4188,743,2730,200,14414,20054,-209,-376,-68,20659
2026-08-12 20:29:45,13854,279,70,14309,5323,4198,738,2720,194,14336,20054,-191,-374,-27,20659
2026-08-12 21:00:47,13989,314,70,14475,5358,4202,741,2716,194,14376,20045,-214,-373,99,20659
2026-08-12 21:29:44,14128,281,70,14581,5455,4212,740,2710,194,14460,20037,-234,-373,121,20659
2026-08-12 22:00:49,14024,264,77,14522,5418,4220,740,2704,195,14450,20030,-211,-370,72,20659
2026-08-12 22:29:44,14160,320,79,14663,5413,4217,739,2687,196,14407,20020,-254,-371,255,20659
2026-08-12 23:00:53,14108,265,79,14608,5423,4230,732,2696,197,14431,20016,-291,-368,177,20659
2026-08-12 23:29:42,14276,313,79,14773,5412,4225,734,2689,190,14418,20015,-269,-370,355,20659
2026-08-13 00:00:50,14248,266,79,14731,5423,4230,736,2690,197,14437,20016,-230,-372,294,20659
2026-08-13 00:29:42,14352,280,80,14817,5362,4235,742,2687,198,14377,20016,-231,-371,440,20659
2026-08-13 01:00:45,14263,271,81,14760,5447,4243,736,2687,186,14379,19995,-294,-370,381,20659
2026-08-13 01:29:42,14240,268,81,14693,5377,4240,736,2683,196,14386,20013,-145,-372,306,20659
2026-08-13 02:00:47,14310,288,81,14804,5360,4240,743,2687,197,14384,20015,-95,-369,420,20659
2026-08-13 02:29:42,14362,269,81,14817,5341,4234,735,2677,196,14334,20015,-33,-368,483,20659
2026-08-13 03:00:47,14301,316,81,14777,5320,4237,728,2686,197,14339,20018,8,-372,438,20659
2026-08-13 03:29:43,14229,280,82,14694,5290,4235,722,2683,191,14288,20019,24,-372,406,20659
2026-08-13 04:00:55,14310,307,81,14810,5323,4224,726,2684,197,14301,20020,23,-370,509,20659
2026-08-13 04:29:44,14247,307,81,14738,5346,4208,736,2677,194,14321,20023,43,-372,417,20659
2026-08-13 05:00:45,14218,314,81,14664,5344,4231,736,2682,194,14333,20023,168,-372,331,20659
2026-08-13 05:29:42,14205,311,81,14701,5348,4226,702,2680,186,14304,20024,65,-370,397,20659
2026-08-13 06:00:46,14303,296,81,14783,5318,4233,705,2678,196,14294,20030,90,-368,489,20659
2026-08-13 06:29:46,14290,319,81,14795,5335,4237,701,2687,190,14302,20031,98,-368,493,20659
2026-08-13 07:00:49,14283,272,81,14746,5372,4239,696,2688,193,14348,20029,71,-367,398,20659
2026-08-13 07:29:48,14219,316,81,14717,5385,4228,688,2686,194,14318,20025,37,-370,399,20659
2026-08-13 08:00:50,14105,296,80,14582,5392,4152,700,2694,194,14256,20026,39,-372,327,20659
2026-08-13 08:29:47,14088,316,81,14587,5373,4063,704,2698,195,14172,20020,-17,-370,414,20659
2026-08-13 09:00:53,14437,284,83,15037,5299,4076,692,2693,188,14243,20006,-106,-291,794,20659
2026-08-13 09:29:44,14256,251,87,14796,5296,4072,626,2706,194,14054,20002,-128,-294,742,20659
2026-08-13 10:00:54,14095,256,86,14662,5321,3969,710,2709,195,14076,19989,-245,-272,586,20659
2026-08-13 10:29:44,14184,250,84,14763,5192,4060,700,2708,187,13988,19977,-326,-232,774,20659
2026-08-13 11:00:48,14266,251,84,14910,5169,4068,691,2884,191,14254,19972,-345,-254,656,20659
2026-08-13 11:29:45,14255,251,82,14898,5183,4115,673,2833,197,14227,19964,-367,-247,671,20659
2026-08-13 12:00:48,14375,248,82,15012,5135,4118,671,2875,195,14221,19962,-382,-250,791,20659
2026-08-13 12:29:43,14464,253,81,15144,5154,4122,672,2878,195,14263,19968,-312,-210,881,20659
2026-08-13 13:00:52,14527,253,81,15203,5119,4122,684,2894,193,14251,19968,-224,-218,952,20659
2026-08-13 13:29:44,14518,257,82,15198,5122,4121,682,2891,195,14240,19970,-198,-217,958,20659
2026-08-13 14:00:47,14600,255,81,15303,5116,4127,684,2883,197,14163,19973,-95,-120,1140,20659
2026-08-13 14:29:47,14594,255,81,15310,5095,4117,685,2855,193,14094,19976,-4,-100,1216,20659
2026-08-13 15:00:47,14388,387,115,15289,5059,4123,692,2847,245,14096,19980,46,-17,1193,20659
2026-08-13 15:29:44,14623,389,115,15506,5140,4130,703,2836,198,14075,19998,208,-17,1431,20659
2026-08-13 16:00:49,14633,391,73,15457,5155,4136,698,2831,160,14068,20001,231,-23,1389,20659
2026-08-13 16:29:44,14720,393,94,15614,5145,4137,692,2826,219,14113,19931,-224,-6,1501,20659
2026-08-13 17:00:50,14518,378,125,15421,5146,4130,691,2820,121,13998,19954,-88,-1,1423,20659
2026-08-13 17:29:43,14727,382,102,15607,5133,4146,691,2634,122,13803,19994,148,1,1804,20659
2026-08-13 18:00:51,14777,378,125,15679,5118,4151,692,2714,212,13958,20034,362,-6,1721,20659
2026-08-13 18:29:47,14744,395,125,15652,5194,4130,693,2723,215,14027,20044,408,-12,1625,20659
2026-08-13 19:00:53,14805,386,124,15708,5180,4132,695,2679,188,13963,20063,499,-7,1745,20659
2026-08-13 19:29:53,14612,372,125,15485,5183,4138,696,2694,166,13963,20086,526,-22,1523,20659
2026-08-13 20:00:59,14553,378,125,15422,5166,4141,694,2655,165,13912,20108,640,-35,1510,20659
2026-08-13 20:29:55,14549,382,125,15422,5163,4132,698,2669,163,13915,20123,1153,-36,1506,20659
2026-08-13 21:00:54,14682,392,124,15563,5170,4136,699,2686,166,13953,20141,1122,-38,1610,20659
2026-08-13 21:30:03,14685,385,125,15561,5244,4137,702,2691,108,13968,20162,1004,-38,1593,20659
2026-08-13 22:00:57,14621,392,125,15504,5178,4138,705,2697,168,13984,20181,887,-39,1520,20659
2026-08-13 22:29:41,14668,338,124,15495,5204,4114,705,2707,163,13980,20196,914,-39,1514,20659
2026-08-13 23:00:51,14663,272,124,15403,5179,4119,702,2707,164,13974,20217,924,-39,1429,20659
2026-08-13 23:29:43,14639,246,124,15376,5200,4122,705,2710,165,13987,20233,881,-39,1389,20659
2026-08-14 00:00:45,14583,283,124,15353,5162,4121,705,2712,165,13948,20247,836,-41,1404,20659
2026-08-14 00:29:43,14571,270,124,15330,5214,4123,704,2711,165,14028,20258,813,-64,1302,20659
2026-08-14 01:00:46,14549,273,124,15315,5202,4119,706,2707,166,14012,20272,786,-72,1303,20659
2026-08-14 01:29:45,14609,250,125,15346,5180,4122,705,2710,167,13996,20285,734,-61,1350,20659
2026-08-14 02:00:50,14466,270,124,15224,5236,4044,686,2716,167,13940,20299,707,-62,1284,20659
2026-08-14 02:29:45,14571,267,125,15326,5233,4160,683,2712,168,14047,20311,685,-53,1280,20659
2026-08-14 03:00:54,14644,194,125,15312,5225,4211,698,2715,168,14103,20322,632,-50,1209,20659
2026-08-14 03:29:43,14668,195,125,15350,5224,4156,693,2714,168,14051,20336,618,-51,1299,20659
2026-08-14 04:00:49,14691,187,124,15381,5278,4114,691,2719,168,14066,20353,636,-51,1315,20659
2026-08-14 04:29:44,14676,187,124,15349,5247,3997,682,2720,167,13895,20366,647,-48,1453,20659
2026-08-14 05:00:50,14636,199,125,15306,5264,4154,693,2719,167,14078,20380,646,-54,1228,20659
2026-08-14 05:29:43,14615,202,125,15300,5282,4130,694,2720,168,14088,20389,624,-54,1212,20659
2026-08-14 06:00:49,14587,196,125,15271,5273,4130,692,2720,167,14081,20395,578,-56,1190,20659
2026-08-14 06:29:45,14549,194,124,15225,5283,4137,691,2719,167,14070,20401,539,-57,1154,20659
2026-08-14 07:00:51,14520,181,124,15178,5272,4119,692,2720,167,14067,20401,472,-67,1111,20659
2026-08-14 07:29:45,14526,204,125,15206,5286,4032,689,3028,167,13986,20395,356,-72,1220,20659
2026-08-14 08:00:52,14523,182,124,15180,5334,4091,687,2727,167,14086,20390,224,-81,1093,20659
2026-08-14 08:29:44,14514,188,124,15172,5311,4045,682,2543,167,14030,20390,141,-267,1141,20659
2026-08-14 09:00:52,14398,204,124,14931,5302,4011,677,2353,167,13910,20383,19,-500,1021,20659
2026-08-14 09:29:45,13853,209,105,14167,5297,4087,674,1931,85,13511,20374,-87,-789,657,20659
2026-08-14 10:00:51,13759,212,99,14069,5289,4045,674,2046,50,13670,20366,-178,-934,400,20659
2026-08-14 10:29:43,13695,226,99,14020,5317,4071,661,2066,50,13786,20354,-280,-970,234,20659
2026-08-14 11:00:51,13760,242,99,14101,5274,4086,658,2091,49,13771,20341,-361,-966,331,20659
2026-08-14 11:29:46,13839,235,98,14172,5286,4083,652,2220,36,13900,20329,-399,-967,272,20659
2026-08-14 12:00:49,13890,246,82,14214,5230,4075,652,2249,53,13892,20287,-621,-965,322,20659
2026-08-14 12:29:44,13672,228,88,13987,5262,4071,651,2241,52,13895,20270,-718,-962,92,20659
2026-08-14 13:00:51,13953,246,80,14279,5264,4071,650,2183,51,13758,20262,-727,-908,521,20659
2026-08-14 13:29:42,13974,244,79,14298,5286,4065,654,2227,50,13848,20260,-686,-913,449,20659
2026-08-14 14:00:46,13841,256,79,14176,5279,4109,658,2226,48,14004,20255,-666,-1054,172,20659
2026-08-14 14:29:42,13977,263,79,14320,5307,4071,656,2239,46,14033,20238,-695,-1059,287,20659
2026-08-14 15:00:54,13998,265,80,14343,5268,4062,653,2228,44,13994,20224,-703,-1063,349,20659
2026-08-14 15:29:45,14076,264,80,14420,5317,4072,652,2226,44,14085,20217,-668,-1113,336,20659
2026-08-14 16:00:51,14033,271,80,14389,5291,4072,656,2228,43,14053,20214,-435,-1112,336,20659
2026-08-14 16:29:45,14190,286,79,14556,5244,4038,655,2200,42,13976,20214,-335,-1115,579,20659
2026-08-14 17:00:53,14107,295,80,14482,5282,4035,659,2192,42,13971,20214,-288,-1114,511,20659
2026-08-14 17:29:44,14149,294,79,14523,5281,4042,657,2190,42,13981,20215,-269,-1116,542,20659
2026-08-14 18:00:54,14115,295,79,14489,5242,4079,653,2166,42,13957,20222,-200,-1119,532,20659
2026-08-14 18:29:47,14418,291,81,14790,5264,4088,662,2116,47,13940,20231,-40,-1114,849,20659
2026-08-14 19:00:58,14490,293,79,14864,5294,4105,656,2136,49,14025,20242,113,-1115,839,20659
2026-08-14 19:29:51,14478,292,79,14848,5299,4101,669,2129,50,14027,20253,212,-1115,821,20659
2026-08-14 20:00:55,14360,293,80,14730,5270,4103,672,2087,55,13969,20264,300,-1117,761,20659
2026-08-14 20:29:51,13682,300,80,14061,5269,4110,675,2110,48,13980,20271,341,-1120,82,20659
2026-08-14 21:00:50,13648,294,79,14024,5294,4106,678,2118,46,14021,20270,336,-1118,3,20659
2026-08-14 21:29:49,13709,295,80,14084,5320,4108,680,1983,45,13909,20275,360,-1118,175,20659
2026-08-14 22:00:48,13679,296,80,14055,5295,4107,681,2036,44,13918,20274,316,-1119,136,20659
2026-08-14 22:29:43,13900,296,81,14275,5326,4102,684,2053,44,13983,20272,245,-1119,292,20659
2026-08-14 23:00:45,13829,298,80,14206,5343,4130,682,2002,43,13962,20274,187,-1117,244,20659
2026-08-14 23:29:43,13852,294,82,14228,5302,4113,684,1867,42,13794,20274,130,-1117,434,20659
2026-08-15 00:00:50,13925,292,82,14299,5272,4107,684,1828,42,13712,20275,66,-1118,587,20659
2026-08-15 00:29:46,13834,296,82,14212,5296,4111,684,1824,41,13756,20273,9,-1118,456,20659
2026-08-15 01:00:49,13856,295,82,14232,5315,4102,688,1829,41,13722,20272,16,-1118,510,20659
2026-08-15 01:29:43,13871,296,82,14249,5230,4116,693,1840,41,13710,20277,12,-1122,539,20659
2026-08-15 02:00:53,13835,294,82,14211,5229,4114,695,1839,40,13743,20280,37,-1123,468,20659
2026-08-15 02:29:43,13914,293,82,14289,5273,4131,696,1845,40,13756,20282,60,-1125,533,20659
2026-08-15 03:00:49,13921,293,82,14297,5265,4136,700,1851,40,13770,20286,75,-1125,527,20659
2026-08-15 03:29:43,13942,296,82,14320,5258,4144,700,1870,40,13772,20290,96,-1130,547,20659
2026-08-15 04:00:46,13838,294,82,14213,5238,4153,702,1875,40,13790,20295,116,-1129,423,20659
2026-08-15 04:29:44,13892,294,81,14270,5247,4156,704,1881,40,13807,20301,172,-1132,463,20659
2026-08-15 05:00:44,13856,295,82,14232,5236,4165,704,1892,40,13819,20308,217,-1131,414,20659
2026-08-15 05:29:42,13831,295,83,14210,5201,4172,705,1903,40,13835,20320,258,-1161,375,20659
2026-08-15 06:00:49,13662,296,82,14041,5183,4181,706,1907,39,13879,20321,243,-1178,162,20659
2026-08-15 06:29:42,13730,296,82,14110,5181,4188,699,1918,39,13874,20317,211,-1177,236,20659
2026-08-15 07:00:53,13730,296,81,14107,5196,4189,695,1925,26,13879,20313,162,-1181,228,20659
2026-08-15 07:29:45,13694,294,81,14070,5212,4204,689,1930,26,13884,20306,95,-1172,185,20659
2026-08-15 08:00:51,13585,297,81,13963,5214,4207,691,1946,26,13922,20293,-8,-1177,41,20659
2026-08-15 08:29:46,13689,294,81,14064,5190,4215,688,1946,26,13908,20274,-164,-1176,156,20659
2026-08-15 09:00:48,13605,317,81,14002,5191,4222,690,2052,26,14068,20254,-324,-1224,-66,20659
2026-08-15 09:29:42,13560,341,101,14002,5193,4227,691,2305,42,14074,20235,-508,-949,-71,20659
2026-08-15 10:00:46,13448,343,102,13882,5167,4182,698,2179,47,13853,20217,-623,-935,28,20659
2026-08-15 10:29:44,13492,336,103,13930,5139,4185,698,2160,64,13828,20193,-746,-932,103,20659
2026-08-15 11:00:50,13586,307,102,14057,5169,4167,696,2184,84,13890,20176,-823,-900,167,20659
2026-08-15 11:29:46,13659,339,102,14136,5156,4174,695,2160,98,13855,20166,-843,-896,282,20659
2026-08-15 12:00:47,13722,348,101,14204,5147,4143,685,2145,66,13785,20157,-816,-892,419,20659
2026-08-15 12:29:43,13772,342,101,14252,5130,4159,687,2129,69,13745,20154,-718,-893,506,20659
2026-08-15 13:00:45,13895,342,102,14374,5135,4155,684,2124,39,13722,20156,-590,-900,652,20659
2026-08-15 13:29:43,13875,343,102,14355,5086,4162,678,2106,38,13588,20162,-439,-842,767,20659
2026-08-15 14:00:49,14013,346,102,14496,5081,4167,676,1787,38,13293,20178,-237,-852,1202,20659
2026-08-15 14:29:43,13981,333,102,14451,5041,4176,675,1808,39,13353,20206,80,-942,1098,20659
2026-08-15 15:00:54,14056,332,101,14516,5075,4132,678,1694,39,13240,20218,250,-954,1275,20659
2026-08-15 15:29:44,14161,331,101,14618,5045,4147,673,1821,39,13360,20229,379,-952,1258,20659
2026-08-15 16:00:46,14118,332,102,14576,5076,4139,673,1769,40,13325,20247,539,-951,1251,20659
2026-08-15 16:29:42,14106,346,101,14577,5055,4137,671,1800,39,13307,20266,667,-953,1270,20659
2026-08-15 17:01:04,14066,422,101,14615,5030,4126,672,1842,40,13350,20284,768,-954,1265,20659
2026-08-15 17:29:44,14091,421,101,14638,5048,4130,671,1849,38,13383,20302,842,-953,1255,20659
2026-08-15 18:00:51,14098,420,101,14643,5048,4105,672,1857,40,13346,20318,843,-952,1297,20659
2026-08-15 18:29:44,14438,418,101,14982,5030,4126,673,1861,42,13390,20341,805,-954,1591,20659
2026-08-15 19:00:50,14459,407,102,14991,5086,4103,667,1876,39,13404,20370,914,-957,1587,20659
2026-08-15 19:29:44,14446,408,101,14979,5098,4094,670,1888,40,13432,20401,1035,-962,1547,20659
2026-08-15 20:00:52,14413,369,101,14912,5114,4087,672,1906,17,13395,20433,1115,-963,1516,20659
2026-08-15 20:29:44,13915,374,101,14415,5080,4037,688,1912,45,13409,20457,1150,-962,1006,20659
2026-08-15 21:00:59,13942,373,102,14442,5132,4054,692,1904,44,13445,20476,1149,-966,997,20659
2026-08-15 21:29:59,13912,369,101,14406,5093,4067,692,1917,44,13455,20490,1124,-968,951,20659
2026-08-15 22:01:19,13711,368,102,14205,5117,4080,696,1940,44,13530,20503,1108,-966,675,20659
2026-08-15 22:29:44,13764,394,102,14284,5103,4122,695,1920,43,13506,20512,1027,-967,778,20659
2026-08-15 23:00:47,13812,396,102,14334,5089,4126,695,1919,43,13513,20520,900,-969,821,20659
2026-08-15 23:29:42,13829,398,102,14354,5110,4123,700,1951,43,13579,20527,756,-968,774,20659
2026-08-16 00:00:49,13757,395,102,14278,5125,4119,700,2317,45,13881,20541,650,-896,398,20659
2026-08-16 00:29:43,13881,283,124,14312,5127,4117,700,2190,46,13743,20541,502,-897,569,20659
2026-08-16 01:00:46,13942,308,118,14391,5135,4111,705,2294,34,13838,20543,403,-899,553,20659
2026-08-16 01:29:44,14093,313,118,14548,5061,4118,704,2303,34,13783,20545,329,-815,765,20659
2026-08-16 02:00:48,14031,402,118,14572,5114,4131,707,2326,31,13799,20547,266,-814,773,20659
2026-08-16 02:29:44,14009,410,119,14554,5133,4128,704,2332,30,13797,20556,267,-816,757,20659
2026-08-16 03:00:49,14096,407,119,14622,5142,4135,700,2334,30,13823,20561,246,-840,799,20659
2026-08-16 03:29:44,14081,406,119,14606,5174,4130,701,2339,31,13843,20566,234,-804,763,20659
2026-08-16 04:00:50,14067,406,118,14592,5146,4123,697,2328,31,13784,20572,191,-800,808,20659
2026-08-16 04:29:44,13987,404,119,14509,5170,4116,702,2307,32,13781,20580,231,-788,728,20659
2026-08-16 05:00:50,14146,406,119,14670,5170,4107,705,2270,60,13764,20589,278,-791,906,20659
2026-08-16 05:29:43,14123,404,118,14645,5132,4103,703,2254,59,13711,20600,334,-792,934,20659
2026-08-16 06:00:52,13920,404,116,14440,5163,4126,698,2246,41,13720,20611,388,-789,720,20659
2026-08-16 06:29:45,14024,405,118,14547,5109,4115,699,1989,42,13429,20624,409,-821,1119,20659
2026-08-16 07:00:50,13932,374,119,14424,5097,4059,698,1941,42,13323,20639,469,-824,1101,20659
2026-08-16 07:29:47,13889,359,119,14367,5131,4111,697,1878,42,13349,20652,514,-826,1017,20659
2026-08-16 08:00:49,13839,358,119,14316,5106,4117,691,1953,43,13402,20662,535,-832,914,20659
2026-08-16 08:29:46,13803,363,118,14284,5136,4122,681,1969,44,13537,20667,526,-926,747,20659
2026-08-16 09:00:54,13566,362,118,14046,5104,4148,676,1963,44,13560,20667,468,-980,486,20659
2026-08-16 09:29:46,13415,328,108,13850,5057,4116,671,1962,199,13542,20663,376,-882,308,20659
2026-08-16 10:00:48,13485,316,106,13904,5063,4125,666,1921,253,13568,20655,260,-880,336,20659
2026-08-16 10:29:45,13445,321,106,13873,5086,4143,664,1935,252,13623,20647,134,-890,250,20659
2026-08-16 11:00:47,13556,322,106,13983,5109,4101,662,1944,274,13648,20640,4,-889,335,20659
2026-08-16 11:29:44,13584,332,105,14020,5092,4119,669,1963,264,13652,20633,-113,-882,369,20659
2026-08-16 12:00:49,13418,322,105,13849,5106,4116,679,2101,288,13794,20637,-145,-854,55,20659
2026-08-16 12:29:43,13570,318,105,14088,4999,4112,688,2153,346,13819,20640,-163,-768,270,20659
2026-08-16 13:00:50,13603,346,106,14172,5056,4098,686,2108,290,13739,20636,-187,-729,433,20659
2026-08-16 13:29:42,13568,401,106,14200,4925,4092,688,2082,308,13759,20633,-181,-735,440,20659
2026-08-16 14:00:49,13565,414,106,14212,4965,4126,690,2076,303,13710,20635,-119,-826,502,20659
2026-08-16 14:29:44,13652,421,106,14307,4979,4090,699,2071,300,13680,20635,-70,-819,628,20659
2026-08-16 15:00:49,13663,416,105,14319,4997,4098,698,2069,295,13707,20634,-33,-824,612,20659
2026-08-16 15:29:42,13548,419,105,14205,4964,4097,713,2062,295,13676,20637,24,-830,529,20659
2026-08-16 16:00:47,13633,424,106,14311,4980,4099,713,2057,296,13702,20638,6,-831,609,20659
2026-08-16 16:29:43,13698,422,106,14356,4998,4120,713,2059,295,13743,20639,-4,-835,613,20659
2026-08-16 17:00:48,13678,424,105,14340,4974,4113,716,2057,323,13739,20644,46,-828,601,20659
2026-08-16 17:29:44,13594,422,106,14257,5036,4118,714,2070,326,13799,20646,77,-823,458,20659
2026-08-16 18:00:50,13625,422,105,14284,5052,4112,716,2070,325,13823,20647,73,-829,461,20659
2026-08-16 18:29:44,13601,425,107,14264,5023,4122,716,2083,331,13832,20647,69,-831,432,20659
2026-08-16 19:00:54,13584,425,106,14246,4963,4108,719,2075,322,13735,20652,107,-828,511,20659
2026-08-16 19:29:45,13544,423,106,14204,4996,4095,723,2075,295,13744,20657,119,-834,459,20659
2026-08-16 20:00:51,13501,424,105,14162,5002,4103,724,2081,325,13788,20659,129,-837,374,20659
2026-08-16 20:29:43,13657,428,105,14322,4995,4102,727,2097,317,13790,20662,136,-832,532,20659
2026-08-16 21:00:50,13605,422,106,14258,4998,4117,728,2118,322,13844,20662,111,-844,414,20659
2026-08-16 21:29:50,13619,424,105,14272,5044,4073,735,2128,328,13880,20658,77,-845,392,20659
2026-08-16 22:01:16,13566,423,119,14232,5039,4080,734,2142,325,13887,20654,37,-848,345,20659
2026-08-16 22:29:45,13608,425,119,14274,5044,4094,738,2148,324,13902,20653,38,-843,372,20659
2026-08-16 23:00:47,13622,425,119,14286,5072,4099,739,2142,320,13948,20651,-7,-856,338,20659
2026-08-16 23:29:43,13629,426,119,14294,5075,4130,731,2147,318,13963,20649,-48,-852,330,20659
2026-08-17 00:00:49,13588,420,118,14245,5062,4126,726,2146,327,13955,20648,-67,-852,290,20659
2026-08-17 00:29:43,13595,348,120,14179,5051,4121,729,2145,324,13936,20644,-108,-853,243,20659
2026-08-17 01:00:53,13660,269,118,14179,5098,4109,722,2146,321,13946,20636,-155,-845,234,20659
2026-08-17 01:29:42,13704,242,119,14193,5009,4104,723,2142,315,13858,20633,-154,-845,335,20659
2026-08-17 02:00:51,13724,244,118,14211,5030,4118,717,2144,309,13881,20628,-155,-847,331,20659
2026-08-17 02:29:43,13736,245,119,14227,5032,4113,717,2148,310,13890,20625,-170,-845,337,20659
2026-08-17 03:00:50,13714,245,119,14201,5050,4120,719,2148,311,13924,20620,-187,-849,277,20659
2026-08-17 03:29:42,13742,244,119,14229,5045,4130,726,2144,309,13925,20617,-192,-840,304,20659
2026-08-17 04:00:51,13764,244,118,14253,5056,4064,727,2149,311,13855,20614,-204,-841,398,20659
2026-08-17 04:29:43,13698,242,118,14185,5043,4071,727,2143,310,13864,20616,-165,-843,321,20659
2026-08-17 05:00:51,13659,165,119,14123,5049,4087,730,2064,308,13808,20608,-172,-851,316,20659
2026-08-17 05:29:43,13694,0,118,13940,5036,4104,722,2069,294,13793,20600,-195,-845,146,20659
2026-08-17 06:00:45,13589,0,119,13836,5006,4092,725,2036,340,13757,20590,-225,-844,79,20659
2026-08-17 06:29:42,13655,0,120,13903,5036,4102,715,2018,312,13749,20572,-316,-844,154,20659
2026-08-17 07:00:59,13630,0,119,13881,5068,4086,716,2004,311,13743,20558,-370,-840,138,20659
2026-08-17 07:29:46,13558,0,187,13878,5073,4079,724,1984,311,13731,20543,-444,-821,148,20659
2026-08-17 08:00:56,13536,0,192,13859,5094,4087,732,1974,311,13738,20528,-519,-828,122,20659
2026-08-17 08:29:51,13516,0,192,13842,5084,4074,723,1987,309,13770,20515,-607,-871,72,20659
2026-08-17 09:00:52,13234,0,192,13528,5022,4066,727,1995,308,13490,20491,-699,-695,39,20659
2026-08-17 09:30:16,13055,0,300,13355,5109,4234,0,2006,534,13279,20462,-829,-887,76,20659
2026-08-17 10:00:48,13070,0,303,13426,5095,3983,652,1947,493,13610,20448,-853,-829,-183,20659
2026-08-17 10:29:45,13175,0,306,13533,5070,3997,686,2015,490,13580,20426,-878,-723,-47,20659
2026-08-17 11:00:49,13188,0,308,13547,5080,4004,688,2083,507,13788,20404,-920,-726,-241,20659
2026-08-17 11:29:42,13187,0,306,13545,5095,4036,672,2233,479,13952,20380,-974,-718,-406,20659
2026-08-17 12:00:53,13277,0,307,13634,5046,4030,674,2185,488,13789,20353,-1048,-716,-156,20659
2026-08-17 12:29:43,13241,0,308,13601,4984,4035,667,2160,493,13632,20330,-1112,-590,-31,20659
2026-08-17 13:00:44,13208,0,294,13569,5034,4033,659,2143,490,13664,20314,-1060,-652,-95,20659
2026-08-17 13:29:42,13270,0,287,13826,5006,4046,659,2058,495,13519,20299,-978,-425,307,20659
2026-08-17 14:00:48,13330,0,287,13841,4979,4051,658,1948,470,13371,20282,-998,-479,470,20659
2026-08-17 14:29:43,13391,0,286,13963,4987,4048,656,1849,479,13261,20274,-913,-417,702,20659
2026-08-17 15:00:49,13277,0,288,13853,4994,4061,684,1777,475,13220,20281,-739,-379,633,20659
2026-08-17 15:29:43,13378,0,287,13995,4925,4064,684,1810,475,13228,20291,-531,-370,767,20659
2026-08-17 16:00:50,13465,0,288,14092,4970,4138,686,1652,477,13168,20263,-541,-347,924,20659
2026-08-17 16:29:42,13508,0,288,14135,5025,4100,689,1773,454,13287,20258,-430,-346,848,20659
2026-08-17 17:00:49,13441,0,285,14066,5019,4096,684,1801,448,13292,20268,-280,-343,774,20659
2026-08-17 17:29:43,13540,0,285,14165,4990,4102,680,1790,450,13272,20276,-142,-346,893,20659
2026-08-17 18:00:49,13577,0,285,14202,5021,4088,679,1789,445,13268,20279,-13,-349,934,20659
2026-08-17 18:29:43,13467,0,286,14091,5077,4088,684,1826,458,13369,20279,31,-346,722,20659
2026-08-17 19:00:54,13567,0,285,14192,5071,4072,694,1797,449,13325,20278,-24,-342,866,20659
2026-08-17 19:29:43,13580,0,286,14203,5036,4077,703,1691,449,13207,20280,-70,-352,996,20659
2026-08-17 20:00:51,13599,0,285,14222,5032,4085,708,1756,452,13184,20292,172,-238,1038,20659
2026-08-17 20:29:42,13637,0,285,14262,5106,4134,715,1837,448,13403,20289,184,-260,858,20659
2026-08-17 21:01:09,13634,0,285,14259,5119,4156,724,1872,452,13482,20291,142,-254,777,20659
2026-08-17 21:30:09,13709,0,285,14311,5094,4156,728,1845,452,13453,20295,117,-282,858,20659
2026-08-17 22:00:51,13818,0,284,14433,5116,4143,736,1770,452,13388,20306,157,-264,1045,20659
2026-08-17 22:29:43,13783,0,285,14400,5102,4165,738,1790,451,13425,20316,222,-267,974,20659
2026-08-17 23:00:52,13763,0,285,14381,5097,4162,740,1809,451,13433,20324,277,-266,948,20659
2026-08-17 23:29:44,13784,0,285,14402,5133,4167,743,1827,453,13488,20331,310,-267,914,20659
2026-08-18 00:00:45,13673,0,285,14291,5122,4170,742,1834,452,13486,20337,275,-268,805,20659
2026-08-18 00:29:44,13816,0,286,14434,5075,4164,740,1844,455,13454,20339,301,-273,980,20659
2026-08-18 01:00:49,13842,0,284,14452,5098,4171,730,1839,443,13449,20345,326,-275,1003,20659
2026-08-18 01:29:43,13894,0,285,14514,5110,4175,740,1829,411,13378,20352,339,-203,1135,20659
2026-08-18 02:00:51,13848,0,285,14468,5089,4182,726,1830,452,13455,20365,354,-270,1012,20659
2026-08-18 02:29:44,13936,0,285,14552,5019,4183,735,1837,450,13398,20375,356,-272,1154,20659
2026-08-18 03:00:51,13901,0,278,14507,4988,4185,736,1758,421,13270,20385,368,-275,1238,20659
2026-08-18 03:29:43,13933,0,285,14547,5027,4184,732,1662,429,13210,20398,402,-269,1337,20659
2026-08-18 04:00:52,13958,0,278,14565,4981,4193,734,1389,428,12898,20415,468,-272,1667,20659
2026-08-18 04:29:44,13930,0,276,14534,5027,4196,731,1416,427,12982,20435,575,-277,1552,20659
2026-08-18 05:00:46,13866,0,285,14480,4999,4194,732,1508,422,13033,20454,654,-278,1447,20659
2026-08-18 05:29:43,13810,0,285,14428,5038,4195,728,1510,423,13073,20469,704,-271,1355,20659
2026-08-18 06:00:52,13837,0,286,14453,5031,4194,728,1690,416,13258,20483,707,-275,1195,20659
2026-08-18 06:29:44,13908,0,280,14520,5072,4199,722,1852,422,13445,20494,713,-274,1075,20659
2026-08-18 07:01:00,13836,0,282,14449,5059,4205,721,1832,426,13427,20500,693,-275,1022,20659
2026-08-18 07:29:47,13835,0,285,14449,5105,4212,716,1820,423,13474,20507,652,-288,975,20659
2026-08-18 08:00:52,13785,0,288,14403,5068,4203,718,1854,422,13368,20508,558,-186,1035,20659
2026-08-18 08:29:47,13745,0,281,14350,5104,4192,713,1913,427,13546,20499,382,-241,805,20659
2026-08-18 09:00:51,13716,0,286,14325,5025,4184,704,1946,426,13449,20493,233,-215,876,20659
2026-08-18 09:30:11,13622,0,281,14317,5016,4149,695,1946,460,13275,20494,151,-17,1042,20659
2026-08-18 10:00:45,13518,0,200,14046,5059,4146,686,1933,467,13370,20495,75,-100,676,20659
2026-08-18 10:29:44,13585,0,179,14102,5053,4140,682,1923,467,13280,20490,-22,-69,823,20659
2026-08-18 11:00:58,13665,0,177,14245,5041,4130,678,1906,463,13292,20484,-97,-38,954,20659
2026-08-18 11:29:56,13732,0,178,14318,5082,4126,678,1890,464,13221,20495,-70,7,1091,20659
2026-08-18 12:01:03,13910,0,253,14568,5008,3941,674,1877,466,12989,20494,-85,3,1579,20659
2026-08-18 12:29:49,13993,0,279,14680,4768,4056,668,1868,468,12828,20492,-43,16,1852,20659
2026-08-18 13:00:48,14124,0,274,14804,4993,4119,667,1854,468,13152,20499,37,-46,1653,20659
2026-08-18 13:29:44,13868,0,274,14546,4960,4126,672,1831,464,13162,20508,81,-84,1385,20659
2026-08-18 14:00:49,13873,0,274,14550,4979,4120,670,1849,432,13185,20517,322,-81,1365,20659
2026-08-18 14:29:44,13989,0,270,14662,4935,4140,666,1850,465,13160,20528,225,-86,1502,20659
2026-08-18 15:00:52,13969,0,267,14640,4957,4132,664,1827,466,13146,20538,320,-84,1493,20659
2026-08-18 15:29:43,13830,0,266,14500,5026,4128,648,1821,465,13202,20551,330,-81,1298,20659
2026-08-18 16:00:47,13818,0,266,14488,5034,4102,659,1831,465,13222,20563,416,-80,1266,20659
2026-08-18 16:29:43,13829,0,266,14496,4970,4098,657,1824,470,13110,20576,504,-58,1386,20659
2026-08-18 17:00:45,13889,0,267,14532,5060,4111,654,1814,469,13180,20588,538,-87,1352,20659
2026-08-18 17:29:44,13898,0,267,14564,5041,4100,663,1813,467,13176,20604,577,-59,1388,20659
2026-08-18 18:00:47,13999,0,266,14669,5054,4083,664,1807,465,13179,20618,606,-63,1490,20659
2026-08-18 18:29:47,14053,0,267,14729,5041,4096,661,1804,469,13183,20635,642,-57,1546,20659
2026-08-18 19:00:53,14054,0,267,14727,5076,4090,667,1806,465,13207,20657,712,-57,1520,20659
2026-08-18 19:29:44,14060,0,266,14732,5058,4109,669,1707,470,13126,20678,766,-59,1605,20659
2026-08-18 20:00:56,14084,0,267,14757,5136,4140,673,1754,468,13274,20704,843,-56,1483,20659
2026-08-18 20:29:43,14135,0,267,14805,5113,4142,677,1768,466,13374,20721,873,-148,1431,20659
2026-08-18 21:01:00,14130,0,267,14803,5153,4164,678,1851,467,13495,20738,895,-117,1308,20659
2026-08-18 21:29:51,14107,0,266,14775,5167,4179,681,1820,467,13518,20751,880,-150,1257,20659
2026-08-18 22:00:48,14097,0,266,14769,5156,4190,684,1813,464,13596,20760,851,-235,1172,20659
2026-08-18 22:29:42,14151,0,266,14824,5173,4236,686,1814,461,13658,20770,811,-229,1165,20659
2026-08-18 23:00:48,14190,0,266,14860,5146,4266,665,1817,470,13651,20782,753,-239,1208,20659
2026-08-18 23:29:42,14132,0,266,14803,5170,4317,663,1811,451,13691,20794,692,-241,1112,20659
2026-08-19 00:00:45,14053,0,267,14721,5118,4350,662,1803,466,13622,20801,585,-145,1099,20659
2026-08-19 00:29:43,14110,0,265,14780,5118,4340,661,1810,465,13642,20808,524,-149,1137,20659
2026-08-19 01:00:45,14124,0,267,14795,5135,4369,643,1811,465,13567,20816,471,-145,1228,20659
2026-08-19 01:29:41,14194,0,267,14864,5097,4370,650,1817,464,13550,20824,439,-147,1314,20659
2026-08-19 02:00:48,14143,0,267,14812,5146,4373,652,1816,468,13598,20831,427,-151,1214,20659
2026-08-19 02:29:42,14134,0,266,14802,5152,4377,650,1824,472,13613,20837,400,-154,1188,20659
2026-08-19 03:00:49,14158,0,266,14828,5117,4393,645,1817,470,13582,20849,399,-146,1246,20659
2026-08-19 03:29:41,14152,0,266,14819,5125,4366,648,1823,467,13559,20860,398,-148,1260,20659
2026-08-19 04:00:47,14184,0,266,14848,5110,4337,660,1817,462,13532,20869,404,-156,1316,20659
2026-08-19 04:29:47,14182,0,278,14855,5106,4327,660,1824,468,13630,20887,472,-152,1225,20659
2026-08-19 05:00:47,14168,0,276,14846,5105,4329,656,1826,447,13624,20908,550,-153,1222,20659
2026-08-19 05:29:42,14117,0,276,14792,5098,4322,657,1822,465,13592,20918,564,-158,1200,20659
2026-08-19 06:00:48,14083,0,276,14755,5118,4339,663,1814,466,13646,20923,551,-159,1110,20659
2026-08-19 06:29:44,14142,0,276,14815,5047,4353,660,1821,465,13505,20927,541,-159,1310,20659
2026-08-19 07:00:50,14102,0,276,14774,5025,4340,660,1822,464,13489,20932,497,-158,1286,20659
2026-08-19 07:29:49,14171,0,277,14842,5079,4329,664,1820,469,13566,20929,417,-160,1277,20659
2026-08-19 08:00:48,14108,0,277,14776,5106,4302,659,1796,466,13483,20932,377,-114,1294,20659
2026-08-19 08:29:43,14147,0,276,14817,5081,4297,651,1805,484,13552,20932,271,-160,1266,20659
2026-08-19 09:00:45,14092,0,279,14752,5184,4284,648,1915,468,13751,20932,145,-243,1000,20659
2026-08-19 09:29:43,13560,0,278,13838,5134,4255,644,1910,483,13901,20926,51,-823,-63,20659
2026-08-19 10:00:46,13575,0,273,13850,5115,4210,643,1892,461,13798,20815,-646,-818,53,20659
2026-08-19 10:29:43,13658,0,270,13928,5136,4195,640,1808,462,13715,20885,-248,-823,213,20659
2026-08-19 11:00:48,13112,1,272,13381,5146,4199,631,1826,454,13805,20939,46,-900,-424,20659
2026-08-19 11:29:41,13273,0,271,13544,5098,4199,616,1833,455,13758,20933,19,-910,-214,20659
2026-08-19 12:00:46,13436,0,271,13704,5064,4160,607,1838,461,13598,20928,-20,-914,106,20659
2026-08-19 12:29:47,13417,0,271,13688,5040,3702,517,1831,456,13039,20911,-124,-904,649,20659
2026-08-19 13:00:47,13551,0,267,13818,5090,3855,462,1828,460,13172,20894,-228,-898,646,20659
2026-08-19 13:29:43,13564,0,266,13830,5054,3914,496,1830,464,13268,20885,-251,-930,561,20659
2026-08-19 14:00:47,13571,0,265,13837,5089,3891,561,1826,461,13451,20887,431,-1000,386,20659
2026-08-19 14:29:42,13600,0,267,13867,5102,4008,497,1825,457,13555,20886,3,-1006,312,20659
2026-08-19 15:00:47,13642,0,265,13990,5035,4040,530,1826,457,13556,20880,-352,-963,435,20659
2026-08-19 15:29:42,13608,0,266,13956,5110,4021,566,1820,464,13708,20873,-359,-975,248,20659
2026-08-19 16:00:49,13702,0,257,13958,5147,4025,581,1828,452,13725,20770,-947,-1059,232,20659
2026-08-19 16:29:42,13510,0,254,13764,5186,4337,544,1826,430,14034,20818,-560,-1054,-270,20659
2026-08-19 17:00:47,13601,0,256,13857,5147,4271,521,1821,430,13860,20814,-483,-1052,-3,20659
2026-08-19 17:29:40,13669,0,255,13924,5164,4291,550,1821,433,13908,20806,-478,-1052,16,20659
2026-08-19 18:00:46,13742,0,257,13999,5194,4263,505,1821,430,13898,20796,-543,-1053,101,20659
2026-08-19 18:29:42,13588,0,256,13844,5102,4281,472,1825,431,13762,20793,-558,-1053,82,20659
2026-08-19 19:00:46,13543,0,275,13819,5142,4201,558,1828,430,13871,20793,-524,-1091,-52,20659
2026-08-19 19:29:43,13765,0,275,14040,5110,4207,567,1828,427,13947,20793,-479,-1094,93,20659
2026-08-19 20:00:55,13769,0,288,14053,5207,4223,590,1832,430,13992,20791,126,-1094,61,20659
2026-08-19 20:29:43,13756,0,303,14059,5194,4237,569,1836,441,14028,20791,-164,-1090,32,20659
2026-08-19 21:00:47,13788,0,281,14067,5158,4252,582,1583,430,13711,20789,-147,-1085,356,20659
2026-08-19 21:29:42,13768,0,306,14074,5188,4276,575,1464,430,13641,20793,-75,-1090,434,20659
2026-08-19 22:00:51,13781,0,307,14088,5163,4264,550,1522,426,13650,20798,9,-1089,438,20659
2026-08-19 22:29:50,13810,0,304,14115,5181,4281,563,1592,426,13729,20800,41,-1091,386,20659
2026-08-19 23:00:48,13819,0,310,14129,5228,4273,566,1676,431,13894,20799,37,-1091,235,20659
2026-08-19 23:29:42,13862,0,306,14168,5195,4239,535,1848,431,14088,20798,31,-1096,81,20659
2026-08-20 00:00:48,13828,0,326,14154,5161,4274,571,1938,427,14108,20791,-1,-1091,46,20659
2026-08-20 00:29:43,13882,0,320,14202,5182,4289,505,1927,429,14093,20792,10,-1081,109,20659
2026-08-20 01:00:46,13900,0,320,14221,5196,4305,456,1896,430,14025,20790,2,-1091,196,20659
2026-08-20 01:29:43,13950,0,319,14269,5207,4212,584,1874,432,14079,20790,-18,-1075,190,20659
2026-08-20 02:00:45,13889,0,316,14213,5194,4270,529,1823,431,13987,20789,-54,-1082,226,20659
2026-08-20 02:29:42,13963,0,332,14288,5128,4208,601,1826,433,14099,20787,-74,-1077,188,20659
2026-08-20 03:00:50,13970,0,332,14294,5234,4227,470,1837,432,14024,20786,-78,-1079,271,20659
2026-08-20 03:29:42,13861,0,331,14192,5197,4214,598,1830,431,14053,20784,-87,-1075,138,20659
2026-08-20 04:00:47,13842,0,331,14173,5203,4220,570,1844,419,14003,20780,-65,-1076,170,20659
2026-08-20 04:29:42,13822,0,339,14161,5286,4261,521,1846,409,14012,20774,-110,-1072,149,20659
2026-08-20 05:00:48,13809,0,347,14155,5224,4217,466,1849,432,14028,20771,-110,-1074,128,20659
2026-08-20 05:29:43,13815,0,348,14162,5299,4268,512,1856,431,13950,20764,-156,-1038,213,20659
2026-08-20 06:00:46,13789,0,346,14134,5411,4284,500,1988,430,14000,20754,-211,-919,135,20659
2026-08-20 06:29:46,13857,0,347,14204,5302,4299,500,1915,435,13942,20750,-227,-913,262,20659
2026-08-20 07:00:52,13872,0,343,14216,5258,4251,549,1898,432,13954,20740,-280,-918,262,20659
2026-08-20 07:29:44,13769,0,347,14116,5265,4245,566,1893,433,13884,20728,-334,-878,232,20659
2026-08-20 08:00:47,13716,0,346,14063,5283,4248,549,1881,437,13908,20720,-364,-898,154,20659
2026-08-20 08:29:43,13711,0,347,14058,5249,4238,557,1876,431,14014,20711,-381,-993,44,20659
2026-08-20 09:00:47,13659,0,345,14004,5210,4273,499,1875,426,13769,20703,-411,-873,234,20659
2026-08-20 09:29:41,13429,0,358,13786,5209,4206,560,1869,441,13970,20685,-474,-979,-184,20659
2026-08-20 10:00:49,13578,0,358,13936,5231,4248,514,1862,442,13780,20670,-503,-870,156,20659
2026-08-20 10:29:43,13518,0,346,13863,5231,4172,543,1863,450,13764,20657,-554,-872,100,20659
2026-08-20 11:00:51,13466,0,344,13809,5224,4156,505,1860,446,13739,20645,-566,-927,71,20659
2026-08-20 11:29:42,13521,0,347,13868,5239,4100,565,1855,443,13806,20633,-568,-910,62,20659
2026-08-20 12:00:49,13562,0,346,13983,5246,4214,444,1854,450,13743,20619,-601,-834,240,20659
2026-08-20 12:29:42,13636,0,347,14084,5229,4205,442,1833,446,13597,20607,-620,-807,486,20659
2026-08-20 13:00:44,13621,0,346,14068,5274,4159,495,1850,444,13748,20602,-607,-806,320,20659
2026-08-20 13:29:42,13605,0,345,14051,5226,4160,485,1848,442,13658,20592,-559,-804,393,20659
2026-08-20 14:00:46,13610,0,345,14056,5272,4100,548,1839,447,14005,20574,-574,-1071,51,20659
2026-08-20 14:29:43,13594,0,345,14040,5241,4155,488,1844,448,13905,20556,-610,-1062,134,20659
2026-08-20 15:00:46,13798,0,336,14234,5219,4145,506,1836,446,13890,20543,-615,-1004,345,20659
2026-08-20 15:29:41,13791,0,336,14227,5190,4193,454,1835,446,13799,20532,-610,-1009,428,20659
2026-08-20 16:00:48,13757,0,336,14193,5227,4168,485,1835,449,13918,20523,-576,-1014,276,20659
2026-08-20 16:29:42,13766,0,336,14202,5246,4177,512,1838,446,13964,20514,-559,-1009,238,20659
2026-08-20 17:00:59,13756,0,336,14192,5219,4106,545,1837,449,13666,20498,-619,-779,526,20659
2026-08-20 17:29:51,13798,0,327,14226,5212,4287,509,1837,498,13838,20490,-608,-771,388,20659
2026-08-20 18:00:49,13791,0,328,14219,5232,4382,482,1839,500,13945,20474,-604,-774,275,20659
2026-08-20 18:29:45,13776,0,327,14205,5218,4307,539,1840,500,13965,20484,-427,-773,240,20659
2026-08-20 19:00:52,13892,0,328,14319,5224,4330,535,1840,501,13947,20485,-348,-776,372,20659
2026-08-20 19:29:43,13641,0,327,14070,5225,4374,515,1858,500,13987,20482,-299,-772,83,20659
2026-08-20 20:01:02,13746,0,327,14174,5233,4273,544,1869,496,13939,20477,-277,-776,235,20659
2026-08-20 20:29:43,13740,0,326,14167,5224,4288,501,1885,498,13918,20474,-244,-772,249,20659
2026-08-20 21:00:54,13804,0,327,14231,5209,4383,455,1866,500,13942,20475,-138,-775,289,20659
2026-08-20 21:30:21,13875,0,328,14304,5261,4320,520,1863,501,13988,20477,-82,-772,316,20659
2026-08-20 22:00:53,13900,0,327,14328,5263,4375,439,1859,498,13949,20476,15,-773,378,20659
2026-08-20 22:29:43,13901,0,328,14328,5249,4298,473,1856,497,13847,20478,-39,-778,480,20659
2026-08-20 23:00:45,14044,0,328,14471,5209,4240,544,1862,501,13893,20479,-34,-782,578,20659
2026-08-20 23:29:42,14072,0,327,14499,5209,4236,542,1858,495,13887,20483,6,-778,612,20659
2026-08-21 00:00:52,14046,0,327,14472,5182,4266,517,1865,501,13863,20486,54,-786,609,20659
2026-08-21 00:29:42,14039,0,327,14467,5188,4351,451,1866,500,13874,20491,102,-782,593,20659
2026-08-21 01:00:44,14080,0,328,14507,5180,4309,512,1856,502,13878,20497,131,-782,629,20659
2026-08-21 01:29:41,14138,0,328,14565,5198,4324,467,1856,499,13873,20501,146,-776,693,20659
2026-08-21 02:00:47,14159,0,329,14586,5172,4338,459,1852,498,13854,20506,180,-784,732,20659
2026-08-21 02:29:41,14166,0,328,14594,5180,4260,547,1860,497,13878,20510,194,-784,716,20659
2026-08-21 03:00:49,14174,0,328,14600,5202,4260,546,1853,501,13882,20513,201,-787,718,20659
2026-08-21 03:29:42,14159,0,327,14586,5210,4323,458,1854,501,13884,20517,203,-788,702,20659
2026-08-21 04:00:44,14153,0,327,14580,5181,4273,510,1855,498,13863,20520,203,-788,716,20659
2026-08-21 04:29:42,14153,0,327,14578,5236,4250,539,1855,501,13899,20526,211,-784,680,20659
2026-08-21 05:00:48,14117,0,326,14540,5225,4260,539,1857,502,13899,20529,192,-787,641,20659
2026-08-21 05:29:43,14108,0,326,14532,5231,4258,544,1858,502,13916,20531,181,-790,615,20659
2026-08-21 06:00:47,14106,0,326,14530,5225,4306,508,1853,499,13923,20534,171,-786,606,20659
