BA_NAME,INSTA_TYPE,PLINSTATUS,Count
NOVA Gas Transmission Ltd.,Meter Station,Operating,947
Pembina Pipeline Corporation,Pump Station,Operating,226
Bow River Gas Co-Op Ltd.,Regulator Station,Operating,140
Ste Anne Natural Gas Co-Op Limited,Regulator Station,Operating,125
Forty Mile Gas Co-op Ltd.,Regulator Station,Operating,123
West Parkland Gas Co-Op Ltd.,Regulator Station,Operating,110
Enbridge Pipelines (Athabasca) Inc.,Pump Station,Operating,106
County of Vermilion River Co-op,Regulator Station,Operating,106
Apex Utilities Inc.,Regulator Station,Operating,103
Ipc Canada Ltd.,Meter Station,Operating,91
Ankerton Gas Co-Op Ltd,Regulator Station,Operating,85
NOVA Gas Transmission Ltd.,Compressor Station,Operating,82
TRL Gas Co-Op Ltd.,Regulator Station,Operating,80
Cold Lake Pipeline Ltd.,Pump Station,Operating,77
North Peace Gas Co-Operative Ltd.,Regulator Station,Operating,72
Canadian Natural Resources Limited,Meter Station,Operating,70
Inter Pipeline Ltd.,Pump Station,Operating,69
Apex Utilities Inc.,Meter Regulator Stn.,Operating,68
Plains Midstream Canada ULC,Pump Station,Operating,65
East Peace Gas Co-Op Ltd.,Regulator Station,Operating,54
Foothills Natural Gas Co-op Ltd.,Regulator Station,Operating,50
Central Peace Natural Gas Co-op Ltd.,Regulator Station,Operating,48
East Central Gas Co-Op Ltd.,Regulator Station,Operating,47
Paintearth Gas Co-Op Ltd.,Regulator Station,Operating,43
Cenovus Energy Inc.,Pump Station,Operating,42
Dry Country Gas Co-op Ltd.,Regulator Station,Operating,40
Prairie River Gas Co-Op Ltd.,Regulator Station,Operating,40
Buck Mountain Gas Co-op Ltd.,Regulator Station,Operating,39
Torxen Energy Ltd.,Meter Station,Operating,39
Birch Hills Gas Co-Op Ltd,Regulator Station,Operating,39
East Smoky Gas Co-Op Ltd.,Regulator Station,Operating,37
Cenovus Energy Inc.,Tank Farm,Operating,36
Long Run Exploration Ltd.,Meter Station,Operating,35
City Of Medicine Hat,Regulator Station,Operating,35
Sunshine Gas Co-Op Ltd.,Regulator Station,Operating,34
Little Bow Gas Co-Op Ltd,Regulator Station,Operating,32
Chief Mountain Gas Co-Op Ltd,Regulator Station,Operating,32
Natural Gas Co-Op 52 Ltd.,Regulator Station,Operating,32
Canadian Natural Resources Limited,Pump Station,Operating,31
Dinosaur Gas Co-Op Ltd.,Regulator Station,Operating,31
Thorhild County,Regulator Station,Operating,30
Tirol Gas Co-Op Limited,Regulator Station,Operating,29
Chinook Gas Co-Op Ltd.,Regulator Station,Operating,29
Canadian Natural Resources Limited,Compressor Station,Operating,28
Canadian Natural Resources Limited,Meter Regulator Stn.,Operating,28
Gibson Energy Inc.,Tank Farm,Operating,26
Lamco Gas Co-Op Ltd,Regulator Station,Operating,26
County Of Smoky Lake,Regulator Station,Operating,24
Canlin Energy Corporation,Line Heater,Operating,24
Chain Lakes Gas Co-op Limited,Regulator Station,Operating,24
County Of Two Hills No. 21,Regulator Station,Operating,23
Plains Midstream Canada ULC,Tank Farm,Operating,23
North East Gas Co-op Ltd.,Regulator Station,Operating,23
Rocky Gas Co-Op Ltd.,Regulator Station,Operating,22
Phoenix Gas Co-Op Ltd.,Regulator Station,Operating,22
Enbridge Pipelines (Athabasca) Inc.,Tank Farm,Operating,21
Cenovus Energy Inc.,Pump Station,Removed,20
ATCO Gas And Pipelines Ltd.,Compressor Station,Operating,20
Triple W Natural Gas Co-op Limited,Regulator Station,Operating,20
Battle River Gas Co-Op Ltd.,Regulator Station,Operating,19
Apex Utilities Inc.,Meter Station,Operating,19
Diamond Valley Gas Co-Op Ltd.,Regulator Station,Operating,19
Harvest Hills Gas Co-Op Ltd.,Regulator Station,Operating,17
Pembina River Natural Gas Co-Op Ltd.,Regulator Station,Operating,17
Rockyview Gas Co-op Ltd.,Regulator Station,Operating,16
Pembina Pipeline Corporation,Meter Station,Operating,15
City Of Medicine Hat,Meter Station,Operating,15
Inter Pipeline Polaris Inc.,Pump Station,Operating,15
Alberta Ethane Development Company Ltd.,Pump Station,Operating,15
Inter Pipeline Ltd.,Tank Farm,Operating,15
ATCO Gas And Pipelines Ltd.,Regulator Station,Operating,15
Burnt Lake Gas Co-op Limited,Regulator Station,Operating,14
Whitecap Resources Inc.,Line Heater,Operating,14
Canlin Energy Corporation,Meter Station,Operating,14
Ovintiv Canada ULC,Meter Station,Operating,14
AltaGas Ltd.,Regulator Station,Abandoned,13
Big Country Gas Co-Op Ltd.,Regulator Station,Operating,13
Suncor Energy Inc.,Pump Station,Operating,13
Minco Gas Co-Op Ltd.,Regulator Station,Operating,12
Gibson Energy Inc.,Pump Station,Operating,12
Inter Pipeline (Corridor) Inc.,Pump Station,Operating,12
Cavvy Production Ltd.,Line Heater,Operating,12
ATCO Gas And Pipelines Ltd.,Meter Regulator Stn.,Operating,12
Pembina Pipeline Corporation,Tank Farm,Operating,12
Evergreen Gas Co-op Ltd.,Regulator Station,Operating,12
Torxen Energy Ltd.,Regulator Station,Operating,12
Lac La Biche District Natural Gas Co-Op Ltd.,Regulator Station,Operating,11
The Town Of High Prairie,Regulator Station,Operating,11
Imperial Oil Resources Limited,Pump Station,Operating,11
Access Pipeline Inc.,Pump Station,Operating,11
ATCO Gas And Pipelines Ltd.,Compressor Station,Removed,11
County of Vermilion River Co-op,Meter Regulator Stn.,Operating,11
Shell Canada Limited,Line Heater,Operating,10
Canadian Natural Resources Limited,Line Heater,Operating,10
Enbridge Midstream Inc.,Pump Station,Operating,10
Town Of Smoky Lake,Regulator Station,Operating,10
Sinopec Canada Energy Ltd.,Line Heater,Operating,10
East Peace Gas Co-Op Ltd.,Meter Station,Operating,10
Alliance Pipeline Ltd.,Compressor Station,Operating,9
Cenovus Energy Inc.,Regulator Station,Operating,9
Ember Resources Inc.,Compressor Station,Operating,9
Cenovus Energy Inc.,Meter Station,Operating,9
Ovintiv Canada ULC,Line Heater,Operating,9
Pioneer Gas Co-op Limited,Regulator Station,Operating,8
Torxen Energy Ltd.,Compressor Station,Operating,8
Cochrane Lake Gas Co-op Ltd.,Regulator Station,Operating,8
Canadian Natural Resources Limited,Regulator Station,Operating,8
Alberta Products Pipe Line Ltd,Pump Station,Operating,8
Gull Lake Deer Creek Gas Co-Op Ltd.,Regulator Station,Operating,8
Suncor Energy Logistics Corporation,Pump Station,Operating,7
North Peace Gas Co-Operative Ltd.,Meter Station,Operating,7
Town Of Devon,Regulator Station,Operating,7
Express Pipeline Ltd.,Pump Station,Operating,7
Certarus Ltd.,Compressor Station,Operating,6
Ovintiv Canada ULC,Pump Station,Removed,6
Pembina Pipeline Corporation,Pump Station,Permitted,6
Cenovus Energy Inc.,Line Heater,Operating,6
Canadian Natural Resources Limited,Tank Farm,Operating,6
Canlin Energy Corporation,Compressor Station,Operating,6
Imperial Oil Resources Limited,Meter Station,Operating,6
Lac La Biche County,Regulator Station,Operating,6
Ricochet Oil Corp.,Meter Station,Operating,6
Canadian Natural Resources Limited,Meter Station,Discontinued,6
Tourmaline Oil Corp.,Pump Station,Operating,6
Keyera Energy Ltd.,Meter Station,Operating,6
Plains Midstream Canada ULC,Oil Terminal,Operating,6
NOVA Chemicals Corporation,Meter Station,Operating,6
Northern Lights Gas Co-op Ltd.,Regulator Station,Operating,6
Karve Energy Inc.,Compressor Station,Operating,6
Department Of National Defence,Meter Regulator Stn.,Operating,5
Crossroads Gas Co-op Ltd.,Regulator Station,Operating,5
Pembina Pipeline Corporation,Pump Station,Discontinued,5
Teine Energy Ltd.,Pump Station,Operating,5
Kingston Midstream Alberta Limited,Pump Station,Operating,5
Coronado Gas Co-op Ltd.,Meter Regulator Stn.,Operating,5
Inter Pipeline Ltd.,Oil Terminal,Operating,5
Sequoia Resources Corp.,Meter Station,Operating,5
County of Thorhild No. 7,Regulator Station,Operating,5
Tourmaline Oil Corp.,Pump Station,Removed,5
Suncor Energy Inc.,Compressor Station,Operating,5
Swan River Natural Gas Co-op Ltd.,Regulator Station,Operating,5
Karve Energy Inc.,Meter Station,Operating,5
Transcanada Keystone Pipeline Gp Ltd.,Pump Station,Operating,5
City Of Medicine Hat,Regulator Station,Abandoned,5
Plains Midstream Canada ULC,Compressor Station,Operating,5
Cenovus Energy Inc.,Compressor Station,Operating,5
Shell Canada Limited,Pump Station,Operating,5
Gull Lake Deer Creek Gas Co-Op Ltd.,Meter Station,Operating,4
Foothills Pipe Lines Ltd.,Compressor Station,Operating,4
Obsidian Energy Ltd.,Compressor Station,Operating,4
Journey Energy Inc.,Meter Station,Operating,4
Gran Tierra Canada Ltd.,Meter Regulator Stn.,Operating,4
Rosebud Gas Co-Op Ltd.,Regulator Station,Operating,4
MEG Energy Corp.,Meter Station,Operating,4
Sequoia Resources Corp.,Compressor Station,Operating,4
Keyera Energy Ltd.,Oil Terminal,Operating,4
TAQA North Ltd.,Line Heater,Operating,4
Ovintiv Canada ULC,Compressor Station,Operating,4
Paddle Prairie Gas Co-Op Ltd.,Regulator Station,Operating,4
Pine Cliff Energy Ltd.,Regulator Station,Operating,4
Long Term Asset Management Inc.,Meter Station,Operating,4
Surge Energy Inc.,Meter Station,Operating,4
Torxen Energy Ltd.,Meter Station,Suspended,4
Canadian Natural Resources Limited,Meter Station,Suspended,4
Town Of Redwater,Regulator Station,Operating,4
Whitecap Resources Inc.,Meter Station,Operating,4
Btg Energy Corporation,Pump Station,Operating,4
Baytex Energy Ltd.,Compressor Station,Operating,4
Btg Energy Corporation,Compressor Station,Operating,4
Barrel Oil Corp.,Meter Station,Operating,4
Conserve Oil 8th Corporation,Pump Station,Operating,4
Grand Rapids Pipeline GP Ltd.,Pump Station,Operating,3
Canadian Natural Resources Limited,Meter Regulator Stn.,Suspended,3
Harvest Operations Corp.,Pump Station,Operating,3
Whitecap Resources Inc.,Regulator Station,Operating,3
Prairie River Gas Co-Op Ltd.,Meter Regulator Stn.,Operating,3
Acquisition Oil Corp.,Pump Station,Operating,3
Strathcona Resources Ltd.,Meter Station,Operating,3
Imperial Oil Resources Limited,Compressor Station,Operating,3
CNOOC Petroleum North America ULC,Compressor Station,Operating,3
Gran Tierra Canada Ltd.,Meter Station,Operating,3
Secure Waste Infrastructure Corp.,Oil Terminal,Operating,3
Inter Pipeline Offgas Ltd.,Pump Station,Operating,3
Cenovus Energy Inc.,Meter Regulator Stn.,Operating,3
Ipc Canada Ltd.,Compressor Station,Operating,3
AltaGas Ltd.,Compressor Station,Abandoned,3
Westcoast Energy Inc.,Meter Regulator Stn.,Operating,3
AltaGas Ltd.,Meter Station,Abandoned,3
North Peace Gas Co-Operative Ltd.,Meter Regulator Stn.,Operating,3
Keyera Energy Ltd.,Pump Station,Operating,3
Samson Band Tribal Administration,Regulator Station,Operating,3
Baytex Energy Ltd.,Line Heater,Operating,3
Linde Canada Inc.,Meter Station,Operating,3
Linde Canada Inc.,Regulator Station,Operating,3
Barrel Oil Corp.,Compressor Station,Operating,3
NEO Exploration Inc.,Meter Station,Suspended,3
Pine Cliff Energy Ltd.,Compressor Station,Operating,3
Torxen Energy Ltd.,Pump Station,Operating,3
Village Of Boyle,Regulator Station,Operating,3
ConocoPhillips Canada Resources Corp.,Pump Station,Operating,3
East Smoky Gas Co-Op Ltd.,Meter Station,Operating,3
Pembina Marketing Ltd.,Tank Farm,Operating,3
TAQA North Ltd.,Compressor Station,Operating,3
Cold Lake Pipeline Ltd.,Tank Farm,Operating,3
ATCO Gas And Pipelines Ltd.,Meter Station,Operating,3
Tidewater Midstream and Infrastructure Ltd.,Compressor Station,Operating,3
Windsor Salt Ltd/sel Windsor Ltee,Regulator Station,Operating,3
Paramount Resources Ltd.,Meter Station,Operating,3
ConocoPhillips Canada Resources Corp.,Meter Station,Operating,3
Petrogas Energy Corp.,Oil Terminal,Operating,3
Whitefish Lake Indian Band,Regulator Station,Operating,3
Suncor Energy Logistics Corporation,Compressor Station,Operating,3
Barrhead-Westlock Natural Gas Co-Op Ltd,Meter Regulator Stn.,Operating,2
Pembina NGL Corporation,Pump Station,Operating,2
Coronado Gas Co-op Ltd.,Regulator Station,Operating,2
TAQA North Ltd.,Meter Regulator Stn.,Operating,2
Blue Sky Resources Ltd.,Pump Station,Operating,2
Conifer Energy Inc.,Pump Station,Operating,2
Inter-City Gas Corporation,Meter Station,Operating,2
Novacorp Engineering Services Ltd.,Meter Station,Operating,2
Conifer Energy Inc.,Compressor Station,Operating,2
Aspenleaf Energy Limited,Pump Station,Operating,2
Inter Pipeline Ltd.,Tank Farm,Removed,2
Broadbill Energy Inc.,Tank Farm,Operating,2
Loyal Energy (canada) Operating Ltd.,Meter Station,Operating,2
N7 Energy Ltd.,Pump Station,Operating,2
Peyto Exploration & Development Corp.,Pump Station,Operating,2
Serinus Energy PLC,Meter Station,Operating,2
Midcoast Canada Operating Corporation,Tank Farm,Removed,2
InPlay Oil Corp.,Meter Station,Operating,2
Saturn Oil & Gas Inc.,Pump Station,Operating,2
Westcoast Energy Inc.,Compressor Station,Operating,2
Northern Courier Pipeline Gp Ltd.,Pump Station,Operating,2
Ricochet Oil Corp.,Meter Station,Suspended,2
Vermilion Energy Inc.,Compressor Station,Operating,2
Wolf Carbon Solutions Inc.,Compressor Station,Operating,2
West Lake Energy Corp.,Compressor Station,Operating,2
Baytex Energy Ltd.,Meter Station,Operating,2
Area 2 Energy Ltd.,Compressor Station,Abandoned,2
Ricochet Oil Corp.,Pump Station,Operating,2
Pembina Pipeline Corporation,Pump Station,Suspended,2
SanLing Energy Ltd.,Meter Station,Abandoned,2
Barrel Oil Corp.,Meter Regulator Stn.,Operating,2
Keyera Energy Ltd.,Tank Farm,Operating,2
Keyera Energy Ltd.,Pump Station,Permitted,2
Imperial Oil Resources Limited,Tank Farm,Operating,2
Keyera Energy Ltd.,Oil Terminal,Suspended,2
Keyera Energy Ltd.,Line Heater,Operating,2
AltaGas Ltd.,Pump Station,Abandoned,2
Pembina Pipeline Corporation,Oil Terminal,Operating,2
Cold Lake Pipeline Ltd.,Pump Station,Permitted,2
Tidewater Midstream and Infrastructure Ltd.,Line Heater,Operating,2
Btg Energy Corporation,Meter Station,Operating,2
Phoenix Gas Co-Op Ltd.,Meter Regulator Stn.,Operating,2
ExxonMobil Canada Ltd.,Line Heater,Operating,2
ExxonMobil Canada Ltd.,Meter Regulator Stn.,Operating,2
Storm Development Corp.,Meter Station,Operating,2
Pembina Pipeline Corporation,Tank Farm,Suspended,2
Canadian Natural Upgrading Limited,Pump Station,Operating,2
Suncor Energy Inc.,Line Heater,Removed,2
"Flint Hills Resources Canada, ULC",Tank Farm,Operating,2
"Omimex Canada, Ltd.",Meter Station,Operating,2
Green Impact Operating Corp.,Tank Farm,Operating,2
Grand Rapids Pipeline GP Ltd.,Tank Farm,Operating,2
Chief Mountain Gas Co-Op Ltd,Meter Station,Operating,2
Cenovus Energy Inc.,Meter Station,Removed,2
Peyto Exploration & Development Corp.,Meter Station,Operating,2
Canadian Natural Upgrading Limited,Tank Farm,Operating,2
Tidewater Midstream and Infrastructure Ltd.,Pump Station,Operating,2
Gran Tierra Canada Ltd.,Compressor Station,Operating,2
Canlin Energy Corporation,Regulator Station,Operating,2
Paramount Resources Ltd.,Compressor Station,Operating,2
Gibson Energy Inc.,Oil Terminal,Operating,2
ATCO Next Energy Ltd.,Compressor Station,Operating,2
Forty Mile Gas Co-op Ltd.,Meter Regulator Stn.,Operating,2
Paintearth Gas Co-Op Ltd.,Meter Station,Operating,2
City Of Medicine Hat,Compressor Station,Operating,2
Harvest Operations Corp.,Compressor Station,Operating,2
Cleo Energy Corp.,Regulator Station,Operating,2
Pembina Marketing Ltd.,Oil Terminal,Operating,2
Whitecap Resources Inc.,Meter Regulator Stn.,Operating,2
Signalta Resources Limited,Compressor Station,Operating,2
Tidewater Midstream and Infrastructure Ltd.,Meter Station,Operating,2
Ember Resources Inc.,Meter Station,Operating,2
Houston Oil & Gas Ltd.,Compressor Station,Operating,2
Access Pipeline Inc.,Tank Farm,Operating,2
Highwood Asset Management Ltd.,Pump Station,Operating,2
Express Pipeline Ltd.,Oil Terminal,Operating,2
Cenovus Energy Inc.,Oil Terminal,Operating,2
Cleo Energy Corp.,Meter Station,Operating,2
The Town Of High Prairie,Meter Station,Operating,2
Harvest Operations Corp.,Meter Station,Operating,2
Pine Cliff Energy Ltd.,Meter Regulator Stn.,Operating,2
Tidewater Midstream and Infrastructure Ltd.,Regulator Station,Operating,2
Yellowhead Gas Co-Op Ltd.,Meter Regulator Stn.,Operating,1
Pointbreak Resources Inc.,Meter Station,Operating,1
Village Of Forestburg,Meter Regulator Stn.,Operating,1
Pethelen Resources (1973) Limited,Compressor Station,Operating,1
Prairie Provident Resources Canada Ltd.,Meter Regulator Stn.,Operating,1
Prairie Provident Resources Canada Ltd.,Meter Station,Operating,1
Pismo Energy Ltd.,Pump Station,Operating,1
Pointbreak Resources Inc.,Compressor Station,Operating,1
Pleasant Hills Resources Ltd.,Compressor Station,Abandoned,1
Whitecap Resources Inc.,Compressor Station,Operating,1
White Spruce Pipeline Gp Ltd.,Tank Farm,Operating,1
Plains Midstream Canada ULC,Meter Regulator Stn.,Operating,1
Plains Midstream Canada ULC,Meter Station,Operating,1
Westcoast Energy Inc.,Meter Station,Operating,1
Plains Midstream Canada ULC,Meter Station,Suspended,1
Pioneer Gas Co-op Limited,Meter Regulator Stn.,Operating,1
Pine Cliff Energy Ltd.,Meter Station,Operating,1
Whitecap Resources Inc.,Tank Farm,Operating,1
Westbrick Energy Ltd.,Tank Farm,Permitted,1
Peyto Exploration & Development Corp.,Compressor Station,Operating,1
West Parkland Gas Co-Op Ltd.,Meter Station,Operating,1
Plains Midstream Canada ULC,Pump Station,Removed,1
Whitecourt Newsprint Company Ltd.,Meter Regulator Stn.,Operating,1
West Lake Energy Corp.,Regulator Station,Operating,1
Plains Midstream Canada ULC,Pump Station,Suspended,1
Tallahassee Exploration Inc.,Tank Farm,Operating,1
Pulse Oil Operating Corp.,Compressor Station,Operating,1
Shoreline Energy Corp.,Compressor Station,Operating,1
Signalta Resources Limited,Meter Station,Operating,1
Sinopec Canada Energy Ltd.,Compressor Station,Operating,1
South Bow Terminals GP Ltd.,Tank Farm,Operating,1
Spoke Resources Ltd.,Compressor Station,Operating,1
Spoke Resources Ltd.,Meter Regulator Stn.,Operating,1
Spoke Resources Ltd.,Meter Station,Operating,1
Spoke Resources Ltd.,Meter Station,Suspended,1
Ste Anne Natural Gas Co-Op Limited,Regulator Station,Abandoned,1
Strategic Oil & Gas Ltd.,Oil Terminal,Operating,1
Strathcona Resources Ltd.,Pump Station,Operating,1
Tirol Gas Co-Op Limited,Meter Station,Operating,1
Strathcona Resources Ltd.,Pump Station,Suspended,1
Strathcona Resources Ltd.,Tank Farm,Operating,1
Suncor Energy Inc.,Meter Station,Operating,1
Suncor Energy Logistics Corporation,Meter Station,Operating,1
Suncor Energy Logistics Corporation,Regulator Station,Operating,1
Surge Energy Inc.,Pump Station,Operating,1
Texcal Energy Canada Inc.,Pump Station,Operating,1
Texcal Energy Canada Inc.,Compressor Station,Discontinued,1
TAQA North Ltd.,Meter Station,Operating,1
TAQA North Ltd.,Oil Terminal,Operating,1
Teine Energy Ltd.,Tank Farm,Operating,1
TAQA North Ltd.,Pump Station,Operating,1
Teine Energy Ltd.,Pump Station,Removed,1
Teine Energy Ltd.,Meter Station,Operating,1
Tallahassee Exploration Inc.,Line Heater,Operating,1
Tallahassee Exploration Inc.,Meter Station,Operating,1
Teine Energy Ltd.,Compressor Station,Operating,1
Tamarack Valley Energy Ltd.,Line Heater,Operating,1
Signalta Resources Limited,Meter Regulator Stn.,Operating,1
Tourmaline Oil Corp.,Meter Station,Operating,1
Pulse Oil Operating Corp.,Pump Station,Operating,1
Shell Canada Limited,Tank Farm,Operating,1
Vermilion Energy Inc.,Meter Station,Operating,1
Questfire Energy Corp.,Compressor Station,Operating,1
Questfire Energy Corp.,Pump Station,Operating,1
Ranahan Resources Limited,Meter Regulator Stn.,Operating,1
Regco Petroleums Ltd.,Tank Farm,Suspended,1
Ricochet Oil Corp.,Compressor Station,Operating,1
Rising Tide Energy Ltd.,Meter Station,Operating,1
Transcanada Keystone Pipeline Gp Ltd.,Tank Farm,Operating,1
Rockyview Gas Co-op Ltd.,Meter Regulator Stn.,Operating,1
TransCanada Pipeline Ventures Ltd.,Compressor Station,Operating,1
TransCanada PipeLines Limited,Pump Station,Operating,1
TransCanada Energy Ltd.,Meter Station,Operating,1
Town Of Valleyview,Regulator Station,Operating,1
SanLing Energy Ltd.,Pump Station,Operating,1
SanLing Energy Ltd.,Tank Farm,Operating,1
Saturn Oil & Gas Inc.,Compressor Station,Operating,1
Town Of Smoky Lake,Meter Regulator Stn.,Operating,1
Town Of Sedgewick,Regulator Station,Operating,1
Saturn Oil & Gas Inc.,Meter Station,Operating,1
Town Of Sedgewick,Meter Station,Operating,1
Scavenger Energy GP Inc.,Meter Station,Suspended,1
Secure Waste Infrastructure Corp.,Pump Station,Operating,1
Secure Waste Infrastructure Corp.,Tank Farm,Operating,1
Town Of Sedgewick,Meter Regulator Stn.,Operating,1
Town Of Castor,Regulator Station,Operating,1
Sequoia Resources Corp.,Line Heater,Operating,1
Town Of Castor,Meter Station,Operating,1
Sequoia Resources Corp.,Meter Station,Suspended,1
Tourmaline Oil Corp.,Oil Terminal,Operating,1
2363750 Alberta Ltd.,Regulator Station,Operating,1
Kasten Energy Inc.,Compressor Station,Operating,1
Pembina Pipeline Corporation,Tank Farm,Removed,1
Cenovus Energy Inc.,Pump Station,Discontinued,1
ConocoPhillips Canada Operations ULC,Compressor Station,Operating,1
Cold Lake Pipeline Ltd.,Pump Station,Removed,1
Coastal Resources Limited,Pump Station,Operating,1
Cleo Energy Corp.,Compressor Station,Suspended,1
Clearview Resources Ltd.,Compressor Station,Operating,1
Chinook Gas Co-Op Ltd.,Meter Regulator Stn.,Operating,1
Cenovus Energy Inc.,Tank Farm,Removed,1
Cenovus Energy Inc.,Tank Farm,Discontinued,1
Cenovus Energy Inc.,Meter Regulator Stn.,Suspended,1
ConocoPhillips Canada Resources Corp.,Line Heater,Operating,1
Cenovus Energy Inc.,Meter Regulator Stn.,Abandoned,1
Cardinal Energy Ltd.,Pump Station,Operating,1
Cardinal Energy Ltd.,Meter Regulator Stn.,Operating,1
Canlin Energy Corporation,Meter Station,Suspended,1
Canadian Natural Resources Limited,Pump Station,Removed,1
Canadian Natural Resources Limited,Meter Regulator Stn.,Abandoned,1
Canadian Natural Resources Limited,Compressor Station,Suspended,1
Canadian Natural Resources Limited,Compressor Station,Removed,1
ConocoPhillips Canada Operations ULC,Meter Station,Operating,1
ConocoPhillips Canada Resources Corp.,Meter Regulator Stn.,Operating,1
CNOOC Petroleum North America ULC,Tank Farm,Operating,1
Eagle Oilfield Sales & Fabricating Ltd.,Compressor Station,Operating,1
Enerplus Corporation,Regulator Station,Operating,1
Enerplus Corporation,Pump Station,Operating,1
Enerplus Corporation,Meter Station,Operating,1
Enerplus Corporation,Line Heater,Operating,1
Enerplus Corporation,Compressor Station,Operating,1
Enercapita Energy Ltd.,Meter Station,Operating,1
Enbridge Midstream Inc.,Tank Farm,Operating,1
Ember Resources Inc.,Regulator Station,Operating,1
E. Martens Enterprises Ltd.,Pump Station,Operating,1
Conserve Oil 8th Corporation,Tank Farm,Operating,1
Dynatech Petroleum Consultants Ltd.,Meter Station,Discontinued,1
"Dumaresq, Charles A.",Regulator Station,Operating,1
Discovery Resource Management Ltd.,Meter Station,Operating,1
Devon Canada Corporation,Tank Farm,Operating,1
Department Of National Defence,Regulator Station,Operating,1
Cynthia Custom Oil Processing Ltd.,Tank Farm,Removed,1
County of Thorhild No. 7,Meter Station,Operating,1
Consolidated Pipe Lines Company,Meter Station,Operating,1
Calpine Canada Resources Company,Compressor Station,Operating,1
Btg Energy Corporation,Tank Farm,Operating,1
Pembina Pipeline Corporation,Tank Farm,Permitted,1
Alberta Products Pipe Line Ltd,Tank Farm,Operating,1
Apex Utilities Inc.,Compressor Station,Operating,1
Anterra Energy Inc.,Meter Station,Operating,1
AltaGas Ltd.,Meter Regulator Stn.,Abandoned,1
AltaGas Ltd.,Line Heater,Permitted,1
AltaGas Ltd.,Compressor Station,Operating,1
AlphaBow Energy Ltd.,Meter Station,Discontinued,1
AlphaBow Energy Ltd.,Compressor Station,Operating,1
Alder Flats Gas Co-Op Ltd.,Regulator Station,Operating,1
Alberta Diluent Terminal Ltd.,Oil Terminal,Operating,1
Area 2 Energy Ltd.,Meter Station,Abandoned,1
Air Liquide Canada Inc.,Meter Station,Operating,1
ATCO Next Energy Ltd.,Regulator Station,Operating,1
ATCO Next Energy Ltd.,Pump Station,Operating,1
ATCO Next Energy Ltd.,Meter Regulator Stn.,Operating,1
ATCO Gas And Pipelines Ltd.,Compressor Station,Abandoned,1
ARC Resources Ltd.,Tank Farm,Operating,1
ARB Midstream Logistics Canada ULC,Oil Terminal,Operating,1
595988 Alberta Ltd.,Meter Regulator Stn.,Operating,1
Apex Utilities Inc.,Compressor Station,Removed,1
Aspenleaf Energy Limited,Regulator Station,Operating,1
Btg Energy Corporation,Meter Regulator Stn.,Operating,1
Bearspaw Petroleum Ltd.,Compressor Station,Operating,1
Btg Energy Corporation,Line Heater,Operating,1
Bruderheim Energy Terminal Ltd.,Oil Terminal,Operating,1
Bornite Energy Ltd.,Meter Station,Operating,1
Bonterra Energy Corp.,Compressor Station,Operating,1
Bonterra Energy Corp.,Compressor Station,Discontinued,1
Blue Sky Resources Ltd.,Compressor Station,Operating,1
Birchcliff Energy Ltd.,Compressor Station,Operating,1
Bearspaw Petroleum Ltd.,Meter Station,Operating,1
Bear Hills Industries Ltd.,Regulator Station,Operating,1
Axiom Oil and Gas Inc.,Meter Station,Operating,1
Baytex Energy Ltd.,Regulator Station,Operating,1
Baytex Energy Ltd.,Pump Station,Operating,1
Baytex Energy Ltd.,Oil Terminal,Permitted,1
Baytex Energy Ltd.,Meter Regulator Stn.,Operating,1
Battle River Energy Ltd.,Regulator Station,Suspended,1
Battle River Energy Ltd.,Compressor Station,Operating,1
Barrel Oil Corp.,Regulator Station,Operating,1
Baccalieu Energy Inc.,Meter Regulator Stn.,Operating,1
Enhance Energy Inc.,Pump Station,Operating,1
Entex Petroleums Ltd.,Compressor Station,Operating,1
Evergreen Gas Co-op Ltd.,Meter Regulator Stn.,Operating,1
MEG Energy Corp.,Pump Station,Operating,1
NOVA Chemicals Corporation,Pump Station,Operating,1
NOVA Chemicals Corporation,Meter Station,Suspended,1
Mountain Bell Energy Ltd.,Compressor Station,Operating,1
Marlin Resources Ltd.,Compressor Station,Operating,1
Manitok Energy Inc.,Compressor Station,Operating,1
Mancal Energy Inc.,Compressor Station,Operating,1
Maga Energy Ltd.,Pump Station,Discontinued,1
MEGlobal Canada ULC,Pump Station,Operating,1
MEG Energy Corp.,Meter Station,Abandoned,1
NOVA Gas Transmission Ltd.,Regulator Station,Operating,1
Lynx Energy ULC,Meter Station,Operating,1
Loyal Energy (canada) Operating Ltd.,Pump Station,Operating,1
Loyal Energy (canada) Operating Ltd.,Compressor Station,Operating,1
Long Term Asset Management Inc.,Line Heater,Operating,1
Long Run Exploration Ltd.,Regulator Station,Operating,1
Long Run Exploration Ltd.,Pump Station,Operating,1
Long Run Exploration Ltd.,Compressor Station,Operating,1
Legacy Petroleum Ltd.,Compressor Station,Operating,1
NOVA Gas Transmission Ltd.,Meter Regulator Stn.,Operating,1
Nakoda Oil and Gas Inc.,Line Heater,Operating,1
"Flint Hills Resources Canada, ULC",Pump Station,Operating,1
PKM Canada Rail Holdings GP Ltd.,Tank Farm,Operating,1
Pembina Pipeline Corporation,Pump Station,Removed,1
Paramount Resources Ltd.,Pump Station,Operating,1
Paramount Resources Ltd.,Oil Terminal,Operating,1
Paramount Resources Ltd.,Meter Station,Abandoned,1
Paramount Resources Ltd.,Meter Regulator Stn.,Operating,1
Paramount Resources Ltd.,Line Heater,Operating,1
Palmer Ranch (1984) Ltd.,Pump Station,Discontinued,1
PKM Canada Terminals GP ULC,Tank Farm,Operating,1
PGI Processing ULC,Compressor Station,Operating,1
Northern Courier Pipeline Gp Ltd.,Tank Farm,Operating,1
Ovintiv Canada ULC,Regulator Station,Operating,1
Outlier Resources Ltd.,Compressor Station,Operating,1
"Omimex Canada, Ltd.",Meter Regulator Stn.,Operating,1
Obsidian Energy Ltd.,Tank Farm,Suspended,1
Obsidian Energy Ltd.,Tank Farm,Operating,1
Obsidian Energy Ltd.,Meter Regulator Stn.,Operating,1
NuVista Energy Ltd.,Compressor Station,Operating,1
Novacorp Engineering Services Ltd.,Meter Regulator Stn.,Operating,1
Land Petroleum International Inc.,Meter Station,Operating,1
LR Processing Ltd.,Pump Station,Operating,1
LR Processing Ltd.,Line Heater,Operating,1
Harvest Operations Corp.,Line Heater,Operating,1
Houston Oil & Gas Ltd.,Meter Station,Operating,1
Houston Oil & Gas Ltd.,Meter Regulator Stn.,Operating,1
Highwood Asset Management Ltd.,Oil Terminal,Operating,1
Highvale Energy Limited,Tank Farm,Operating,1
Highvale Energy Limited,Meter Station,Operating,1
Harvest Operations Corp.,Tank Farm,Operating,1
Harvest Operations Corp.,Oil Terminal,Operating,1
Harvest Operations Corp.,Meter Regulator Stn.,Operating,1
Hardisty Caverns Ltd.,Tank Farm,Operating,1
Koch Oil Co Ltd,Tank Farm,Suspended,1
Hardisty Caverns Ltd.,Pump Station,Operating,1
Gunnarr Resources Inc.,Meter Station,Operating,1
Gran Tierra Canada Ltd.,Regulator Station,Operating,1
Gran Tierra Canada Ltd.,Oil Terminal,Operating,1
Gran Tierra Canada Ltd.,Compressor Station,Suspended,1
Free Rein Resources Ltd.,Meter Station,Operating,1
Forty Mile Gas Co-op Ltd.,Meter Station,Operating,1
Foothills Natural Gas Co-op Ltd.,Meter Station,Operating,1
Hutterian Brethren Church Of Valleyview,Meter Station,Operating,1
Imperial Oil Resources Limited,Compressor Station,Discontinued,1
Imperial Oil Resources Limited,Oil Terminal,Discontinued,1
InPlay Oil Corp.,Compressor Station,Operating,1
Kingston Midstream Alberta Limited,Oil Terminal,Permitted,1
KinMerc Oil & Gas Inc.,Pump Station,Operating,1
Keyera Energy Ltd.,Meter Station,Discontinued,1
Keyera Energy Ltd.,Compressor Station,Operating,1
543077 Alberta Ltd.,Meter Regulator Stn.,Operating,1
Journey Energy Inc.,Tank Farm,Operating,1
Journey Energy Inc.,Compressor Station,Operating,1
JBS Food Canada ULC,Regulator Station,Operating,1
Ipc Canada Ltd.,Regulator Station,Operating,1
Ipc Canada Ltd.,Pump Station,Operating,1
Inter Pipeline Polaris Inc.,Pump Station,Removed,1
Inter Pipeline Ltd.,Tank Farm,Suspended,1
Inter Pipeline Ltd.,Oil Terminal,Suspended,1
Inter Pipeline Ltd.,Meter Station,Operating,1
Insignia Energy Ltd.,Line Heater,Operating,1
Inland Development Company Ltd,Meter Regulator Stn.,Operating,1
InPlay Oil Corp.,Pump Station,Operating,1
Yellowhead Gas Co-Op Ltd.,Regulator Station,Operating,1
