gas_day,linepack_mmcf,target_mmcf,tolerance_raw,tolerance_low_pct,tolerance_high_pct,band_low_mmcf,band_high_mmcf,band_position,tolerance_changed,tolerance_shifted,linepack_roc_mmcfd,linepack_change_24h_mmcf,sd_account_tj,oba_account_tj,source_file
2025-07-01,19688.0,20659.0,-2/0 (%),-2.0,0.0,20245.82,20659.0,-1.3500653468222066,2025-01-13 08:00:00,False,-157.0,8.0,-640.1,852.7,GdsrNGTLImperial20250701.csv
2025-07-02,19985.0,20659.0,-2/0 (%),-2.0,0.0,20245.82,20659.0,-0.6312503025315831,2025-01-13 08:00:00,False,227.0,297.0,-612.5,1161.1,GdsrNGTLImperial20250702.csv
2025-07-03,20147.0,20659.0,-2/0 (%),-2.0,0.0,20245.82,20659.0,-0.23916936928215218,2025-01-13 08:00:00,False,-12.0,162.0,-355.8,1157.9,GdsrNGTLImperial20250703.csv
2025-07-04,20131.0,20659.0,-2/0 (%),-2.0,0.0,20245.82,20659.0,-0.27789341207221946,2025-01-13 08:00:00,False,-57.0,-16.0,-367.6,1057.0,GdsrNGTLImperial20250704.csv
2025-07-05,20146.0,20659.0,-2/0 (%),-2.0,0.0,20245.82,20659.0,-0.2415896219565314,2025-01-13 08:00:00,False,-21.0,15.0,-262.3,934.9,GdsrNGTLImperial20250705.csv
2025-07-06,19941.0,20659.0,-2/0 (%),-2.0,0.0,20245.82,20659.0,-0.7377414202042681,2025-01-13 08:00:00,False,-621.0,-205.0,-362.7,862.3,GdsrNGTLImperial20250706.csv
2025-07-07,19706.0,20659.0,-2/0 (%),-2.0,0.0,20245.82,20659.0,-1.306500798683381,2025-01-13 08:00:00,False,-107.0,-236.0,-359.3,821.5,GdsrNGTLImperial20250707.csv
2025-07-08,19731.0,20659.0,-2/0 (%),-2.0,0.0,20245.82,20659.0,-1.2459944818239008,2025-01-13 08:00:00,False,-28.0,26.0,-517.5,918.3,GdsrNGTLImperial20250708.csv
2025-07-09,20005.0,20659.0,-2/0 (%),-2.0,0.0,20245.82,20659.0,-0.582845249043999,2025-01-13 08:00:00,False,254.0,274.0,-262.2,1082.8,GdsrNGTLImperial20250709.csv
2025-07-10,20091.0,20659.0,-2/0 (%),-2.0,0.0,20245.82,20659.0,-0.3747035190473876,2025-01-13 08:00:00,False,-388.0,85.0,-193.5,915.1,GdsrNGTLImperial20250710.csv
2025-07-11,20060.0,20659.0,-2/0 (%),-2.0,0.0,20245.82,20659.0,-0.4497313519531429,2025-01-13 08:00:00,False,125.0,-30.0,-315.9,837.6,GdsrNGTLImperial20250711.csv
2025-07-12,20042.0,20659.0,-2/0 (%),-2.0,0.0,20245.82,20659.0,-0.49329590009196855,2025-01-13 08:00:00,False,-179.0,-18.0,-215.9,724.2,GdsrNGTLImperial20250712.csv
2025-07-13,19862.0,20659.0,-2/0 (%),-2.0,0.0,20245.82,20659.0,-0.9289413814802252,2025-01-13 08:00:00,False,-94.0,-180.0,-407.5,737.3,GdsrNGTLImperial20250713.csv
2025-07-14,20002.0,20659.0,-2/0 (%),-2.0,0.0,20245.82,20659.0,-0.5901060070671367,2025-01-13 08:00:00,False,238.0,140.0,-424.3,753.3,GdsrNGTLImperial20250714.csv
2025-07-15,20075.0,20659.0,-2/0 (%),-2.0,0.0,20245.82,20659.0,-0.4134275618374548,2025-01-13 08:00:00,False,4.0,73.0,-454.7,950.3,GdsrNGTLImperial20250715.csv
2025-07-16,20000.0,20659.0,-2/0 (%),-2.0,0.0,20245.82,20659.0,-0.5949465124158951,2025-01-13 08:00:00,False,-397.0,-75.0,-313.0,742.2,GdsrNGTLImperial20250716.csv
2025-07-17,19573.0,20659.0,-2/0 (%),-2.0,0.0,20245.82,20659.0,-1.628394404375815,2025-01-13 08:00:00,False,-503.0,-427.0,-570.5,520.0,GdsrNGTLImperial20250717.csv
2025-07-18,19686.0,20659.0,-2/0 (%),-2.0,0.0,20245.82,20659.0,-1.354905852170965,2025-01-13 08:00:00,False,9.0,113.0,-464.4,620.6,GdsrNGTLImperial20250718.csv
2025-07-19,19088.0,20659.0,-2/0 (%),-2.0,0.0,20245.82,20659.0,-2.802216951449729,2025-01-13 08:00:00,False,-396.0,-598.0,-884.4,422.4,GdsrNGTLImperial20250719.csv
2025-07-20,19448.0,20659.0,-2/0 (%),-2.0,0.0,20245.82,20659.0,-1.9309259886732155,2025-01-13 08:00:00,False,430.0,360.0,-212.6,302.8,GdsrNGTLImperial20250720.csv
2025-07-21,19507.0,20659.0,-1/1 (%),-1.0,1.0,20452.41,20865.59,-2.2881310808848423,2025-07-21 08:00:00,True,-217.0,59.0,-325.0,492.7,GdsrNGTLImperial20250721.csv
2025-07-22,19175.0,20659.0,-1/1 (%),-1.0,1.0,20452.41,20865.59,-3.091654968778738,2025-07-21 08:00:00,False,-245.0,-331.0,-143.1,41.2,GdsrNGTLImperial20250722.csv
2025-07-23,19175.0,20659.0,-1/1 (%),-1.0,1.0,20452.41,20865.59,-3.091654968778738,2025-07-21 08:00:00,False,178.0,-1.0,-252.3,20.9,GdsrNGTLImperial20250723.csv
2025-07-24,19389.0,20659.0,-1/1 (%),-1.0,1.0,20452.41,20865.59,-2.5737208964615883,2025-07-21 08:00:00,False,902.0,214.0,-69.3,-55.9,GdsrNGTLImperial20250724.csv
2025-07-25,19455.0,20659.0,-1/1 (%),-1.0,1.0,20452.41,20865.59,-2.413984219952561,2025-07-21 08:00:00,False,-76.0,66.0,-37.5,91.9,GdsrNGTLImperial20250725.csv
2025-07-26,19564.0,20659.0,-1/1 (%),-1.0,1.0,20452.41,20865.59,-2.1501766784452276,2025-07-21 08:00:00,False,-30.0,110.0,93.9,184.3,GdsrNGTLImperial20250726.csv
2025-07-27,19725.0,20659.0,-1/1 (%),-1.0,1.0,20452.41,20865.59,-1.760515997870176,2025-07-21 08:00:00,False,342.0,161.0,137.0,275.1,GdsrNGTLImperial20250727.csv
2025-07-28,19726.0,20659.0,-1/1 (%),-1.0,1.0,20452.41,20865.59,-1.7580957451957968,2025-07-21 08:00:00,False,184.0,1.0,-3.8,299.4,GdsrNGTLImperial20250728.csv
2025-07-29,19903.0,20659.0,-1/1 (%),-1.0,1.0,20452.41,20865.59,-1.3297110218306778,2025-07-21 08:00:00,False,231.0,177.0,132.4,292.5,GdsrNGTLImperial20250729.csv
2025-07-30,19615.0,20659.0,-1/1 (%),-1.0,1.0,20452.41,20865.59,-2.0267437920518883,2025-07-21 08:00:00,False,-84.0,-288.0,-233.4,-225.7,GdsrNGTLImperial20250730.csv
2025-07-31,19545.0,20659.0,-1/1 (%),-1.0,1.0,20452.41,20865.59,-2.1961614792584325,2025-07-21 08:00:00,False,337.0,-70.0,-412.6,-443.3,GdsrNGTLImperial20250731.csv
2025-08-01,19523.0,20659.0,-1/1 (%),-1.0,1.0,20452.41,20865.59,-2.249407038094775,2025-07-21 08:00:00,False,-266.0,-22.0,-114.1,-645.5,GdsrNGTLImperial20250801.csv
2025-08-02,19639.0,20659.0,-1/1 (%),-1.0,1.0,20452.41,20865.59,-1.9686577278667876,2025-07-21 08:00:00,False,191.0,116.0,-32.1,-622.7,GdsrNGTLImperial20250802.csv
2025-08-03,19808.0,20659.0,-1/1 (%),-1.0,1.0,20452.41,20865.59,-1.5596350258967022,2025-07-21 08:00:00,False,207.0,169.0,159.0,-587.4,GdsrNGTLImperial20250803.csv
2025-08-04,19798.0,20659.0,-1/1 (%),-1.0,1.0,20452.41,20865.59,-1.5838375526404942,2025-07-21 08:00:00,False,-305.0,-10.0,-10.9,-433.6,GdsrNGTLImperial20250804.csv
2025-08-05,19501.0,20659.0,-1/1 (%),-1.0,1.0,20452.41,20865.59,-2.3026525969311176,2025-07-21 08:00:00,False,-345.0,-297.0,-263.4,-494.8,GdsrNGTLImperial20250805.csv
2025-08-06,19563.0,20659.0,-1/1 (%),-1.0,1.0,20452.41,20865.59,-2.152596931119607,2025-07-21 08:00:00,False,337.0,62.0,-134.8,-509.6,GdsrNGTLImperial20250806.csv
2025-08-07,19435.0,20659.0,-1/1 (%),-1.0,1.0,20452.41,20865.59,-2.462389273440145,2025-07-21 08:00:00,False,-90.0,-128.0,-10.1,-723.4,GdsrNGTLImperial20250807.csv
2025-08-08,19275.0,20659.0,-1/1 (%),-1.0,1.0,20452.41,20865.59,-2.8496297013408176,2025-07-21 08:00:00,False,-120.0,-160.0,-176.2,-661.0,GdsrNGTLImperial20250808.csv
2025-08-09,19092.0,20659.0,-1/1 (%),-1.0,1.0,20452.41,20865.59,-3.2925359407522117,2025-07-21 08:00:00,False,-254.0,-183.0,-238.4,-817.1,GdsrNGTLImperial20250809.csv
2025-08-10,18959.0,20659.0,-1/1 (%),-1.0,1.0,20452.41,20865.59,-3.614429546444646,2025-07-21 08:00:00,False,-150.0,-133.0,-296.4,-742.9,GdsrNGTLImperial20250810.csv
2025-08-11,19172.0,20659.0,0/2 (%),0.0,2.0,20659.0,21072.18,-3.5989157268018754,2025-08-11 08:00:00,True,38.0,213.0,-211.4,-613.7,GdsrNGTLImperial20250811.csv
2025-08-12,19589.0,20659.0,0/2 (%),0.0,2.0,20659.0,21072.18,-2.589670361585748,2025-08-11 08:00:00,False,361.0,417.0,24.7,-704.4,GdsrNGTLImperial20250812.csv
2025-08-13,19720.0,20659.0,0/2 (%),0.0,2.0,20659.0,21072.18,-2.272617261242072,2025-08-11 08:00:00,False,46.0,131.0,374.9,-699.7,GdsrNGTLImperial20250813.csv
2025-08-14,19786.0,20659.0,0/2 (%),0.0,2.0,20659.0,21072.18,-2.1128805847330447,2025-08-11 08:00:00,False,187.0,67.0,-63.0,-626.6,GdsrNGTLImperial20250814.csv
2025-08-15,20272.0,20659.0,0/2 (%),0.0,2.0,20659.0,21072.18,-0.9366377849847517,2025-08-11 08:00:00,False,571.0,486.0,341.6,-459.9,GdsrNGTLImperial20250815.csv
2025-08-16,20485.0,20659.0,0/2 (%),0.0,2.0,20659.0,21072.18,-0.42112396534198143,2025-08-11 08:00:00,False,103.0,213.0,353.4,-334.3,GdsrNGTLImperial20250816.csv
2025-08-17,20565.0,20659.0,0/2 (%),0.0,2.0,20659.0,21072.18,-0.22750375139164514,2025-08-11 08:00:00,False,171.0,80.0,217.1,-212.2,GdsrNGTLImperial20250817.csv
2025-08-18,20627.0,20659.0,0/2 (%),0.0,2.0,20659.0,21072.18,-0.07744808558013451,2025-08-11 08:00:00,False,15.0,62.0,122.3,-229.6,GdsrNGTLImperial20250818.csv
2025-08-19,20816.0,20659.0,0/2 (%),0.0,2.0,20659.0,21072.18,0.37997966987753495,2025-08-11 08:00:00,False,460.0,189.0,90.0,-49.2,GdsrNGTLImperial20250819.csv
2025-08-20,20818.0,20659.0,0/2 (%),0.0,2.0,20659.0,21072.18,0.38482017522629336,2025-08-11 08:00:00,False,-280.0,2.0,309.3,9.6,GdsrNGTLImperial20250820.csv
2025-08-21,20574.0,20659.0,-1/1 (%),-1.0,1.0,20452.41,20865.59,0.2942785226777677,2025-08-21 08:00:00,True,-100.0,-244.0,188.6,-109.1,GdsrNGTLImperial20250821.csv
2025-08-22,20234.0,20659.0,-1/1 (%),-1.0,1.0,20452.41,20865.59,-0.5286073866111615,2025-08-21 08:00:00,False,-364.0,-340.0,63.0,-490.7,GdsrNGTLImperial20250822.csv
2025-08-23,20130.0,20659.0,-1/1 (%),-1.0,1.0,20452.41,20865.59,-0.7803136647465987,2025-08-21 08:00:00,False,27.0,-104.0,-33.5,-485.3,GdsrNGTLImperial20250823.csv
2025-08-24,19993.0,20659.0,-1/1 (%),-1.0,1.0,20452.41,20865.59,-1.1118882811365496,2025-08-21 08:00:00,False,-319.0,-137.0,-236.6,-412.4,GdsrNGTLImperial20250824.csv
2025-08-25,19737.0,20659.0,-1/1 (%),-1.0,1.0,20452.41,20865.59,-1.7314729657776256,2025-08-21 08:00:00,False,-46.0,-256.0,-818.8,-685.2,GdsrNGTLImperial20250825.csv
2025-08-26,20325.0,20659.0,-1/1 (%),-1.0,1.0,20452.41,20865.59,-0.30836439324265397,2025-08-21 08:00:00,False,633.0,588.0,-208.3,-530.6,GdsrNGTLImperial20250826.csv
2025-08-27,20567.0,20659.0,-1/1 (%),-1.0,1.0,20452.41,20865.59,0.27733675395711327,2025-08-21 08:00:00,False,503.0,242.0,-75.5,-451.1,GdsrNGTLImperial20250827.csv
2025-08-28,20553.0,20659.0,-1/1 (%),-1.0,1.0,20452.41,20865.59,0.24345321651580443,2025-08-21 08:00:00,False,88.0,-14.0,-74.7,-417.6,GdsrNGTLImperial20250828.csv
2025-08-29,20328.0,20659.0,-1/1 (%),-1.0,1.0,20452.41,20865.59,-0.30110363521951633,2025-08-21 08:00:00,False,29.0,-226.0,-244.3,-415.8,GdsrNGTLImperial20250829.csv
2025-08-30,20364.0,20659.0,-1/1 (%),-1.0,1.0,20452.41,20865.59,-0.21397453894186502,2025-08-21 08:00:00,False,240.0,36.0,-165.8,-414.1,GdsrNGTLImperial20250830.csv
2025-08-31,20659.0,20659.0,-1/1 (%),-1.0,1.0,20452.41,20865.59,0.5,2025-08-21 08:00:00,False,42.0,296.0,72.4,-383.3,GdsrNGTLImperial20250831.csv
2025-09-01,20898.0,20659.0,-1/1 (%),-1.0,1.0,20452.41,20865.59,1.0784403891766297,2025-08-21 08:00:00,False,544.0,239.0,171.2,-345.6,GdsrNGTLImperial20250901.csv
2025-09-02,21144.0,20659.0,-1/1 (%),-1.0,1.0,20452.41,20865.59,1.6738225470739136,2025-08-21 08:00:00,False,543.0,246.0,146.5,-79.0,GdsrNGTLImperial20250902.csv
2025-09-03,20934.0,20659.0,-2/0 (%),-2.0,0.0,20245.82,20659.0,1.6655694854542809,2025-09-03 08:00:00,True,-77.0,-211.0,-215.1,65.3,GdsrNGTLImperial20250903.csv
2025-09-04,20700.0,20659.0,-2/0 (%),-2.0,0.0,20245.82,20659.0,1.0992303596495474,2025-09-03 08:00:00,False,-361.0,-234.0,-13.7,-466.2,GdsrNGTLImperial20250904.csv
2025-09-05,20231.0,20659.0,-2/0 (%),-2.0,0.0,20245.82,20659.0,-0.03586814463429909,2025-09-03 08:00:00,False,-94.0,-468.0,-295.0,-373.0,GdsrNGTLImperial20250905.csv
2025-09-06,19953.0,20659.0,-2/0 (%),-2.0,0.0,20245.82,20659.0,-0.7086983881117177,2025-09-03 08:00:00,False,-241.0,-278.0,-439.0,-385.0,GdsrNGTLImperial20250906.csv
2025-09-07,19889.0,20659.0,-2/0 (%),-2.0,0.0,20245.82,20659.0,-0.8635945592719867,2025-09-03 08:00:00,False,130.0,-64.0,-354.4,-466.8,GdsrNGTLImperial20250907.csv
2025-09-08,19664.0,20659.0,-2/0 (%),-2.0,0.0,20245.82,20659.0,-1.4081514110073075,2025-09-03 08:00:00,False,-182.0,-226.0,-579.8,-424.1,GdsrNGTLImperial20250908.csv
2025-09-09,19794.0,20659.0,-2/0 (%),-2.0,0.0,20245.82,20659.0,-1.0935185633380111,2025-09-03 08:00:00,False,468.0,130.0,-287.3,-684.8,GdsrNGTLImperial20250909.csv
2025-09-10,19993.0,20659.0,-2/0 (%),-2.0,0.0,20245.82,20659.0,-0.6118882811365495,2025-09-03 08:00:00,False,813.0,200.0,-45.9,-624.1,GdsrNGTLImperial20250910.csv
2025-09-11,19989.0,20659.0,-2/0 (%),-2.0,0.0,20245.82,20659.0,-0.6215692918340663,2025-09-03 08:00:00,False,44.0,-4.0,-211.4,-450.2,GdsrNGTLImperial20250911.csv
2025-09-12,20509.0,20659.0,-2/0 (%),-2.0,0.0,20245.82,20659.0,0.6369620988431195,2025-09-03 08:00:00,False,521.0,520.0,-105.6,-5.4,GdsrNGTLImperial20250912.csv
2025-09-13,20564.0,20659.0,-2/0 (%),-2.0,0.0,20245.82,20659.0,0.7700759959339757,2025-09-03 08:00:00,False,89.0,55.0,-173.5,186.1,GdsrNGTLImperial20250913.csv
2025-09-14,20594.0,20659.0,-2/0 (%),-2.0,0.0,20245.82,20659.0,0.8426835761653517,2025-09-03 08:00:00,False,439.0,30.0,-270.1,254.5,GdsrNGTLImperial20250914.csv
2025-09-15,20437.0,20659.0,-2/0 (%),-2.0,0.0,20245.82,20659.0,0.4627039062878168,2025-09-03 08:00:00,False,-222.0,-157.0,-516.4,261.2,GdsrNGTLImperial20250915.csv
2025-09-16,20379.0,20659.0,-2/0 (%),-2.0,0.0,20245.82,20659.0,0.32232925117382305,2025-09-03 08:00:00,False,325.0,-59.0,-441.1,-26.2,GdsrNGTLImperial20250916.csv
2025-09-17,20503.0,20659.0,-2/0 (%),-2.0,0.0,20245.82,20659.0,0.6224405827968442,2025-09-03 08:00:00,False,169.0,125.0,-277.7,54.9,GdsrNGTLImperial20250917.csv
2025-09-18,20370.0,20659.0,-2/0 (%),-2.0,0.0,20245.82,20659.0,0.3005469771044102,2025-09-03 08:00:00,False,-2.0,-133.0,-430.9,-9.3,GdsrNGTLImperial20250918.csv
2025-09-19,20167.0,20659.0,-2/0 (%),-2.0,0.0,20245.82,20659.0,-0.19076431579456812,2025-09-03 08:00:00,False,125.0,-203.0,-430.5,-193.0,GdsrNGTLImperial20250919.csv
2025-09-20,20378.0,20659.0,-2/0 (%),-2.0,0.0,20245.82,20659.0,0.3199089984994438,2025-09-03 08:00:00,False,575.0,210.0,-125.0,-245.3,GdsrNGTLImperial20250920.csv
2025-09-21,20473.0,20659.0,-2/0 (%),-2.0,0.0,20245.82,20659.0,0.5498330025654682,2025-09-03 08:00:00,False,-188.0,95.0,-225.1,-79.0,GdsrNGTLImperial20250921.csv
2025-09-22,20453.0,20659.0,-2/0 (%),-2.0,0.0,20245.82,20659.0,0.5014279490778841,2025-09-03 08:00:00,False,277.0,-20.0,-195.0,5.0,GdsrNGTLImperial20250922.csv
2025-09-23,20482.0,20659.0,-2/0 (%),-2.0,0.0,20245.82,20659.0,0.571615276634881,2025-09-03 08:00:00,False,327.0,29.0,-271.5,66.2,GdsrNGTLImperial20250923.csv
2025-09-24,20594.0,20659.0,-2/0 (%),-2.0,0.0,20245.82,20659.0,0.8426835761653517,2025-09-03 08:00:00,False,234.0,112.0,-256.9,161.5,GdsrNGTLImperial20250924.csv
2025-09-25,20785.0,20659.0,-2/0 (%),-2.0,0.0,20245.82,20659.0,1.3049518369717796,2025-09-03 08:00:00,False,240.0,190.0,14.0,71.2,GdsrNGTLImperial20250925.csv
2025-09-26,20301.0,20659.0,-2/0 (%),-2.0,0.0,20245.82,20659.0,0.13354954257224516,2025-09-03 08:00:00,False,-515.0,-484.0,-364.1,-183.4,GdsrNGTLImperial20250926.csv
2025-09-27,19928.0,20659.0,-2/0 (%),-2.0,0.0,20245.82,20659.0,-0.7692047049711978,2025-09-03 08:00:00,False,-437.0,-372.0,-513.5,-480.1,GdsrNGTLImperial20250927.csv
2025-09-28,19776.0,20659.0,-2/0 (%),-2.0,0.0,20245.82,20659.0,-1.1370831114768367,2025-09-03 08:00:00,False,-314.0,-152.0,-496.5,-423.3,GdsrNGTLImperial20250928.csv
2025-09-29,19923.0,20659.0,-2/0 (%),-2.0,0.0,20245.82,20659.0,-0.7813059683430937,2025-09-03 08:00:00,False,72.0,147.0,-205.9,-270.8,GdsrNGTLImperial20250929.csv
2025-09-30,19802.0,20659.0,-2/0 (%),-2.0,0.0,20245.82,20659.0,-1.0741565419429775,2025-09-03 08:00:00,False,118.0,-121.0,-590.8,-184.7,GdsrNGTLImperial20250930.csv
2025-10-01,19872.0,20659.0,-2/0 (%),-2.0,0.0,20245.82,20659.0,-0.9047388547364331,2025-09-03 08:00:00,False,335.0,70.0,-477.5,-170.9,GdsrNGTLImperial20251001.csv
2025-10-02,20103.0,20659.0,-2/0 (%),-2.0,0.0,20245.82,20659.0,-0.34566048695483714,2025-09-03 08:00:00,False,329.0,230.0,-396.7,126.3,GdsrNGTLImperial20251002.csv
2025-10-03,20302.0,20659.0,-2/0 (%),-2.0,0.0,20245.82,20659.0,0.13596979524662436,2025-09-03 08:00:00,False,294.0,199.0,-269.6,289.8,GdsrNGTLImperial20251003.csv
2025-10-04,20183.0,20659.0,-2/0 (%),-2.0,0.0,20245.82,20659.0,-0.15204027300450085,2025-09-03 08:00:00,False,-441.0,-119.0,-365.0,386.8,GdsrNGTLImperial20251004.csv
2025-10-05,19794.0,20659.0,-2/0 (%),-2.0,0.0,20245.82,20659.0,-1.0935185633380111,2025-09-03 08:00:00,False,-362.0,-389.0,-380.6,154.3,GdsrNGTLImperial20251005.csv
2025-10-06,19556.0,20659.0,-2/0 (%),-2.0,0.0,20245.82,20659.0,-1.6695386998402615,2025-09-03 08:00:00,False,-35.0,-238.0,-467.6,54.7,GdsrNGTLImperial20251006.csv
2025-10-07,19613.0,20659.0,-2/0 (%),-2.0,0.0,20245.82,20659.0,-1.5315842974006468,2025-09-03 08:00:00,False,219.0,56.0,-435.4,7.3,GdsrNGTLImperial20251007.csv
2025-10-08,19319.0,20659.0,-1/1 (%),-1.0,1.0,20452.41,20865.59,-2.7431385836681326,2025-10-08 08:00:00,True,-611.0,-294.0,-345.6,-306.7,GdsrNGTLImperial20251008.csv
2025-10-09,19906.0,20659.0,-1/1 (%),-1.0,1.0,20452.41,20865.59,-1.3224502638075402,2025-10-08 08:00:00,False,591.0,587.0,163.7,-115.1,GdsrNGTLImperial20251009.csv
2025-10-10,20180.0,20659.0,-1/1 (%),-1.0,1.0,20452.41,20865.59,-0.6593010310276385,2025-10-08 08:00:00,False,593.0,275.0,-109.8,-20.7,GdsrNGTLImperial20251010.csv
2025-10-11,20351.0,20659.0,-1/1 (%),-1.0,1.0,20452.41,20865.59,-0.24543782370879466,2025-10-08 08:00:00,False,-1388.0,170.0,-77.1,218.3,GdsrNGTLImperial20251011.csv
2025-10-12,20018.0,20659.0,-1/1 (%),-1.0,1.0,20452.41,20865.59,-1.0513819642770694,2025-10-08 08:00:00,False,-715.0,-333.0,-126.7,-25.9,GdsrNGTLImperial20251012.csv
2025-10-13,19699.0,20659.0,-1/1 (%),-1.0,1.0,20452.41,20865.59,-1.8234425674040353,2025-10-08 08:00:00,False,-591.0,-318.0,-336.7,-174.4,GdsrNGTLImperial20251013.csv
2025-10-14,20490.0,20659.0,-1/1 (%),-1.0,1.0,20452.41,20865.59,0.09097729802991461,2025-10-08 08:00:00,False,-64.0,790.0,-311.1,85.1,GdsrNGTLImperial20251014.csv
2025-10-15,20053.0,20659.0,-1/1 (%),-1.0,1.0,20452.41,20865.59,-0.9666731206737973,2025-10-08 08:00:00,False,-74.0,-436.0,-260.5,155.5,GdsrNGTLImperial20251015.csv
2025-10-16,20679.0,20659.0,-1/1 (%),-1.0,1.0,20452.41,20865.59,0.5484050534875841,2025-10-08 08:00:00,False,486.0,625.0,97.7,552.4,GdsrNGTLImperial20251016.csv
2025-10-17,20586.0,20659.0,-1/1 (%),-1.0,1.0,20452.41,20865.59,0.32332155477031815,2025-10-08 08:00:00,False,161.0,-92.0,-62.8,731.0,GdsrNGTLImperial20251017.csv
2025-10-18,20249.0,20659.0,-1/1 (%),-1.0,1.0,20452.41,20865.59,-0.49230359649547345,2025-10-08 08:00:00,False,-430.0,-338.0,-155.7,551.1,GdsrNGTLImperial20251018.csv
2025-10-19,19688.0,20659.0,-1/1 (%),-1.0,1.0,20452.41,20865.59,-1.8500653468222066,2025-10-08 08:00:00,False,-807.0,-561.0,-342.9,274.6,GdsrNGTLImperial20251019.csv
2025-10-20,19995.0,20659.0,-1/1 (%),-1.0,1.0,20452.41,20865.59,-1.107047775787791,2025-10-08 08:00:00,False,583.0,307.0,-244.0,198.2,GdsrNGTLImperial20251020.csv
2025-10-21,20188.0,20659.0,-1/1 (%),-1.0,1.0,20452.41,20865.59,-0.6399390096326049,2025-10-08 08:00:00,False,-210.0,194.0,-306.3,521.5,GdsrNGTLImperial20251021.csv
2025-10-22,20398.0,20659.0,-1/1 (%),-1.0,1.0,20452.41,20865.59,-0.13168594801297212,2025-10-08 08:00:00,False,407.0,210.0,-202.7,677.5,GdsrNGTLImperial20251022.csv
2025-10-23,20820.0,20659.0,-1/1 (%),-1.0,1.0,20452.41,20865.59,0.8896606805750518,2025-10-08 08:00:00,False,389.0,421.0,-120.4,1114.3,GdsrNGTLImperial20251023.csv
2025-10-24,20831.0,20659.0,-1/1 (%),-1.0,1.0,20452.41,20865.59,0.916283459993223,2025-10-08 08:00:00,False,99.0,11.0,-97.0,1020.2,GdsrNGTLImperial20251024.csv
2025-10-25,20532.0,20659.0,-1/1 (%),-1.0,1.0,20452.41,20865.59,0.19262791035384116,2025-10-08 08:00:00,False,-502.0,-299.0,-159.4,797.5,GdsrNGTLImperial20251025.csv
2025-10-26,20282.0,20659.0,-1/1 (%),-1.0,1.0,20452.41,20865.59,-0.4124352582409597,2025-10-08 08:00:00,False,-148.0,-250.0,-48.9,628.4,GdsrNGTLImperial20251026.csv
2025-10-27,20007.0,20659.0,-1/1 (%),-1.0,1.0,20452.41,20865.59,-1.0780047436952407,2025-10-08 08:00:00,False,-252.0,-275.0,-151.0,509.7,GdsrNGTLImperial20251027.csv
2025-10-28,19802.0,20659.0,-1/1 (%),-1.0,1.0,20452.41,20865.59,-1.5741565419429775,2025-10-08 08:00:00,False,255.0,-205.0,-161.6,393.3,GdsrNGTLImperial20251028.csv
2025-10-29,19711.0,20659.0,-1/1 (%),-1.0,1.0,20452.41,20865.59,-1.794399535311485,2025-10-08 08:00:00,False,-98.0,-91.0,-106.0,427.7,GdsrNGTLImperial20251029.csv
2025-10-30,19540.0,20659.0,-1/1 (%),-1.0,1.0,20452.41,20865.59,-2.2082627426303287,2025-10-08 08:00:00,False,-185.0,-172.0,-15.4,360.4,GdsrNGTLImperial20251030.csv
2025-10-31,19664.0,20659.0,-1/1 (%),-1.0,1.0,20452.41,20865.59,-1.9081514110073075,2025-10-08 08:00:00,False,524.0,124.0,-279.9,602.9,GdsrNGTLImperial20251031.csv
2025-11-01,20041.0,20659.0,-1/1 (%),-1.0,1.0,20452.41,20865.59,-0.9957161527663477,2025-10-08 08:00:00,False,330.0,377.0,-210.7,601.5,GdsrNGTLImperial20251101.csv
2025-11-02,20358.0,20659.0,-1/1 (%),-1.0,1.0,20452.41,20865.59,-0.22849605498814024,2025-10-08 08:00:00,False,441.0,317.0,-170.3,729.7,GdsrNGTLImperial20251102.csv
2025-11-03,20102.0,20659.0,-1/1 (%),-1.0,1.0,20452.41,20865.59,-0.8480807396292164,2025-10-08 08:00:00,False,52.0,-257.0,-79.0,535.6,GdsrNGTLImperial20251103.csv
2025-11-04,20459.0,20659.0,-1/1 (%),-1.0,1.0,20452.41,20865.59,0.015949465124159304,2025-10-08 08:00:00,False,491.0,357.0,294.8,672.4,GdsrNGTLImperial20251104.csv
2025-11-05,20270.0,20659.0,-1/1 (%),-1.0,1.0,20452.41,20865.59,-0.44147829033351016,2025-10-08 08:00:00,False,-168.0,-189.0,-54.7,872.0,GdsrNGTLImperial20251105.csv
2025-11-06,20170.0,20659.0,-1/1 (%),-1.0,1.0,20452.41,20865.59,-0.6835035577714305,2025-10-08 08:00:00,False,122.0,-100.0,-231.1,1036.6,GdsrNGTLImperial20251106.csv
2025-11-07,20028.0,20659.0,-1/1 (%),-1.0,1.0,20452.41,20865.59,-1.0271794375332775,2025-10-08 08:00:00,False,44.0,-142.0,-410.1,1131.2,GdsrNGTLImperial20251107.csv
2025-11-08,20022.0,20659.0,-1/1 (%),-1.0,1.0,20452.41,20865.59,-1.0417009535795527,2025-10-08 08:00:00,False,130.0,-6.0,-186.2,949.4,GdsrNGTLImperial20251108.csv
2025-11-09,20202.0,20659.0,-1/1 (%),-1.0,1.0,20452.41,20865.59,-0.606055472191296,2025-10-08 08:00:00,False,140.0,180.0,-98.6,1066.6,GdsrNGTLImperial20251109.csv
2025-11-10,20346.0,20659.0,-1/1 (%),-1.0,1.0,20452.41,20865.59,-0.2575390870806907,2025-10-08 08:00:00,False,-207.0,144.0,-72.0,1056.3,GdsrNGTLImperial20251110.csv
2025-11-11,20154.0,20659.0,-1/1 (%),-1.0,1.0,20452.41,20865.59,-0.7222276005614977,2025-10-08 08:00:00,False,-632.0,-192.0,-163.4,819.6,GdsrNGTLImperial20251111.csv
2025-11-12,20377.0,20659.0,-1/1 (%),-1.0,1.0,20452.41,20865.59,-0.18251125417493538,2025-10-08 08:00:00,False,902.0,223.0,-313.4,870.3,GdsrNGTLImperial20251112.csv
2025-11-13,21013.0,20659.0,-1/1 (%),-1.0,1.0,20452.41,20865.59,1.356769446730238,2025-10-08 08:00:00,False,115.0,636.0,-20.0,1193.7,GdsrNGTLImperial20251113.csv
2025-11-14,20565.0,20659.0,-1/1 (%),-1.0,1.0,20452.41,20865.59,0.27249624860835486,2025-10-08 08:00:00,False,13.0,-447.0,-348.7,1064.8,GdsrNGTLImperial20251114.csv
2025-11-15,20415.0,20659.0,-1/1 (%),-1.0,1.0,20452.41,20865.59,-0.09054165254852566,2025-10-08 08:00:00,False,-221.0,-150.0,-470.9,965.9,GdsrNGTLImperial20251115.csv
2025-11-16,20772.0,20659.0,-1/1 (%),-1.0,1.0,20452.41,20865.59,0.77348855220485,2025-10-08 08:00:00,False,323.0,358.0,-176.7,1107.1,GdsrNGTLImperial20251116.csv
2025-11-17,20778.0,20659.0,-1/1 (%),-1.0,1.0,20452.41,20865.59,0.7880100682511252,2025-10-08 08:00:00,False,-69.0,5.0,-332.9,1226.1,GdsrNGTLImperial20251117.csv
2025-11-18,20382.0,20659.0,-1/1 (%),-1.0,1.0,20452.41,20865.59,-0.17040999080303937,2025-10-08 08:00:00,False,-207.0,-395.0,-302.9,774.8,GdsrNGTLImperial20251118.csv
2025-11-19,20407.0,20659.0,-1/1 (%),-1.0,1.0,20452.41,20865.59,-0.10990367394355928,2025-10-08 08:00:00,False,-156.0,25.0,-98.7,552.1,GdsrNGTLImperial20251119.csv
2025-11-20,20267.0,20659.0,-1/1 (%),-1.0,1.0,20452.41,20865.59,-0.44873904835664774,2025-10-08 08:00:00,False,-109.0,-139.0,-123.9,450.8,GdsrNGTLImperial20251120.csv
2025-11-21,20211.0,20659.0,-1/1 (%),-1.0,1.0,20452.41,20865.59,-0.5842731981218832,2025-10-08 08:00:00,False,-55.0,-56.0,-133.1,330.0,GdsrNGTLImperial20251121.csv
2025-11-22,20444.0,20659.0,-1/1 (%),-1.0,1.0,20452.41,20865.59,-0.020354324991528748,2025-10-08 08:00:00,False,390.0,233.0,-136.4,347.2,GdsrNGTLImperial20251122.csv
2025-11-23,20188.0,20659.0,-1/1 (%),-1.0,1.0,20452.41,20865.59,-0.6399390096326049,2025-10-08 08:00:00,False,-321.0,-256.0,-262.0,255.1,GdsrNGTLImperial20251123.csv
2025-11-24,20283.0,20659.0,-1/1 (%),-1.0,1.0,20452.41,20865.59,-0.4100150055665805,2025-10-08 08:00:00,False,20.0,95.0,83.7,376.7,GdsrNGTLImperial20251124.csv
2025-11-25,20458.0,20659.0,-1/1 (%),-1.0,1.0,20452.41,20865.59,0.013529212449780099,2025-10-08 08:00:00,False,321.0,175.0,163.1,524.8,GdsrNGTLImperial20251125.csv
2025-11-26,20044.0,20659.0,-1/1 (%),-1.0,1.0,20452.41,20865.59,-0.9884553947432101,2025-10-08 08:00:00,False,-616.0,-414.0,-107.0,290.1,GdsrNGTLImperial20251126.csv
2025-11-27,19934.0,20659.0,-1/1 (%),-1.0,1.0,20452.41,20865.59,-1.2546831889249226,2025-10-08 08:00:00,False,213.0,-110.0,8.1,59.8,GdsrNGTLImperial20251127.csv
2025-11-28,19980.0,20659.0,-1/1 (%),-1.0,1.0,20452.41,20865.59,-1.1433515659034792,2025-10-08 08:00:00,False,-342.0,46.0,-36.7,98.9,GdsrNGTLImperial20251128.csv
2025-11-29,19629.0,20659.0,-1/1 (%),-1.0,1.0,20452.41,20865.59,-1.9928602546105796,2025-10-08 08:00:00,False,-210.0,-351.0,-272.6,207.5,GdsrNGTLImperial20251129.csv
2025-11-30,20027.0,20659.0,-1/1 (%),-1.0,1.0,20452.41,20865.59,-1.0295996902076565,2025-10-08 08:00:00,False,234.0,398.0,-8.9,512.6,GdsrNGTLImperial20251130.csv
2025-12-01,20842.0,20659.0,0/2 (%),0.0,2.0,20659.0,21072.18,0.44290623941139423,2025-12-01 08:00:00,True,833.0,815.0,273.5,1114.3,GdsrNGTLImperial20251201.csv
2025-12-02,20634.0,20659.0,0/2 (%),0.0,2.0,20659.0,21072.18,-0.06050631685948009,2025-12-01 08:00:00,False,-41.0,-208.0,154.3,788.6,GdsrNGTLImperial20251202.csv
2025-12-03,20872.0,20659.0,0/2 (%),0.0,2.0,20659.0,21072.18,0.5155138196427703,2025-12-01 08:00:00,False,941.0,238.0,906.2,923.3,GdsrNGTLImperial20251203.csv
2025-12-04,20688.0,20659.0,0/2 (%),0.0,2.0,20659.0,21072.18,0.0701873275569969,2025-12-01 08:00:00,False,-271.0,-183.0,714.1,820.0,GdsrNGTLImperial20251204.csv
2025-12-05,20305.0,20659.0,0/2 (%),0.0,2.0,20659.0,21072.18,-0.856769446730238,2025-12-01 08:00:00,False,-340.0,-383.0,575.9,512.9,GdsrNGTLImperial20251205.csv
2025-12-06,20229.0,20659.0,0/2 (%),0.0,2.0,20659.0,21072.18,-1.0407086499830576,2025-12-01 08:00:00,False,130.0,-76.0,390.4,694.6,GdsrNGTLImperial20251206.csv
2025-12-07,20467.0,20659.0,0/2 (%),0.0,2.0,20659.0,21072.18,-0.4646885134808071,2025-12-01 08:00:00,False,215.0,238.0,44.2,1018.9,GdsrNGTLImperial20251207.csv
2025-12-08,20508.0,20659.0,0/2 (%),0.0,2.0,20659.0,21072.18,-0.36545815383125974,2025-12-01 08:00:00,False,166.0,41.0,129.0,597.1,GdsrNGTLImperial20251208.csv
2025-12-09,20048.0,20659.0,0/2 (%),0.0,2.0,20659.0,21072.18,-1.4787743840456933,2025-12-01 08:00:00,False,-345.0,-460.0,289.2,-44.5,GdsrNGTLImperial20251209.csv
2025-12-10,20217.0,20659.0,0/2 (%),0.0,2.0,20659.0,21072.18,-1.069751682075608,2025-12-01 08:00:00,False,125.0,170.0,134.5,-60.3,GdsrNGTLImperial20251210.csv
2025-12-11,20518.0,20659.0,0/2 (%),0.0,2.0,20659.0,21072.18,-0.3412556270874677,2025-12-01 08:00:00,False,251.0,301.0,308.0,97.8,GdsrNGTLImperial20251211.csv
2025-12-12,20589.0,20659.0,0/2 (%),0.0,2.0,20659.0,21072.18,-0.16941768720654424,2025-12-01 08:00:00,False,-152.0,70.0,228.8,304.5,GdsrNGTLImperial20251212.csv
2025-12-13,20795.0,20659.0,0/2 (%),0.0,2.0,20659.0,21072.18,0.32915436371557166,2025-12-01 08:00:00,False,788.0,206.0,498.0,419.3,GdsrNGTLImperial20251213.csv
2025-12-14,21001.0,20659.0,0/2 (%),0.0,2.0,20659.0,21072.18,0.8277264146376876,2025-12-01 08:00:00,False,98.0,206.0,771.1,211.5,GdsrNGTLImperial20251214.csv
2025-12-15,20785.0,20836.0,0/2 (%),0.0,2.0,20836.0,21252.72,-0.1223843348051446,2025-12-01 08:00:00,False,-666.0,-215.0,402.1,354.2,GdsrNGTLImperial20251215.csv
2025-12-16,20593.0,20836.0,0/2 (%),0.0,2.0,20836.0,21252.72,-0.5831253599539242,2025-12-01 08:00:00,False,96.0,-193.0,51.9,23.9,GdsrNGTLImperial20251216.csv
2025-12-17,20965.0,20836.0,0/2 (%),0.0,2.0,20836.0,21252.72,0.30956037627183636,2025-12-01 08:00:00,False,98.0,373.0,263.5,279.4,GdsrNGTLImperial20251217.csv
2025-12-18,21417.0,20836.0,0/2 (%),0.0,2.0,20836.0,21252.72,1.3942215396429218,2025-12-01 08:00:00,False,544.0,452.0,555.7,286.0,GdsrNGTLImperial20251218.csv
2025-12-19,21097.0,21012.0,0/2 (%),0.0,2.0,21012.0,21432.24,0.20226537216828402,2025-12-01 08:00:00,False,-486.0,-320.0,391.1,137.2,GdsrNGTLImperial20251219.csv
2025-12-20,21220.0,21012.0,0/2 (%),0.0,2.0,21012.0,21432.24,0.4949552636588597,2025-12-01 08:00:00,False,248.0,123.0,453.5,225.3,GdsrNGTLImperial20251220.csv
2025-12-21,21021.0,21012.0,0/2 (%),0.0,2.0,21012.0,21432.24,0.021416333523700662,2025-12-01 08:00:00,False,-327.0,-199.0,290.6,194.7,GdsrNGTLImperial20251221.csv
2025-12-22,21027.0,21012.0,0/2 (%),0.0,2.0,21012.0,21432.24,0.03569388920616777,2025-12-01 08:00:00,False,381.0,5.0,249.2,252.2,GdsrNGTLImperial20251222.csv
2025-12-23,20956.0,21012.0,0/2 (%),0.0,2.0,21012.0,21432.24,-0.133257186369693,2025-12-01 08:00:00,False,-251.0,-71.0,265.8,108.6,GdsrNGTLImperial20251223.csv
2025-12-24,20891.0,21012.0,0/2 (%),0.0,2.0,21012.0,21432.24,-0.28793070626308664,2025-12-01 08:00:00,False,222.0,-64.0,14.6,144.1,GdsrNGTLImperial20251224.csv
2025-12-25,21103.0,21012.0,0/2 (%),0.0,2.0,21012.0,21432.24,0.21654292785075113,2025-12-01 08:00:00,False,337.0,211.0,186.9,189.5,GdsrNGTLImperial20251225.csv
2025-12-26,21407.0,21012.0,0/2 (%),0.0,2.0,21012.0,21432.24,0.9399390824290845,2025-12-01 08:00:00,False,125.0,304.0,389.2,362.5,GdsrNGTLImperial20251226.csv
2025-12-27,21005.0,21012.0,0/2 (%),0.0,2.0,21012.0,21432.24,-0.016657148296211625,2025-12-01 08:00:00,False,-764.0,-402.0,168.0,296.3,GdsrNGTLImperial20251227.csv
2025-12-28,21351.0,21012.0,0/2 (%),0.0,2.0,21012.0,21432.24,0.8066818960593916,2025-12-01 08:00:00,False,774.0,346.0,475.8,258.2,GdsrNGTLImperial20251228.csv
2025-12-29,21508.0,21012.0,0/2 (%),0.0,2.0,21012.0,21432.24,1.1802779364172808,2025-12-01 08:00:00,False,163.0,157.0,491.1,383.4,GdsrNGTLImperial20251229.csv
2025-12-30,21361.0,21012.0,0/2 (%),0.0,2.0,21012.0,21432.24,0.8304778221968367,2025-12-01 08:00:00,False,-409.0,-147.0,349.4,273.2,GdsrNGTLImperial20251230.csv
2025-12-31,21088.0,21012.0,0/2 (%),0.0,2.0,21012.0,21432.24,0.18084903864458335,2025-12-01 08:00:00,False,-430.0,-272.0,77.1,52.3,GdsrNGTLImperial20251231.csv
2026-01-01,21027.0,21012.0,0/2 (%),0.0,2.0,21012.0,21432.24,0.03569388920616777,2025-12-01 08:00:00,False,18.0,-62.0,-375.8,-115.8,GdsrNGTLImperial20260101.csv
2026-01-02,20978.0,21012.0,0/2 (%),0.0,2.0,21012.0,21432.24,-0.08090614886731361,2025-12-01 08:00:00,False,-195.0,-49.0,42.2,-109.7,GdsrNGTLImperial20260102.csv
2026-01-03,21159.0,21012.0,0/2 (%),0.0,2.0,21012.0,21432.24,0.3498001142204441,2025-12-01 08:00:00,False,-186.0,181.0,270.1,53.6,GdsrNGTLImperial20260103.csv
2026-01-04,20940.0,21012.0,0/2 (%),0.0,2.0,21012.0,21432.24,-0.1713306681896053,2025-12-01 08:00:00,False,-405.0,-219.0,165.3,-229.9,GdsrNGTLImperial20260104.csv
2026-01-05,21043.0,21012.0,0/2 (%),0.0,2.0,21012.0,21432.24,0.07376737102608005,2025-12-01 08:00:00,False,712.0,103.0,194.2,-209.4,GdsrNGTLImperial20260105.csv
2026-01-06,21602.0,21012.0,0/2 (%),0.0,2.0,21012.0,21432.24,1.4039596421092655,2025-12-01 08:00:00,False,108.0,559.0,529.7,142.0,GdsrNGTLImperial20260106.csv
2026-01-07,21442.0,21012.0,0/2 (%),0.0,2.0,21012.0,21432.24,1.0232248239101427,2025-12-01 08:00:00,False,-25.0,-161.0,333.2,22.1,GdsrNGTLImperial20260107.csv
2026-01-08,21185.0,21012.0,-1/1 (%),-1.0,1.0,20801.88,21222.12,0.9116695221778052,2026-01-08 08:00:00,True,-254.0,-257.0,-251.1,-12.5,GdsrNGTLImperial20260108.csv
2026-01-09,21190.0,21012.0,-1/1 (%),-1.0,1.0,20801.88,21222.12,0.9235674852465279,2026-01-08 08:00:00,False,220.0,6.0,-279.5,149.2,GdsrNGTLImperial20260109.csv
2026-01-10,21664.0,21012.0,-1/1 (%),-1.0,1.0,20801.88,21222.12,2.051494384161439,2026-01-08 08:00:00,False,599.0,473.0,288.3,78.9,GdsrNGTLImperial20260110.csv
2026-01-11,21629.0,21012.0,-1/1 (%),-1.0,1.0,20801.88,21222.12,1.9682086426803802,2026-01-08 08:00:00,False,-168.0,-35.0,-43.6,290.3,GdsrNGTLImperial20260111.csv
2026-01-12,21070.0,21012.0,-2/0 (%),-2.0,0.0,20591.76,21012.0,1.138016371597182,2026-01-12 08:00:00,True,-92.0,-559.0,-225.0,45.2,GdsrNGTLImperial20260112.csv
2026-01-13,21063.0,21012.0,-2/0 (%),-2.0,0.0,20591.76,21012.0,1.1213592233009704,2026-01-12 08:00:00,False,282.0,-6.0,-285.5,96.5,GdsrNGTLImperial20260113.csv
2026-01-14,20993.0,21012.0,-2/0 (%),-2.0,0.0,20591.76,21012.0,0.9547877403388542,2026-01-12 08:00:00,False,193.0,-70.0,-308.7,101.6,GdsrNGTLImperial20260114.csv
2026-01-15,20903.0,21012.0,-2/0 (%),-2.0,0.0,20591.76,21012.0,0.7406244051018476,2026-01-12 08:00:00,False,-264.0,-90.0,-271.5,-235.6,GdsrNGTLImperial20260115.csv
2026-01-16,20844.0,21012.0,-2/0 (%),-2.0,0.0,20591.76,21012.0,0.600228440890921,2026-01-12 08:00:00,False,88.0,-59.0,-361.6,-424.9,GdsrNGTLImperial20260116.csv
2026-01-17,21230.0,21012.0,-2/0 (%),-2.0,0.0,20591.76,21012.0,1.5187511897963049,2026-01-12 08:00:00,False,168.0,386.0,-208.6,-225.1,GdsrNGTLImperial20260117.csv
2026-01-18,20919.0,21012.0,-2/0 (%),-2.0,0.0,20591.76,21012.0,0.7786978869217598,2026-01-12 08:00:00,False,-264.0,-311.0,-433.5,-395.8,GdsrNGTLImperial20260118.csv
2026-01-19,20650.0,21012.0,-2/0 (%),-2.0,0.0,20591.76,21012.0,0.13858747382448453,2026-01-12 08:00:00,False,-231.0,-269.0,-338.6,-497.4,GdsrNGTLImperial20260119.csv
2026-01-20,20808.0,21012.0,-2/0 (%),-2.0,0.0,20591.76,21012.0,0.5145631067961184,2026-01-12 08:00:00,False,75.0,158.0,-322.0,-485.7,GdsrNGTLImperial20260120.csv
2026-01-21,20694.0,21012.0,-2/0 (%),-2.0,0.0,20591.76,21012.0,0.2432895488292433,2026-01-12 08:00:00,False,-653.0,-114.0,-359.0,-499.1,GdsrNGTLImperial20260121.csv
2026-01-22,20482.0,21012.0,-2/0 (%),-2.0,0.0,20591.76,21012.0,-0.26118408528459447,2026-01-12 08:00:00,False,-356.0,-212.0,-515.5,-627.8,GdsrNGTLImperial20260122.csv
2026-01-23,20941.0,21012.0,-2/0 (%),-2.0,0.0,20591.76,21012.0,0.8310489244241392,2026-01-12 08:00:00,False,718.0,459.0,18.7,-438.3,GdsrNGTLImperial20260123.csv
2026-01-24,20811.0,21012.0,-2/0 (%),-2.0,0.0,20591.76,21012.0,0.5217018846373519,2026-01-12 08:00:00,False,-558.0,-130.0,-342.1,-128.5,GdsrNGTLImperial20260124.csv
2026-01-25,20929.0,21012.0,-2/0 (%),-2.0,0.0,20591.76,21012.0,0.802493813059205,2026-01-12 08:00:00,False,-55.0,118.0,-112.7,-140.7,GdsrNGTLImperial20260125.csv
2026-01-26,20638.0,21012.0,-2/0 (%),-2.0,0.0,20591.76,21012.0,0.11003236245955031,2026-01-12 08:00:00,False,-5.0,-291.0,-373.2,-280.1,GdsrNGTLImperial20260126.csv
2026-01-27,20779.0,21012.0,-2/0 (%),-2.0,0.0,20591.76,21012.0,0.44555492099752736,2026-01-12 08:00:00,False,481.0,141.0,-61.8,-189.6,GdsrNGTLImperial20260127.csv
2026-01-28,20828.0,21012.0,-2/0 (%),-2.0,0.0,20591.76,21012.0,0.5621549590710088,2026-01-12 08:00:00,False,109.0,49.0,-381.8,60.8,GdsrNGTLImperial20260128.csv
2026-01-29,20947.0,21012.0,-2/0 (%),-2.0,0.0,20591.76,21012.0,0.8453264801066064,2026-01-12 08:00:00,False,183.0,118.0,-306.8,90.0,GdsrNGTLImperial20260129.csv
2026-01-30,20883.0,21012.0,-2/0 (%),-2.0,0.0,20591.76,21012.0,0.6930325528269572,2026-01-12 08:00:00,False,297.0,-64.0,-362.0,167.1,GdsrNGTLImperial20260130.csv
2026-01-31,20984.0,21012.0,-2/0 (%),-2.0,0.0,20591.76,21012.0,0.9333714068151535,2026-01-12 08:00:00,False,104.0,101.0,-493.6,233.0,GdsrNGTLImperial20260131.csv
2026-02-01,20959.0,21012.0,-2/0 (%),-2.0,0.0,20591.76,21012.0,0.8738815914715405,2026-01-12 08:00:00,False,-356.0,-25.0,-544.6,147.4,GdsrNGTLImperial20260201.csv
2026-02-02,21420.0,21012.0,-2/0 (%),-2.0,0.0,20591.76,21012.0,1.9708737864077632,2026-01-12 08:00:00,False,535.0,461.0,-235.6,460.7,GdsrNGTLImperial20260202.csv
2026-02-03,21094.0,21012.0,-2/0 (%),-2.0,0.0,20591.76,21012.0,1.1951265943270504,2026-01-12 08:00:00,False,-86.0,-326.0,-459.9,483.4,GdsrNGTLImperial20260203.csv
2026-02-04,21539.0,21012.0,-2/0 (%),-2.0,0.0,20591.76,21012.0,2.254045307443361,2026-01-12 08:00:00,False,652.0,445.0,-340.1,919.4,GdsrNGTLImperial20260204.csv
2026-02-05,21629.0,21012.0,-2/0 (%),-2.0,0.0,20591.76,21012.0,2.4682086426803673,2026-01-12 08:00:00,False,-112.0,90.0,-411.7,953.4,GdsrNGTLImperial20260205.csv
2026-02-06,21372.0,21012.0,-2/0 (%),-2.0,0.0,20591.76,21012.0,1.8566533409480264,2026-01-12 08:00:00,False,-212.0,-257.0,-449.9,992.0,GdsrNGTLImperial20260206.csv
2026-02-07,21295.0,21012.0,-2/0 (%),-2.0,0.0,20591.76,21012.0,1.6734247096896986,2026-01-12 08:00:00,False,82.0,-78.0,-214.0,677.6,GdsrNGTLImperial20260207.csv
2026-02-08,21102.0,21012.0,-2/0 (%),-2.0,0.0,20591.76,21012.0,1.2141633352370067,2026-01-12 08:00:00,False,-482.0,-193.0,-297.6,584.8,GdsrNGTLImperial20260208.csv
2026-02-09,21073.0,21012.0,-2/0 (%),-2.0,0.0,20591.76,21012.0,1.1451551494384156,2026-01-12 08:00:00,False,-46.0,-28.0,-528.7,666.7,GdsrNGTLImperial20260209.csv
2026-02-10,21211.0,21012.0,-2/0 (%),-2.0,0.0,20591.76,21012.0,1.4735389301351591,2026-01-12 08:00:00,False,-6.0,138.0,-296.8,617.6,GdsrNGTLImperial20260210.csv
2026-02-11,21198.0,21012.0,-2/0 (%),-2.0,0.0,20591.76,21012.0,1.4426042261564804,2026-01-12 08:00:00,False,68.0,-13.0,-238.9,499.1,GdsrNGTLImperial20260211.csv
2026-02-12,21320.0,21012.0,-2/0 (%),-2.0,0.0,20591.76,21012.0,1.7329145250333116,2026-01-12 08:00:00,False,126.0,123.0,-267.8,692.3,GdsrNGTLImperial20260212.csv
2026-02-13,21219.0,21012.0,-2/0 (%),-2.0,0.0,20591.76,21012.0,1.4925756710451152,2026-01-12 08:00:00,False,-133.0,-101.0,-367.3,440.8,GdsrNGTLImperial20260213.csv
2026-02-14,21242.0,21012.0,-2/0 (%),-2.0,0.0,20591.76,21012.0,1.5473063011612391,2026-01-12 08:00:00,False,12.0,24.0,-199.2,236.3,GdsrNGTLImperial20260214.csv
2026-02-15,21314.0,21012.0,-2/0 (%),-2.0,0.0,20591.76,21012.0,1.7186369693508443,2026-01-12 08:00:00,False,-133.0,72.0,-46.0,89.0,GdsrNGTLImperial20260215.csv
2026-02-16,20717.0,21012.0,-2/0 (%),-2.0,0.0,20591.76,21012.0,0.29802017894536725,2026-01-12 08:00:00,False,-863.0,-597.0,-445.9,-67.9,GdsrNGTLImperial20260216.csv
2026-02-17,20290.0,21012.0,-2/0 (%),-2.0,0.0,20591.76,21012.0,-0.7180658671235419,2026-01-12 08:00:00,False,-732.0,-427.0,-865.5,316.1,GdsrNGTLImperial20260217.csv
2026-02-18,20649.0,21012.0,-2/0 (%),-2.0,0.0,20591.76,21012.0,0.13620788121074,2026-01-12 08:00:00,False,320.0,359.0,-252.1,257.8,GdsrNGTLImperial20260218.csv
2026-02-19,20688.0,21012.0,-2/0 (%),-2.0,0.0,20591.76,21012.0,0.2290119931467762,2026-01-12 08:00:00,False,-28.0,40.0,23.9,86.8,GdsrNGTLImperial20260219.csv
2026-02-20,20681.0,21012.0,-2/0 (%),-2.0,0.0,20591.76,21012.0,0.21235484485056458,2026-01-12 08:00:00,False,-228.0,-7.0,-122.2,409.3,GdsrNGTLImperial20260220.csv
2026-02-21,20802.0,21012.0,-2/0 (%),-2.0,0.0,20591.76,21012.0,0.5002855511136513,2026-01-12 08:00:00,False,198.0,121.0,-4.2,463.1,GdsrNGTLImperial20260221.csv
2026-02-22,20998.0,21012.0,-2/0 (%),-2.0,0.0,20591.76,21012.0,0.9666857034075768,2026-01-12 08:00:00,False,-9.0,196.0,93.0,551.3,GdsrNGTLImperial20260222.csv
2026-02-23,20659.0,21012.0,-2/0 (%),-2.0,0.0,20591.76,21012.0,0.1600038073481852,2026-01-12 08:00:00,False,-215.0,-340.0,-166.6,524.4,GdsrNGTLImperial20260223.csv
2026-02-24,20857.0,21012.0,-2/0 (%),-2.0,0.0,20591.76,21012.0,0.6311631448695997,2026-01-12 08:00:00,False,359.0,198.0,-76.0,640.7,GdsrNGTLImperial20260224.csv
2026-02-25,20981.0,21012.0,-2/0 (%),-2.0,0.0,20591.76,21012.0,0.9262326289739199,2026-01-12 08:00:00,False,74.0,124.0,-38.2,754.7,GdsrNGTLImperial20260225.csv
2026-02-26,20825.0,21012.0,-2/0 (%),-2.0,0.0,20591.76,21012.0,0.5550161812297751,2026-01-12 08:00:00,False,-728.0,-155.0,-195.3,669.5,GdsrNGTLImperial20260226.csv
2026-02-27,20323.0,21012.0,-2/0 (%),-2.0,0.0,20591.76,21012.0,-0.6395393108699728,2026-01-12 08:00:00,False,-538.0,-503.0,-487.0,340.7,GdsrNGTLImperial20260227.csv
2026-02-28,20388.0,21012.0,-2/0 (%),-2.0,0.0,20591.76,21012.0,-0.48486579097657917,2026-01-12 08:00:00,False,239.0,66.0,-262.5,178.1,GdsrNGTLImperial20260228.csv
2026-03-01,20487.0,21012.0,-2/0 (%),-2.0,0.0,20591.76,21012.0,-0.24928612221587187,2026-01-12 08:00:00,False,-266.0,99.0,-287.5,384.2,GdsrNGTLImperial20260301.csv
2026-03-02,20082.0,21012.0,-2/0 (%),-2.0,0.0,20591.76,21012.0,-1.2130211307824017,2026-01-12 08:00:00,False,-276.0,-405.0,-560.8,218.2,GdsrNGTLImperial20260302.csv
2026-03-03,20215.0,21012.0,-1/1 (%),-1.0,1.0,20801.88,21222.12,-1.3965353131543972,2026-03-03 08:00:00,True,24.0,133.0,-450.5,303.0,GdsrNGTLImperial20260303.csv
2026-03-04,20650.0,21012.0,-1/1 (%),-1.0,1.0,20801.88,21222.12,-0.36141252617552294,2026-03-03 08:00:00,False,942.0,435.0,-299.3,559.2,GdsrNGTLImperial20260304.csv
2026-03-05,21119.0,21012.0,-1/1 (%),-1.0,1.0,20801.88,21222.12,0.7546164096706656,2026-03-03 08:00:00,False,508.0,468.0,179.8,699.1,GdsrNGTLImperial20260305.csv
2026-03-06,21170.0,21012.0,-1/1 (%),-1.0,1.0,20801.88,21222.12,0.875975632971637,2026-03-03 08:00:00,False,246.0,51.0,215.4,633.9,GdsrNGTLImperial20260306.csv
2026-03-07,21007.0,21012.0,-1/1 (%),-1.0,1.0,20801.88,21222.12,0.4881020369312773,2026-03-03 08:00:00,False,-1746.0,-163.0,43.4,891.8,GdsrNGTLImperial20260307.csv
2026-03-08,20554.0,21012.0,-1/1 (%),-1.0,1.0,20801.88,21222.12,-0.5898534170949986,2026-03-03 08:00:00,False,493.0,-454.0,-565.7,567.5,GdsrNGTLImperial20260308.csv
2026-03-09,21381.0,21012.0,-1/1 (%),-1.0,1.0,20801.88,21222.12,1.3780696744717347,2026-03-03 08:00:00,False,266.0,828.0,220.4,603.2,GdsrNGTLImperial20260309.csv
2026-03-10,21202.0,21012.0,-1/1 (%),-1.0,1.0,20801.88,21222.12,0.9521225966114623,2026-03-03 08:00:00,False,-634.0,-179.0,230.4,382.5,GdsrNGTLImperial20260310.csv
2026-03-11,21084.0,21012.0,-1/1 (%),-1.0,1.0,20801.88,21222.12,0.6713306681896067,2026-03-03 08:00:00,False,306.0,-119.0,134.3,463.1,GdsrNGTLImperial20260311.csv
2026-03-12,20717.0,21012.0,-1/1 (%),-1.0,1.0,20801.88,21222.12,-0.20197982105463885,2026-03-03 08:00:00,False,-625.0,-367.0,-264.9,482.8,GdsrNGTLImperial20260312.csv
2026-03-13,20831.0,21012.0,-1/1 (%),-1.0,1.0,20801.88,21222.12,0.06929373691223854,2026-03-03 08:00:00,False,-431.0,114.0,-8.4,297.5,GdsrNGTLImperial20260313.csv
2026-03-14,20978.0,21012.0,-1/1 (%),-1.0,1.0,20801.88,21222.12,0.4190938511326857,2026-03-03 08:00:00,False,357.0,147.0,101.9,426.0,GdsrNGTLImperial20260314.csv
2026-03-15,21206.0,21012.0,-1/1 (%),-1.0,1.0,20801.88,21222.12,0.9616409670664404,2026-03-03 08:00:00,False,127.0,228.0,69.5,692.6,GdsrNGTLImperial20260315.csv
2026-03-16,21078.0,21012.0,-1/1 (%),-1.0,1.0,20801.88,21222.12,0.6570531125071395,2026-03-03 08:00:00,False,-83.0,-128.0,-20.7,888.8,GdsrNGTLImperial20260316.csv
2026-03-17,20999.0,21012.0,-1/1 (%),-1.0,1.0,20801.88,21222.12,0.469065296021321,2026-03-03 08:00:00,False,-194.0,-79.0,-125.2,598.2,GdsrNGTLImperial20260317.csv
2026-03-18,21010.0,21012.0,-1/1 (%),-1.0,1.0,20801.88,21222.12,0.4952408147725109,2026-03-03 08:00:00,False,-191.0,11.0,-5.3,410.9,GdsrNGTLImperial20260318.csv
2026-03-19,21432.0,21012.0,-1/1 (%),-1.0,1.0,20801.88,21222.12,1.4994288977727062,2026-03-03 08:00:00,False,260.0,422.0,114.6,639.8,GdsrNGTLImperial20260319.csv
2026-03-20,21394.0,21012.0,-2/0 (%),-2.0,0.0,20591.76,21012.0,1.9090043784504058,2026-03-20 08:00:00,True,-573.0,-38.0,-354.0,967.1,GdsrNGTLImperial20260320.csv
2026-03-21,21622.0,21012.0,-2/0 (%),-2.0,0.0,20591.76,21012.0,2.451551494384156,2026-03-20 08:00:00,False,227.0,229.0,1.5,793.3,GdsrNGTLImperial20260321.csv
2026-03-22,21640.0,21012.0,-2/0 (%),-2.0,0.0,20591.76,21012.0,2.494384161431557,2026-03-20 08:00:00,False,-268.0,18.0,-228.3,1043.0,GdsrNGTLImperial20260322.csv
2026-03-23,21492.0,21012.0,-2/0 (%),-2.0,0.0,20591.76,21012.0,2.1422044545973686,2026-03-20 08:00:00,False,-503.0,-148.0,-7.8,1161.0,GdsrNGTLImperial20260323.csv
2026-03-24,20944.0,21012.0,-2/0 (%),-2.0,0.0,20591.76,21012.0,0.8381877022653728,2026-03-20 08:00:00,False,-307.0,-548.0,-249.9,1072.5,GdsrNGTLImperial20260324.csv
2026-03-25,20434.0,20836.0,-2/0 (%),-2.0,0.0,20419.28,20836.0,0.035323478594742566,2026-03-20 08:00:00,False,-737.0,-510.0,-462.0,651.5,GdsrNGTLImperial20260325.csv
2026-03-26,20823.0,20836.0,-2/0 (%),-2.0,0.0,20419.28,20836.0,0.9688039930888848,2026-03-20 08:00:00,False,627.0,389.0,-232.3,845.5,GdsrNGTLImperial20260326.csv
2026-03-27,20977.0,20836.0,-2/0 (%),-2.0,0.0,20419.28,20836.0,1.338356690343635,2026-03-20 08:00:00,False,-326.0,154.0,-87.6,1043.7,GdsrNGTLImperial20260327.csv
2026-03-28,21105.0,20836.0,-2/0 (%),-2.0,0.0,20419.28,20836.0,1.6455173737761548,2026-03-20 08:00:00,False,-644.0,129.0,96.3,922.7,GdsrNGTLImperial20260328.csv
2026-03-29,20867.0,20836.0,-2/0 (%),-2.0,0.0,20419.28,20836.0,1.0743904780188134,2026-03-20 08:00:00,False,-606.0,-238.0,-239.7,1001.9,GdsrNGTLImperial20260329.csv
2026-03-30,21019.0,20836.0,-2/0 (%),-2.0,0.0,20419.28,20836.0,1.4391437895949306,2026-03-20 08:00:00,False,-396.0,152.0,-29.5,970.9,GdsrNGTLImperial20260330.csv
2026-03-31,20830.0,20836.0,-2/0 (%),-2.0,0.0,20419.28,20836.0,0.9856018429641006,2026-03-20 08:00:00,False,-711.0,-189.0,-94.1,926.7,GdsrNGTLImperial20260331.csv
2026-04-01,20723.0,20836.0,-2/0 (%),-2.0,0.0,20419.28,20836.0,0.7288347091572286,2026-03-20 08:00:00,False,-191.0,-107.0,54.8,957.5,GdsrNGTLImperial20260401.csv
2026-04-02,20538.0,20836.0,-2/0 (%),-2.0,0.0,20419.28,20836.0,0.2848915338836649,2026-03-20 08:00:00,False,9.0,-184.0,-91.2,852.7,GdsrNGTLImperial20260402.csv
2026-04-03,20590.0,20836.0,-2/0 (%),-2.0,0.0,20419.28,20836.0,0.40967556152812606,2026-03-20 08:00:00,False,-126.0,52.0,-177.7,752.1,GdsrNGTLImperial20260403.csv
2026-04-04,20660.0,20836.0,-2/0 (%),-2.0,0.0,20419.28,20836.0,0.5776540602802853,2026-03-20 08:00:00,False,-431.0,70.0,-24.2,586.9,GdsrNGTLImperial20260404.csv
2026-04-05,20526.0,20836.0,-2/0 (%),-2.0,0.0,20419.28,20836.0,0.25609521981186617,2026-03-20 08:00:00,False,-177.0,-134.0,-208.0,663.8,GdsrNGTLImperial20260405.csv
2026-04-06,20550.0,20659.0,-2/0 (%),-2.0,0.0,20245.82,20659.0,0.7361924584926668,2026-03-20 08:00:00,False,-16.0,24.0,-359.4,930.9,GdsrNGTLImperial20260406.csv
2026-04-07,20188.0,20659.0,-2/0 (%),-2.0,0.0,20245.82,20659.0,-0.13993900963260483,2026-03-20 08:00:00,False,-495.0,-362.0,-487.5,616.9,GdsrNGTLImperial20260407.csv
2026-04-08,20309.0,20659.0,-2/0 (%),-2.0,0.0,20245.82,20659.0,0.15291156396727879,2026-03-20 08:00:00,False,245.0,120.0,-428.9,517.3,GdsrNGTLImperial20260408.csv
2026-04-09,20765.0,20659.0,-2/0 (%),-2.0,0.0,20245.82,20659.0,1.2565467834841955,2026-03-20 08:00:00,False,293.0,456.0,-60.3,627.3,GdsrNGTLImperial20260409.csv
2026-04-10,20529.0,20659.0,-2/0 (%),-2.0,0.0,20245.82,20659.0,0.6853671523307036,2026-03-20 08:00:00,False,-737.0,-235.0,-278.4,490.3,GdsrNGTLImperial20260410.csv
2026-04-11,20509.0,20659.0,-2/0 (%),-2.0,0.0,20245.82,20659.0,0.6369620988431195,2026-03-20 08:00:00,False,-156.0,-20.0,-60.4,231.7,GdsrNGTLImperial20260411.csv
2026-04-12,20024.0,20659.0,-2/0 (%),-2.0,0.0,20245.82,20659.0,-0.5368604482307943,2026-03-20 08:00:00,False,-882.0,-486.0,-623.8,277.9,GdsrNGTLImperial20260412.csv
2026-04-13,20558.0,20659.0,-2/0 (%),-2.0,0.0,20245.82,20659.0,0.7555544798877004,2026-03-20 08:00:00,False,786.0,534.0,-506.3,534.6,GdsrNGTLImperial20260413.csv
2026-04-14,20511.0,20659.0,-2/0 (%),-2.0,0.0,20245.82,20659.0,0.6418026041918778,2026-03-20 08:00:00,False,-199.0,-47.0,-493.6,412.8,GdsrNGTLImperial20260414.csv
2026-04-15,20415.0,20659.0,-2/0 (%),-2.0,0.0,20245.82,20659.0,0.40945834745147436,2026-03-20 08:00:00,False,-398.0,-96.0,-569.7,458.0,GdsrNGTLImperial20260415.csv
2026-04-16,20525.0,20659.0,-2/0 (%),-2.0,0.0,20245.82,20659.0,0.6756861416331867,2026-03-20 08:00:00,False,-11.0,110.0,-464.7,492.6,GdsrNGTLImperial20260416.csv
2026-04-17,20643.0,20659.0,-2/0 (%),-2.0,0.0,20245.82,20659.0,0.9612759572099328,2026-03-20 08:00:00,False,29.0,118.0,-147.0,271.2,GdsrNGTLImperial20260417.csv
2026-04-18,20652.0,20659.0,-2/0 (%),-2.0,0.0,20245.82,20659.0,0.9830582312793456,2026-03-20 08:00:00,False,-28.0,10.0,-221.9,370.5,GdsrNGTLImperial20260418.csv
2026-04-19,21052.0,20659.0,-2/0 (%),-2.0,0.0,20245.82,20659.0,1.9511593010310269,2026-03-20 08:00:00,False,-329.0,400.0,-60.7,685.8,GdsrNGTLImperial20260419.csv
2026-04-20,20714.0,20659.0,-2/0 (%),-2.0,0.0,20245.82,20659.0,1.133113897090856,2026-03-20 08:00:00,False,-551.0,-338.0,-458.4,595.2,GdsrNGTLImperial20260420.csv
2026-04-21,20974.0,20659.0,-2/0 (%),-2.0,0.0,20245.82,20659.0,1.7623795924294492,2026-03-20 08:00:00,False,245.0,260.0,-163.1,526.9,GdsrNGTLImperial20260421.csv
2026-04-22,20805.0,20659.0,-2/0 (%),-2.0,0.0,20245.82,20659.0,1.3533568904593638,2026-03-20 08:00:00,False,-216.0,-169.0,-304.3,578.8,GdsrNGTLImperial20260422.csv
2026-04-23,20592.0,20659.0,-2/0 (%),-2.0,0.0,20245.82,20659.0,0.8378430708165934,2026-03-20 08:00:00,False,-806.0,-213.0,-493.4,515.9,GdsrNGTLImperial20260423.csv
2026-04-24,20449.0,20659.0,-2/0 (%),-2.0,0.0,20245.82,20659.0,0.49174693838036726,2026-03-20 08:00:00,False,-52.0,-143.0,-450.2,486.3,GdsrNGTLImperial20260424.csv
2026-04-25,20599.0,20659.0,-2/0 (%),-2.0,0.0,20245.82,20659.0,0.8547848395372478,2026-03-20 08:00:00,False,-112.0,150.0,-204.3,465.2,GdsrNGTLImperial20260425.csv
2026-04-26,20710.0,20659.0,-2/0 (%),-2.0,0.0,20245.82,20659.0,1.1234328863933394,2026-03-20 08:00:00,False,-436.0,112.0,-253.2,567.7,GdsrNGTLImperial20260426.csv
2026-04-27,20971.0,20659.0,-2/0 (%),-2.0,0.0,20245.82,20659.0,1.7551188344063116,2026-03-20 08:00:00,False,-194.0,261.0,-234.9,813.7,GdsrNGTLImperial20260427.csv
2026-04-28,21017.0,20659.0,-2/0 (%),-2.0,0.0,20245.82,20659.0,1.866450457427755,2026-03-20 08:00:00,False,-703.0,46.0,-294.1,857.8,GdsrNGTLImperial20260428.csv
2026-04-29,20888.0,20659.0,-2/0 (%),-2.0,0.0,20245.82,20659.0,1.5542378624328377,2026-03-20 08:00:00,False,-405.0,-129.0,-321.0,914.1,GdsrNGTLImperial20260429.csv
2026-04-30,20818.0,20659.0,-2/0 (%),-2.0,0.0,20245.82,20659.0,1.3848201752262934,2026-03-20 08:00:00,False,-13.0,-70.0,-224.9,786.3,GdsrNGTLImperial20260430.csv
2026-05-01,20495.0,20659.0,-2/0 (%),-2.0,0.0,20245.82,20659.0,0.6030785614018106,2026-03-20 08:00:00,False,-358.0,-323.0,-367.4,656.9,GdsrNGTLImperial20260501.csv
2026-05-02,20790.0,20659.0,-2/0 (%),-2.0,0.0,20245.82,20659.0,1.3170531003436756,2026-03-20 08:00:00,False,416.0,295.0,-180.8,761.8,GdsrNGTLImperial20260502.csv
2026-05-03,20814.0,20659.0,-2/0 (%),-2.0,0.0,20245.82,20659.0,1.3751391645287765,2026-03-20 08:00:00,False,-356.0,24.0,-336.2,970.9,GdsrNGTLImperial20260503.csv
2026-05-04,20655.0,20659.0,-2/0 (%),-2.0,0.0,20245.82,20659.0,0.9903189893024832,2026-03-20 08:00:00,False,-437.0,-159.0,-562.5,954.6,GdsrNGTLImperial20260504.csv
2026-05-05,20671.0,20659.0,-2/0 (%),-2.0,0.0,20245.82,20659.0,1.0290430320925505,2026-03-20 08:00:00,False,-81.0,16.0,-393.1,685.3,GdsrNGTLImperial20260505.csv
2026-05-06,20821.0,20659.0,-2/0 (%),-2.0,0.0,20245.82,20659.0,1.392080933249431,2026-03-20 08:00:00,False,535.0,150.0,-117.3,889.4,GdsrNGTLImperial20260506.csv
2026-05-07,20952.0,20659.0,-2/0 (%),-2.0,0.0,20245.82,20659.0,1.7091340335931067,2026-03-20 08:00:00,False,1.0,131.0,71.3,1129.1,GdsrNGTLImperial20260507.csv
2026-05-08,20640.0,20659.0,-2/0 (%),-2.0,0.0,20245.82,20659.0,0.9540151991867951,2026-03-20 08:00:00,False,-330.0,-312.0,-183.4,1077.2,GdsrNGTLImperial20260508.csv
2026-05-09,20510.0,20659.0,-2/0 (%),-2.0,0.0,20245.82,20659.0,0.6393823515174987,2026-03-20 08:00:00,False,-149.0,-129.0,-219.1,1094.7,GdsrNGTLImperial20260509.csv
2026-05-10,20279.0,20659.0,-2/0 (%),-2.0,0.0,20245.82,20659.0,0.08030398373590268,2026-03-20 08:00:00,False,-528.0,-232.0,-390.6,1102.9,GdsrNGTLImperial20260510.csv
2026-05-11,19990.0,20659.0,-2/0 (%),-2.0,0.0,20245.82,20659.0,-0.6191490391596871,2026-03-20 08:00:00,False,-430.0,-288.0,-624.3,864.8,GdsrNGTLImperial20260511.csv
2026-05-12,20263.0,20659.0,-2/0 (%),-2.0,0.0,20245.82,20659.0,0.04157994094583542,2026-03-20 08:00:00,False,651.0,273.0,-414.5,910.6,GdsrNGTLImperial20260512.csv
2026-05-13,20486.0,20659.0,-2/0 (%),-2.0,0.0,20245.82,20659.0,0.5812962873323978,2026-03-20 08:00:00,False,181.0,223.0,-347.0,1171.5,GdsrNGTLImperial20260513.csv
2026-05-14,20051.0,20659.0,-2/0 (%),-2.0,0.0,20245.82,20659.0,-0.4715136260225557,2026-03-20 08:00:00,False,-577.0,-435.0,-590.0,866.1,GdsrNGTLImperial20260514.csv
2026-05-15,19978.0,20659.0,-2/0 (%),-2.0,0.0,20245.82,20659.0,-0.6481920712522375,2026-03-20 08:00:00,False,-124.0,-73.0,-407.0,568.7,GdsrNGTLImperial20260515.csv
2026-05-16,20137.0,20659.0,-2/0 (%),-2.0,0.0,20245.82,20659.0,-0.26337189602594424,2026-03-20 08:00:00,False,44.0,160.0,-360.3,731.3,GdsrNGTLImperial20260516.csv
2026-05-17,20292.0,20659.0,-2/0 (%),-2.0,0.0,20245.82,20659.0,0.11176726850283232,2026-03-20 08:00:00,False,-168.0,155.0,-101.3,646.2,GdsrNGTLImperial20260517.csv
2026-05-18,20208.0,20659.0,-2/0 (%),-2.0,0.0,20245.82,20659.0,-0.09153395614502077,2026-03-20 08:00:00,False,-423.0,-84.0,-192.2,634.9,GdsrNGTLImperial20260518.csv
2026-05-19,19835.0,20659.0,-2/0 (%),-2.0,0.0,20245.82,20659.0,-0.9942882036884637,2026-03-20 08:00:00,False,-331.0,-373.0,-479.2,575.6,GdsrNGTLImperial20260519.csv
2026-05-20,20040.0,20659.0,-1/1 (%),-1.0,1.0,20452.41,20865.59,-0.9981364054407269,2026-05-20 08:00:00,True,110.0,204.0,-25.9,494.0,GdsrNGTLImperial20260520.csv
2026-05-21,20300.0,20659.0,-1/1 (%),-1.0,1.0,20452.41,20865.59,-0.36887071010213407,2026-05-20 08:00:00,False,150.0,261.0,167.8,627.9,GdsrNGTLImperial20260521.csv
2026-05-22,20306.0,20659.0,-1/1 (%),-1.0,1.0,20452.41,20865.59,-0.35434919405585885,2026-05-20 08:00:00,False,-111.0,5.0,197.2,652.7,GdsrNGTLImperial20260522.csv
2026-05-23,20370.0,20659.0,-1/1 (%),-1.0,1.0,20452.41,20865.59,-0.1994530228955898,2026-05-20 08:00:00,False,-473.0,64.0,112.8,592.2,GdsrNGTLImperial20260523.csv
2026-05-24,20155.0,20659.0,-1/1 (%),-1.0,1.0,20452.41,20865.59,-0.7198073478871185,2026-05-20 08:00:00,False,-439.0,-215.0,-151.8,498.9,GdsrNGTLImperial20260524.csv
2026-05-25,19776.0,20659.0,-1/1 (%),-1.0,1.0,20452.41,20865.59,-1.6370831114768367,2026-05-20 08:00:00,False,-422.0,-378.0,-373.1,485.0,GdsrNGTLImperial20260525.csv
2026-05-26,20225.0,20659.0,-1/1 (%),-1.0,1.0,20452.41,20865.59,-0.5503896606805743,2026-05-20 08:00:00,False,515.0,449.0,61.5,631.0,GdsrNGTLImperial20260526.csv
2026-05-27,20091.0,20659.0,-1/1 (%),-1.0,1.0,20452.41,20865.59,-0.8747035190473876,2026-05-20 08:00:00,False,-39.0,-134.0,-163.8,697.6,GdsrNGTLImperial20260527.csv
2026-05-28,20085.0,20659.0,-1/1 (%),-1.0,1.0,20452.41,20865.59,-0.8892250350936628,2026-05-20 08:00:00,False,103.0,-6.0,-219.4,841.2,GdsrNGTLImperial20260528.csv
2026-05-29,20413.0,20659.0,-1/1 (%),-1.0,1.0,20452.41,20865.59,-0.09538215789728406,2026-05-20 08:00:00,False,385.0,328.0,127.2,704.3,GdsrNGTLImperial20260529.csv
2026-05-30,20989.0,20659.0,-1/1 (%),-1.0,1.0,20452.41,20865.59,1.2986833825451372,2026-05-20 08:00:00,False,908.0,576.0,600.5,720.9,GdsrNGTLImperial20260530.csv
2026-05-31,20827.0,20659.0,-1/1 (%),-1.0,1.0,20452.41,20865.59,0.9066024492957062,2026-05-20 08:00:00,False,-256.0,-162.0,163.0,851.7,GdsrNGTLImperial20260531.csv
2026-06-01,20196.0,20659.0,-1/1 (%),-1.0,1.0,20452.41,20865.59,-0.6205769882375712,2026-05-20 08:00:00,False,-251.0,-631.0,-196.4,776.6,GdsrNGTLImperial20260601.csv
2026-06-02,20240.0,20659.0,-1/1 (%),-1.0,1.0,20452.41,20865.59,-0.5140858705648863,2026-05-20 08:00:00,False,210.0,44.0,79.4,535.9,GdsrNGTLImperial20260602.csv
2026-06-03,19617.0,20659.0,-1/1 (%),-1.0,1.0,20452.41,20865.59,-2.02190328670313,2026-05-20 08:00:00,False,-915.0,-623.0,-464.6,111.8,GdsrNGTLImperial20260603.csv
2026-06-04,19918.0,20659.0,0/2 (%),0.0,2.0,20659.0,21072.18,-1.7934072317149898,2026-06-04 08:00:00,True,21.0,301.0,107.9,149.8,GdsrNGTLImperial20260604.csv
2026-06-05,20364.0,20659.0,0/2 (%),0.0,2.0,20659.0,21072.18,-0.713974538941865,2026-06-04 08:00:00,False,65.0,446.0,289.8,212.6,GdsrNGTLImperial20260605.csv
2026-06-06,20614.0,20659.0,0/2 (%),0.0,2.0,20659.0,21072.18,-0.10891137034706416,2026-06-04 08:00:00,False,14.0,250.0,238.2,227.7,GdsrNGTLImperial20260606.csv
2026-06-07,20699.0,20659.0,0/2 (%),0.0,2.0,20659.0,21072.18,0.09681010697516813,2026-06-04 08:00:00,False,-111.0,85.0,276.1,80.1,GdsrNGTLImperial20260607.csv
2026-06-08,20614.0,20659.0,0/2 (%),0.0,2.0,20659.0,21072.18,-0.10891137034706416,2026-06-04 08:00:00,False,-454.0,-86.0,615.9,59.5,GdsrNGTLImperial20260608.csv
2026-06-09,20953.0,20659.0,0/2 (%),0.0,2.0,20659.0,21072.18,0.7115542862674858,2026-06-04 08:00:00,False,572.0,340.0,651.2,686.7,GdsrNGTLImperial20260609.csv
2026-06-10,20915.0,20659.0,0/2 (%),0.0,2.0,20659.0,21072.18,0.6195846846410761,2026-06-04 08:00:00,False,119.0,-39.0,624.7,589.3,GdsrNGTLImperial20260610.csv
2026-06-11,20782.0,20659.0,0/2 (%),0.0,2.0,20659.0,21072.18,0.29769107894864205,2026-06-04 08:00:00,False,-176.0,-133.0,279.5,668.0,GdsrNGTLImperial20260611.csv
2026-06-12,20971.0,20659.0,0/2 (%),0.0,2.0,20659.0,21072.18,0.7551188344063114,2026-06-04 08:00:00,False,258.0,189.0,495.5,673.3,GdsrNGTLImperial20260612.csv
2026-06-13,20750.0,20659.0,0/2 (%),0.0,2.0,20659.0,21072.18,0.22024299336850753,2026-06-04 08:00:00,False,-445.0,-221.0,154.4,695.6,GdsrNGTLImperial20260613.csv
2026-06-14,20384.0,20659.0,0/2 (%),0.0,2.0,20659.0,21072.18,-0.665569485454281,2026-06-04 08:00:00,False,-617.0,-366.0,-19.7,503.2,GdsrNGTLImperial20260614.csv
2026-06-15,21042.0,20659.0,0/2 (%),0.0,2.0,20659.0,21072.18,0.9269567742872349,2026-06-04 08:00:00,False,758.0,658.0,543.9,747.4,GdsrNGTLImperial20260615.csv
2026-06-16,20922.0,20659.0,0/2 (%),0.0,2.0,20659.0,21072.18,0.6365264533617305,2026-06-04 08:00:00,False,-175.0,-120.0,357.0,916.3,GdsrNGTLImperial20260616.csv
2026-06-17,20866.0,20659.0,-1/1 (%),-1.0,1.0,20452.41,20865.59,1.0009923035964952,2026-06-17 08:00:00,True,-539.0,-56.0,156.1,1372.8,GdsrNGTLImperial20260617.csv
2026-06-18,20434.0,20659.0,-1/1 (%),-1.0,1.0,20452.41,20865.59,-0.044556851735320785,2026-06-17 08:00:00,False,-585.0,-432.0,-72.5,1022.9,GdsrNGTLImperial20260618.csv
2026-06-19,20812.0,20659.0,-1/1 (%),-1.0,1.0,20452.41,20865.59,0.8702986591800181,2026-06-17 08:00:00,False,557.0,378.0,269.3,962.0,GdsrNGTLImperial20260619.csv
2026-06-20,20642.0,20659.0,-1/1 (%),-1.0,1.0,20452.41,20865.59,0.4588557045355535,2026-06-17 08:00:00,False,-250.0,-170.0,213.0,904.8,GdsrNGTLImperial20260620.csv
2026-06-21,20888.0,20659.0,-1/1 (%),-1.0,1.0,20452.41,20865.59,1.0542378624328377,2026-06-17 08:00:00,False,367.0,245.0,467.5,925.8,GdsrNGTLImperial20260621.csv
2026-06-22,20699.0,20659.0,-1/1 (%),-1.0,1.0,20452.41,20865.59,0.5968101069751681,2026-06-17 08:00:00,False,-328.0,-188.0,-159.9,1179.1,GdsrNGTLImperial20260622.csv
2026-06-23,20361.0,20659.0,-2/0 (%),-2.0,0.0,20245.82,20659.0,0.27876470303499734,2026-06-23 08:00:00,True,-245.0,-338.0,-469.7,992.0,GdsrNGTLImperial20260623.csv
2026-06-24,20358.0,20659.0,-2/0 (%),-2.0,0.0,20245.82,20659.0,0.27150394501185976,2026-06-23 08:00:00,False,-117.0,-3.0,-350.0,1023.7,GdsrNGTLImperial20260624.csv
2026-06-25,20458.0,20659.0,-2/0 (%),-2.0,0.0,20245.82,20659.0,0.5135292124497801,2026-06-23 08:00:00,False,-176.0,100.0,-338.1,1211.3,GdsrNGTLImperial20260625.csv
2026-06-26,20141.0,20659.0,-2/0 (%),-2.0,0.0,20245.82,20659.0,-0.25369088532842743,2026-06-23 08:00:00,False,-297.0,-317.0,-144.7,689.0,GdsrNGTLImperial20260626.csv
2026-06-27,20149.0,20659.0,-2/0 (%),-2.0,0.0,20245.82,20659.0,-0.23432886393339378,2026-06-23 08:00:00,False,-229.0,8.0,-60.6,576.6,GdsrNGTLImperial20260627.csv
2026-06-28,19995.0,20659.0,-2/0 (%),-2.0,0.0,20245.82,20659.0,-0.6070477757877911,2026-06-23 08:00:00,False,-265.0,-154.0,-277.2,539.3,GdsrNGTLImperial20260628.csv
2026-06-29,20060.0,20659.0,-2/0 (%),-2.0,0.0,20245.82,20659.0,-0.4497313519531429,2026-06-23 08:00:00,False,192.0,65.0,-242.3,744.9,GdsrNGTLImperial20260629.csv
2026-06-30,20098.0,20659.0,-2/0 (%),-2.0,0.0,20245.82,20659.0,-0.35776175032673313,2026-06-23 08:00:00,False,121.0,38.0,-221.5,624.5,GdsrNGTLImperial20260630.csv
2026-07-01,20335.0,20659.0,-2/0 (%),-2.0,0.0,20245.82,20659.0,0.21583813350113806,2026-06-23 08:00:00,False,191.0,236.0,-207.5,689.8,GdsrNGTLImperial20260701.csv
2026-07-02,20402.0,20659.0,-2/0 (%),-2.0,0.0,20245.82,20659.0,0.3779950626845447,2026-06-23 08:00:00,False,-10.0,68.0,-106.4,869.8,GdsrNGTLImperial20260702.csv
2026-07-03,19997.0,20659.0,-2/0 (%),-2.0,0.0,20245.82,20659.0,-0.6022072704390327,2026-06-23 08:00:00,False,-463.0,-405.0,-356.1,474.0,GdsrNGTLImperial20260703.csv
2026-07-04,20106.0,20659.0,-2/0 (%),-2.0,0.0,20245.82,20659.0,-0.3383997289316995,2026-06-23 08:00:00,False,113.0,108.0,-175.5,364.7,GdsrNGTLImperial20260704.csv
2026-07-05,19758.0,20659.0,-2/0 (%),-2.0,0.0,20245.82,20659.0,-1.1806476596156623,2026-06-23 08:00:00,False,-395.0,-348.0,-562.1,277.8,GdsrNGTLImperial20260705.csv
2026-07-06,19818.0,20659.0,-2/0 (%),-2.0,0.0,20245.82,20659.0,-1.03543249915291,2026-06-23 08:00:00,False,-129.0,60.0,-523.9,603.2,GdsrNGTLImperial20260706.csv
2026-07-07,19818.0,20659.0,-2/0 (%),-2.0,0.0,20245.82,20659.0,-1.03543249915291,2026-06-23 08:00:00,False,176.0,0.0,-789.5,729.1,GdsrNGTLImperial20260707.csv
2026-07-08,20546.0,20659.0,-1/1 (%),-1.0,1.0,20452.41,20865.59,0.22651144779515,2026-07-08 08:00:00,True,386.0,728.0,54.0,605.6,GdsrNGTLImperial20260708.csv
2026-07-09,20369.0,20659.0,-1/1 (%),-1.0,1.0,20452.41,20865.59,-0.201873275569969,2026-07-08 08:00:00,False,-357.0,-176.0,99.0,559.0,GdsrNGTLImperial20260709.csv
2026-07-10,20208.0,20659.0,-1/1 (%),-1.0,1.0,20452.41,20865.59,-0.5915339561450208,2026-07-08 08:00:00,False,-36.0,-161.0,36.8,258.5,GdsrNGTLImperial20260710.csv
2026-07-11,20155.0,20659.0,-1/1 (%),-1.0,1.0,20452.41,20865.59,-0.7198073478871185,2026-07-08 08:00:00,False,-261.0,-53.0,4.7,229.0,GdsrNGTLImperial20260711.csv
2026-07-12,20290.0,20659.0,-1/1 (%),-1.0,1.0,20452.41,20865.59,-0.3930732368459261,2026-07-08 08:00:00,False,-381.0,135.0,74.5,165.8,GdsrNGTLImperial20260712.csv
2026-07-13,20199.0,20659.0,-1/1 (%),-1.0,1.0,20452.41,20865.59,-0.6133162302144336,2026-07-08 08:00:00,False,8.0,-92.0,39.6,340.8,GdsrNGTLImperial20260713.csv
2026-07-14,19926.0,20659.0,-1/1 (%),-1.0,1.0,20452.41,20865.59,-1.2740452103199562,2026-07-08 08:00:00,False,-137.0,-272.0,-270.4,219.1,GdsrNGTLImperial20260714.csv
2026-07-15,19701.0,20659.0,-1/1 (%),-1.0,1.0,20452.41,20865.59,-1.818602062055277,2026-07-08 08:00:00,False,-214.0,-225.0,-185.2,-120.4,GdsrNGTLImperial20260715.csv
2026-07-16,19904.0,20659.0,-1/1 (%),-1.0,1.0,20452.41,20865.59,-1.3272907691562987,2026-07-08 08:00:00,False,799.0,202.0,-152.2,263.7,GdsrNGTLImperial20260716.csv
2026-07-17,19893.0,20659.0,-1/1 (%),-1.0,1.0,20452.41,20865.59,-1.3539135485744698,2026-07-08 08:00:00,False,155.0,-11.0,-316.9,210.1,GdsrNGTLImperial20260717.csv
2026-07-18,19787.0,20659.0,-1/1 (%),-1.0,1.0,20452.41,20865.59,-1.6104603320586655,2026-07-08 08:00:00,False,11.0,-106.0,-248.8,-26.2,GdsrNGTLImperial20260718.csv
2026-07-19,20108.0,20659.0,-1/1 (%),-1.0,1.0,20452.41,20865.59,-0.8335592235829411,2026-07-08 08:00:00,False,139.0,321.0,295.1,-149.5,GdsrNGTLImperial20260719.csv
2026-07-20,20035.0,20659.0,-1/1 (%),-1.0,1.0,20452.41,20865.59,-1.010237668812623,2026-07-08 08:00:00,False,-259.0,-73.0,147.8,65.9,GdsrNGTLImperial20260720.csv
2026-07-21,19668.0,20659.0,-1/1 (%),-1.0,1.0,20452.41,20865.59,-1.8984704003097908,2026-07-08 08:00:00,False,-634.0,-366.0,-213.4,76.4,GdsrNGTLImperial20260721.csv
2026-07-22,19280.0,20659.0,-1/1 (%),-1.0,1.0,20452.41,20865.59,-2.8375284379689214,2026-07-08 08:00:00,False,142.0,-388.0,-477.4,-54.6,GdsrNGTLImperial20260722.csv
2026-07-23,20370.0,20659.0,0/2 (%),0.0,2.0,20659.0,21072.18,-0.6994530228955899,2026-07-23 08:00:00,True,999.0,1090.0,669.4,-51.6,GdsrNGTLImperial20260723.csv
2026-07-24,19827.0,20659.0,0/2 (%),0.0,2.0,20659.0,21072.18,-2.0136502250834973,2026-07-23 08:00:00,False,-451.0,-543.0,155.3,-283.2,GdsrNGTLImperial20260724.csv
2026-07-25,19995.0,20659.0,0/2 (%),0.0,2.0,20659.0,21072.18,-1.607047775787791,2026-07-23 08:00:00,False,-60.0,168.0,363.6,-254.7,GdsrNGTLImperial20260725.csv
2026-07-26,19541.0,20659.0,0/2 (%),0.0,2.0,20659.0,21072.18,-2.7058424899559497,2026-07-23 08:00:00,False,-276.0,-454.0,397.0,-526.8,GdsrNGTLImperial20260726.csv
2026-07-27,19763.0,20659.0,0/2 (%),0.0,2.0,20659.0,21072.18,-2.1685463962437663,2026-07-23 08:00:00,False,-465.0,222.0,254.1,-195.9,GdsrNGTLImperial20260727.csv
2026-07-28,19816.0,20659.0,0/2 (%),0.0,2.0,20659.0,21072.18,-2.0402730045016684,2026-07-23 08:00:00,False,-228.0,52.0,86.3,104.0,GdsrNGTLImperial20260728.csv
2026-07-29,19280.0,20659.0,0/2 (%),0.0,2.0,20659.0,21072.18,-3.3375284379689214,2026-07-23 08:00:00,False,-412.0,-536.0,-410.8,-74.7,GdsrNGTLImperial20260729.csv
2026-07-30,19718.0,20659.0,0/2 (%),0.0,2.0,20659.0,21072.18,-2.2774577665908304,2026-07-23 08:00:00,False,448.0,439.0,108.6,-23.7,GdsrNGTLImperial20260730.csv
2026-07-31,20108.0,20659.0,0/2 (%),0.0,2.0,20659.0,21072.18,-1.3335592235829412,2026-07-23 08:00:00,False,813.0,390.0,205.4,138.7,GdsrNGTLImperial20260731.csv
2026-08-01,20291.0,20659.0,0/2 (%),0.0,2.0,20659.0,21072.18,-0.8906529841715469,2026-07-23 08:00:00,False,-100.0,183.0,240.3,192.1,GdsrNGTLImperial20260801.csv
2026-08-02,20344.0,20659.0,0/2 (%),0.0,2.0,20659.0,21072.18,-0.7623795924294491,2026-07-23 08:00:00,False,-237.0,52.0,363.0,30.1,GdsrNGTLImperial20260802.csv
2026-08-03,20131.0,20659.0,0/2 (%),0.0,2.0,20659.0,21072.18,-1.2778934120722194,2026-07-23 08:00:00,False,-203.0,-212.0,234.8,-203.5,GdsrNGTLImperial20260803.csv
2026-08-04,20092.0,20659.0,0/2 (%),0.0,2.0,20659.0,21072.18,-1.3722832663730085,2026-07-23 08:00:00,False,93.0,-39.0,221.5,221.5,GdsrNGTLImperial20260804.csv
2026-08-05,20054.0,20659.0,0/2 (%),0.0,2.0,20659.0,21072.18,-1.464252867999418,2026-07-23 08:00:00,False,144.0,-38.0,9.6,243.8,GdsrNGTLImperial20260805.csv
2026-08-06,20285.0,20659.0,0/2 (%),0.0,2.0,20659.0,21072.18,-0.9051745002178221,2026-07-23 08:00:00,False,190.0,231.0,264.5,223.8,GdsrNGTLImperial20260806.csv
2026-08-07,20100.0,20659.0,0/2 (%),0.0,2.0,20659.0,21072.18,-1.3529212449779748,2026-07-23 08:00:00,False,-179.0,-185.0,42.8,89.6,GdsrNGTLImperial20260807.csv
2026-08-08,20233.0,20659.0,0/2 (%),0.0,2.0,20659.0,21072.18,-1.0310276392855406,2026-07-23 08:00:00,False,164.0,133.0,166.8,46.9,GdsrNGTLImperial20260808.csv
2026-08-09,20028.0,20659.0,0/2 (%),0.0,2.0,20659.0,21072.18,-1.5271794375332775,2026-07-23 08:00:00,False,-205.0,-205.0,57.6,-207.6,GdsrNGTLImperial20260809.csv
2026-08-10,20216.0,20659.0,0/2 (%),0.0,2.0,20659.0,21072.18,-1.0721719347499872,2026-07-23 08:00:00,False,-42.0,189.0,-90.8,260.7,GdsrNGTLImperial20260810.csv
2026-08-11,20195.0,20659.0,0/2 (%),0.0,2.0,20659.0,21072.18,-1.1229972409119504,2026-07-23 08:00:00,False,242.0,-21.0,256.5,-113.9,GdsrNGTLImperial20260811.csv
2026-08-12,20014.0,20659.0,0/2 (%),0.0,2.0,20659.0,21072.18,-1.5610629749745863,2026-07-23 08:00:00,False,14.0,-158.0,-216.3,86.3,GdsrNGTLImperial20260812.csv
2026-08-13,20495.0,20659.0,0/2 (%),0.0,2.0,20659.0,21072.18,-0.39692143859818935,2026-07-23 08:00:00,False,645.0,468.0,360.3,134.8,GdsrNGTLImperial20260813.csv
2026-08-14,20320.0,20659.0,0/2 (%),0.0,2.0,20659.0,21072.18,-0.82046565661455,2026-07-23 08:00:00,False,117.0,-83.0,18.1,129.6,GdsrNGTLImperial20260814.csv
2026-08-15,20682.0,20659.0,0/2 (%),0.0,2.0,20659.0,21072.18,0.05566581151072168,2026-07-23 08:00:00,False,527.0,391.0,414.5,89.2,GdsrNGTLImperial20260815.csv
