COMP_NAME,SegmentCount,TotalLengthKm,AverageDiameterMm
Canadian Natural Resources Limited,22736,30706.9,107.986866643209
NOVA Gas Transmission Ltd.,1698,22937.1,382.87208480565374
Ember Resources Inc.,9916,11508.34,127.97915490116984
ATCO Gas And Pipelines Ltd.,3558,9206.08,210.11408094435077
Torxen Energy Ltd.,8906,8689.79,84.7998091174489
Ipc Canada Ltd.,10874,7370.61,74.15871804303845
Tourmaline Oil Corp.,3518,7225.76,155.50503126776576
Pine Cliff Energy Ltd.,4889,7060.28,115.9676007363469
Cenovus Energy Inc.,3819,6826.71,144.10570830060223
Canlin Energy Corporation,6294,6707.87,92.45980298697172
Lynx Energy ULC,5055,5862.95,115.16929772502473
Peyto Exploration & Development Corp.,2224,3864.08,154.81362410071944
TAQA North Ltd.,2395,3689.45,125.30133611691024
Sequoia Resources Corp.,1463,2721.45,120.80423786739577
Whitecap Resources Inc.,1293,2671.72,150.76991492652746
Long Run Exploration Ltd.,1207,2395.32,114.62709196354598
AlphaBow Energy Ltd.,1133,1764.96,112.68746690203001
Apex Utilities Inc.,474,1535.54,88.24261603375527
Alliance Pipeline Ltd.,37,1360.6799999999998,369.3459459459459
Paramount Resources Ltd.,830,1355.68,141.3725301204819
Karve Energy Inc.,720,1329.55,119.16
Keyera Energy Ltd.,159,1258.78,208.4805031446541
Tallahassee Exploration Inc.,839,1252.6,120.1761620977354
Gran Tierra Canada Ltd.,655,1141.83,124.73801526717558
Ovintiv Canada ULC,522,1141.18,174.64865900383143
Journey Energy Inc.,797,1057.79,101.2529485570891
Vermilion Energy Inc.,610,1028.09,122.56639344262295
Battle River Energy Ltd.,632,1027.29,109.58006329113925
ARC Resources Ltd.,430,988.53,220.59627906976743
Tidewater Midstream and Infrastructure Ltd.,279,939.42,178.87383512544804
Shell Canada Limited,339,916.26,178.8061946902655
Strathcona Resources Ltd.,418,867.48,160.1665071770335
Axiom Oil and Gas Inc.,386,841.47,120.19248704663214
PGI Processing ULC,136,839.38,234.88750000000002
Westbrick Energy Ltd.,437,799.93,141.85560640732265
HWN Energy Ltd.,434,732.19,127.75345622119816
Baytex Energy Ltd.,414,720.1800000000001,122.62053140096619
Mancal Energy Inc.,433,708.15,120.21801385681293
Outlier Resources Ltd.,420,702.35,119.24190476190476
Barrel Oil Corp.,350,661.77,116.79571428571428
County of Vermilion River Co-op,160,646.75,77.1525
City Of Medicine Hat,650,610.08,123.03676923076922
Btg Energy Corporation,431,607.23,115.80696055684456
Obsidian Energy Ltd.,400,560.08,121.97925
Long Term Asset Management Inc.,435,546.66,107.30873563218391
Cleo Energy Corp.,385,544.56,99.17246753246754
Cavvy Production Ltd.,174,525.34,156.5390804597701
Harvest Operations Corp.,281,524.79,131.23807829181496
Tamarack Valley Energy Ltd.,346,524.52,119.54479768786128
Foothills Pipe Lines Ltd.,4,502.5,952.25
Forty Mile Gas Co-op Ltd.,57,498.77,71.23508771929825
Blue Sky Resources Ltd.,240,495.11,117.04625000000001
InPlay Oil Corp.,363,490.73,123.17162534435262
Bearspaw Petroleum Ltd.,422,489.94,114.37488151658769
North Peace Gas Co-Operative Ltd.,58,474.95,63.98103448275862
Surge Energy Inc.,260,474.73,96.02538461538461
Birchcliff Energy Ltd.,257,470.84,183.3408560311284
Advantage Energy Ltd.,221,470.29,193.29819004524887
NuVista Energy Ltd.,278,470.08,185.17769784172663
Sinopec Canada Energy Ltd.,266,466.29,143.01428571428573
Spark Infrastructure Corp.,323,452.29,138.52538699690405
AltaGas Ltd.,142,452.27,268.74788732394364
Bighorn Energy Corporation,206,451.89,131.36067961165048
Vantage Point Resources Inc.,303,448.83,113.76303630363036
Spartan Delta Corp.,259,445.73,173.3891891891892
Prairie Provident Resources Canada Ltd.,286,441.03000000000003,108.41433566433567
Rising Tide Energy Ltd.,351,428.46,104.14957264957265
Kelt Exploration Ltd.,162,391.62,157.25555555555556
Cardinal Energy Ltd.,281,377.48,106.53309608540926
Persist Oil And Gas Inc.,269,372.39,138.10520446096655
Northern Lights Gas Co-op Ltd.,39,355.18,146.0076923076923
Teine Energy Ltd.,389,342.03,105.58046272493574
Spur Petroleum Ltd.,222,337.0,137.12792792792794
Sun Century Petroleum Corporation,224,336.67,118.85580357142858
NorthRiver Midstream Inc.,59,322.83,185.571186440678
Prairie River Gas Co-Op Ltd.,50,320.34,89.502
East Peace Gas Co-Op Ltd.,37,315.02,67.71621621621621
Kiwetinohk Energy Corp.,141,307.21,196.01276595744682
Astara Energy Corp.,221,303.88,106.16153846153847
ORLEN Upstream Canada Ltd.,176,302.84,143.5909090909091
Petrus Resources Corp.,164,302.67,125.87439024390245
Pembina Gas Services Ltd.,67,298.86,231.18507462686566
Avila Energy Corporation,140,294.36,118.49642857142857
Bornite Energy Ltd.,210,283.72,115.39142857142858
Enercapita Energy Ltd.,159,279.08,114.34276729559748
East Smoky Gas Co-Op Ltd.,43,261.35,58.723255813953486
Ricochet Oil Corp.,187,260.1,144.44598930481285
Endrum Energy Corp.,205,257.46,132.12829268292685
East Central Gas Co-Op Ltd.,22,253.53,43.79090909090909
Yangarra Resources Corp.,156,249.12,128.31538461538463
Loyal Energy (canada) Operating Ltd.,130,248.82999999999998,152.53923076923076
Bonterra Energy Corp.,161,248.57,122.83291925465839
N7 Energy Ltd.,104,247.07,198.08461538461538
SanLing Energy Ltd.,175,243.45,103.15942857142858
Gear Energy Ltd.,198,237.39,104.42727272727274
Sharptail Energy Inc,142,236.46,125.37323943661971
West Parkland Gas Co-Op Ltd.,73,234.77,72.1917808219178
Texcal Energy Canada Inc.,184,232.82,107.08206521739132
Natural Gas Co-Op 52 Ltd.,32,225.25,54.512499999999996
Saturn Oil & Gas Inc.,114,221.31,113.80789473684212
Success Resources Ltd.,114,219.64000000000001,101.9701754385965
Pointbreak Resources Inc.,152,202.52,111.42565789473684
Bow River Gas Co-Op Ltd.,36,202.23,53.775
TRL Gas Co-Op Ltd.,61,196.89000000000001,68.0327868852459
Greenfire Resources Operating Corporation,76,183.02,149.0013157894737
New North Resources Ltd.,131,179.01,136.8412213740458
Dry Country Gas Co-op Ltd.,18,175.46,56.64444444444444
Veresen Midstream General Partner Inc.,24,174.01,229.67916666666667
Signalta Resources Limited,105,173.65,109.54857142857144
West Lake Energy Corp.,122,173.04,104.72868852459015
ATCO Next Energy Ltd.,49,171.86,309.7408163265306
Pivotal Energy Partners Inc.,46,167.53,174.09565217391307
Ankerton Gas Co-Op Ltd,24,166.18,48.020833333333336
Maga Energy Ltd.,95,165.53,117.07263157894737
Spoke Resources Ltd.,69,164.3,119.87391304347828
Insignia Energy Ltd.,78,163.9,133.15641025641025
Ranahan Resources Limited,167,158.52,131.88562874251497
Paintearth Gas Co-Op Ltd.,37,156.79,55.38378378378378
Highwood Asset Management Ltd.,112,154.14,108.28660714285715
Sprocket Energy Corporation,111,143.85,119.33423423423423
Clearview Resources Ltd.,89,142.39000000000001,120.90224719101123
Athabasca Oil Corporation,24,142.12,209.975
Buck Mountain Gas Co-op Ltd.,23,139.55,55.24782608695652
County Of Two Hills No. 21,28,137.4,81.75714285714285
TransCanada Pipeline Ventures Ltd.,10,136.28,503.45
Ste Anne Natural Gas Co-Op Limited,37,133.83,66.42432432432432
Baccalieu Energy Inc.,89,133.8,106.85955056179775
Rockpoint Gas Storage Canada Ltd.,83,133.67000000000002,286.45301204819276
Central Peace Natural Gas Co-op Ltd.,24,132.41,62.03333333333333
Canstone Energy Ltd.,106,131.38,118.61698113207547
Sunshine Gas Co-Op Ltd.,24,130.95000000000002,53.800000000000004
"Vaalco Energy Canada, Inc.",78,130.87,143.93974358974359
DEL Canada GP Ltd.,77,128.67,113.52467532467531
Phoenix Gas Co-Op Ltd.,24,127.97,55.55833333333334
Nps Industrial Power,92,127.28,103.91086956521738
Conifer Energy Inc.,62,120.85,192.8774193548387
North 40 Resources Ltd.,87,119.45,103.88275862068964
Thorhild County,18,116.03999999999999,62.67222222222222
PetroChina Canada Ltd.,38,115.2,260.2947368421053
Chain Lakes Gas Co-op Limited,34,115.17,72.58529411764707
Convega Energy Ltd.,60,113.75999999999999,102.62833333333333
Logan Energy Corp.,77,113.27,126.09350649350651
Canadian Natural Upgrading Limited,55,112.72,205.88181818181818
Artis Exploration Ltd.,48,112.34,133.53333333333333
Suncor Energy Inc.,53,111.52000000000001,315.83396226415095
Crossroads Gas Co-op Ltd.,23,109.84,87.6391304347826
Ish Energy Ltd.,56,109.26,109.25714285714287
Aspenleaf Energy Limited,33,108.7,163.07575757575756
Chief Mountain Gas Co-Op Ltd,14,108.50999999999999,70.87857142857142
Revolution Oil & Gas Corporation,98,107.73,96.13265306122449
Triple W Natural Gas Co-op Limited,16,105.77,65.59375
Tuktu Resources Ltd.,77,105.55,88.06883116883117
County Of Smoky Lake,18,104.64,53.727777777777774
Seol Energy Inc.,58,102.38,118.08103448275861
North East Gas Co-op Ltd.,10,101.81,56.7
Foothills Natural Gas Co-op Ltd.,24,99.86,57.5
Lac La Biche District Natural Gas Co-Op Ltd.,13,99.58,86.25384615384615
ConocoPhillips Canada Resources Corp.,45,99.49000000000001,446.1044444444445
Enerplus Corporation,38,98.85,124.50263157894737
Shackleton Exploration Ltd.,46,98.37,123.05869565217391
Birch Hills Gas Co-Op Ltd,20,97.49000000000001,53.355
Gunnarr Resources Inc.,45,93.86,114.02
Forden Energy Inc.,53,93.38,105.49245283018868
Lamco Gas Co-Op Ltd,9,91.51,63.12222222222223
Imperial Oil Resources Limited,58,91.28999999999999,224.1758620689655
Point Loma Resources Ltd.,48,87.93,118.14375000000001
Pembina River Natural Gas Co-Op Ltd.,11,87.09,63.23636363636364
Sabre Energy Ltd.,35,86.48,145.47142857142856
Parallax Energy Operating Inc.,40,86.03,117.4
Burnt Lake Gas Co-op Limited,15,85.87,66.78666666666666
Cygnet Energy Ltd.,31,84.85000000000001,148.11290322580646
Csv Simonette Corp.,34,83.75,187.6294117647059
Jixing Energy (canada) Ltd.,15,82.85,349.68
Jayhawk Resources Ltd.,52,82.12,173.46730769230768
Swan River Natural Gas Co-op Ltd.,31,82.08,104.81612903225806
Yellowhead Gas Co-Op Ltd.,12,81.88,73.625
Diamond Valley Gas Co-Op Ltd.,15,79.07,58.093333333333334
Chinook Gas Co-Op Ltd.,7,75.39000000000001,43.628571428571426
Tenaz Energy Corp.,34,74.17999999999999,124.12941176470589
Little Bow Gas Co-Op Ltd,9,72.86,46.0
Prospect Oil & Gas Management Ltd.,76,72.83,87.38947368421053
Archer Exploration Corp.,42,71.95,145.3857142857143
Pioneer Gas Co-op Limited,11,68.89,60.81818181818182
CNOOC Petroleum North America ULC,34,68.67,377.5882352941176
Big Country Gas Co-Op Ltd.,5,68.09,45.32
Allied Energy II Corp.,25,68.07000000000001,138.93200000000002
Altair Energy Ltd.,26,67.29,105.5076923076923
Dinosaur Gas Co-Op Ltd.,16,66.25,54.09375
Entrada Resources Inc.,41,65.77,115.38048780487806
ROK Resources Inc.,37,65.76,117.82162162162162
CSV Midstream Solutions Corp.,16,65.38,244.5125
Tmax Energy Ltd.,15,64.57,157.5
MEG Energy Corp.,79,63.74,208.36329113924052
Outpost Energy Ltd.,33,61.2,115.7030303030303
Rubellite Energy Inc.,27,59.35,115.71481481481482
GEX Resources Ltd.,42,57.56,80.57619047619048
Acquisition Oil Corp.,25,56.95,113.796
New Times Energy Canada Gp3 Ltd.,32,56.3,136.3375
Minco Gas Co-Op Ltd.,6,56.129999999999995,43.333333333333336
Lexin Resources Ltd.,37,55.36,136.61891891891892
Battle River Gas Co-Op Ltd.,15,54.92,63.833333333333336
Rally Canada Resources Ltd.,32,51.7,116.328125
Caledonian Midstream Corporation,28,51.06,147.87857142857143
Revitalize Energy Inc.,27,49.73,96.07037037037037
Harvest Hills Gas Co-Op Ltd.,11,49.230000000000004,53.08181818181818
Rockyview Gas Co-op Ltd.,4,49.0,54.3
Tirol Gas Co-Op Limited,16,48.27,60.5875
Murphy Oil Company Ltd.,12,47.65,206.4
Storm Development Corp.,21,47.54,162.54761904761904
Sogar Resources Ltd.,14,46.480000000000004,116.57142857142857
Trident Exploration (Alberta) Corp.,57,45.91,107.39473684210526
Windsor Salt Ltd/sel Windsor Ltee,33,45.67,75.13333333333334
TransCanada Energy Ltd.,30,45.63,243.23
Point Bar Resources Inc.,33,42.17,113.58181818181818
Evergreen Gas Co-op Ltd.,14,42.1,60.221428571428575
Corse Energy Corp.,40,41.44,120.655
Manitok Energy Inc.,16,40.85,110.53125
Enhance Energy Inc.,20,39.04,140.03
Highvale Energy Limited,20,38.2,112.4
Free Rein Resources Ltd.,14,38.19,139.4857142857143
Canadian Oil & Gas International Inc.,22,37.9,100.12727272727274
Rocky Gas Co-Op Ltd.,11,36.92,38.209090909090904
Hitic Energy Ltd.,10,36.480000000000004,139.32
Houston Oil & Gas Ltd.,26,36.11,98.36538461538461
Westcoast Energy Inc.,6,35.78,453.3
Gull Lake Deer Creek Gas Co-Op Ltd.,10,35.46,52.19
Warwick Gas Storage Ltd.,23,34.8,121.47826086956522
Town Of Smoky Lake,11,34.78,90.33636363636364
West 5 Resources Inc.,20,34.44,113.35
Lucky Strike Energy Ltd.,22,33.95,101.45
Peyto Canada Corp.,22,33.56,215.64545454545458
Rosebud Gas Co-Op Ltd.,6,33.27,75.53333333333333
Department Of National Defence,33,33.05,88.50909090909092
Marlin Resources Ltd.,21,30.99,91.16666666666667
The Town Of High Prairie,6,30.67,95.46666666666665
Husky Midstream General Partner Inc.,2,30.04,406.4
Syncrude Canada Ltd.,5,29.95,301.0
Pine Cliff Border Pipelines Limited,1,29.54,406.4
Taiga Energy Corp.,11,29.24,126.71818181818183
840586 Alberta Ltd.,29,29.17,108.5
Town Of Rainbow Lake,4,28.96,88.9
SILVERLEAF RESOURCES INC.,13,28.93,114.79230769230769
Nuova Strada Ventures Ltd.,15,27.400000000000002,102.23333333333333
Questfire Energy Corp.,36,27.34,122.77222222222223
NOVA Chemicals Corporation,1,27.2,406.4
AltaGas Pipestone Infrastructure Corp.,10,27.080000000000002,232.75
Westgate Energy Operations Ltd.,20,26.82,93.98
Prairie Thunder Resources Ltd.,18,26.56,120.91666666666667
Gryphon Petroleum Corp.,5,26.48,156.85999999999999
Connacher Oil And Gas Limited,20,26.08,181.63
Sifton Petroleum Inc.,32,25.94,88.72500000000001
C Group Energy Inc.,10,25.21,112.08
Altagas Holdings Inc.,18,24.83,274.4555555555555
Cochrane Lake Gas Co-op Ltd.,8,24.619999999999997,46.8
Tykewest Limited,16,24.58,103.1875
Cabot Energy Inc.,20,24.13,116.05
RKSmith Energy Corp.,14,24.04,109.08571428571429
Paddle Prairie Gas Co-Op Ltd.,4,23.3,54.3
Fort Calgary Resources Ltd.,21,22.900000000000002,91.27619047619048
Relentless Resources Ltd.,5,21.75,120.02000000000001
Whitefish Lake Indian Band,3,21.2,60.29999999999999
Pulse Oil Operating Corp.,10,21.14,117.16
Resourceful Petroleum Canada Limited,7,20.72,159.67142857142858
Headwater Exploration Inc.,16,20.64,127.6
Insch Commodity Ltd.,4,20.5,91.95
Adanac Oil & Gas Limited,7,20.35,106.58571428571429
Village Of Forestburg,3,20.11,79.36666666666667
Hemisphere Energy Corporation,26,19.55,82.9346153846154
Town Of Valleyview,5,19.41,88.94
Terra Energy Corp.,7,19.26,122.01428571428572
LR Processing Ltd.,5,18.67,135.26
G. Herman Group Inc.,8,18.47,149.13750000000002
Caltex Trilogy Inc.,18,18.36,107.08888888888889
Norwegian Energy Inc.,7,18.18,116.54285714285713
Topanga Resources Ltd.,8,18.18,95.25
Yoho Resources Inc.,9,18.1,109.21111111111111
Sydco Energy Inc.,8,17.99,118.275
Town Of Sedgewick,4,17.58,74.6
Suede Energy Ltd.,17,17.45,124.58823529411765
Islander Oil & Gas Inc.,11,17.34,73.0
Sutton Energy Ltd.,7,16.84,96.15714285714286
APL Oil & Gas (1998) Ltd.,7,15.83,111.12857142857142
Campus Energy Partners Operations Inc.,7,15.82,126.10000000000001
White Tundra Petroleum Ltd.,12,15.709999999999999,101.86666666666667
Alchemy Energy Ltd,13,15.43,107.97692307692309
Wilcox Energy Corp.,7,15.27,92.07142857142857
HESC Energy Corporation,7,14.61,99.78571428571429
"Barnwell of Canada, Limited",7,13.76,103.87142857142858
Procyon Energy Corp.,9,13.58,106.1888888888889
Freehold Royalties Ltd.,12,13.51,189.20000000000002
Lac La Biche County,10,13.469999999999999,136.17000000000002
Eclipse Resources Ltd.,4,13.26,76.625
Drakkar Energy Ltd.,13,13.01,146.7923076923077
Woodsman Energy Corp.,13,12.86,106.73076923076923
Rocky Mountain Clean Fuels Inc.,1,12.83,168.3
Prairie Mines & Royalty ULC,18,12.72,105.57222222222222
Mutiny Oil & Gas Ltd.,10,12.64,88.58000000000001
Halo Exploration Ltd.,4,12.610000000000001,115.10000000000001
Enermerge Ops Ltd.,8,12.55,126.075
Cobalt Energy Inc.,2,12.52,114.3
Tenth Avenue Petroleum Corp.,6,12.52,129.0666666666667
JX Energy Ltd.,5,12.38,168.3
979968 Alberta Ltd.,1,12.33,114.3
Inter Pipeline Offgas Ltd.,2,12.0,457.2
First Helium Alberta Inc.,6,11.879999999999999,155.0666666666667
Scavenger Energy GP Inc.,6,11.85,106.36666666666667
Raimount Energy Corp.,6,11.8,132.29999999999998
Fairwest Energy Corporation,7,11.780000000000001,95.24285714285715
Samson Band Tribal Administration,3,11.719999999999999,69.83333333333333
Nakoda Oil and Gas Inc.,4,11.66,114.3
Hanna Oil & Gas Company - Canada ULC,3,11.29,97.36666666666667
Pembina Pipeline Corporation,3,11.05,166.16666666666666
Rampart Oil Inc.,3,10.99,132.29999999999998
Response Energy Corporation,9,10.84,91.01111111111112
Kaden Energy Ltd.,8,10.82,154.8
Coastal Resources Limited,13,10.51,90.36153846153846
Canadian Coyote Energy Ltd.,8,10.41,111.125
Northrock Resources Partnership Ltd.,5,10.030000000000001,168.3
Bench Creek Resources Ltd.,9,9.94,105.47777777777777
Rex Energy Ltd.,3,9.43,141.83333333333334
Logic Energy Ltd.,4,9.309999999999999,88.9
Town Of Daysland,1,9.2,60.3
New Times Energy Canada Gp 2 Ltd.,8,9.06,127.80000000000001
Potts Petroleum Inc.,7,9.04,129.27142857142857
Coronado Gas Co-op Ltd.,1,8.62,60.3
Pambili Natural Resources Corporation,5,8.600000000000001,88.26
Ribbon Creek Resources Inc.,11,8.55,73.00909090909092
Kor Energy Inc.,2,8.52,88.9
O'chiese Utilities (gp) Limited,3,8.48,150.3
West Isle Energy Inc.,5,8.43,114.3
Suncor Inc. Resources Group,1,8.39,114.3
Stonewater Resources Inc.,4,8.14,101.6
Westhill Resources Limited,3,8.14,97.36666666666667
Altima Energy Inc.,3,7.960000000000001,114.3
LGX Oil + Gas Inc.,7,7.93,95.7
Taggart Oil Corp.,3,7.92,114.3
Lone Tree Resources Inc.,4,7.9,88.9
Doag Energy Ltd.,10,7.79,88.9
Red Angus Energy Inc.,4,7.74,115.10000000000001
Bitstone Resources Inc.,3,7.58,114.3
Calver Resources Inc.,4,7.41,88.9
Midlake Oil & Gas Limited,3,7.4,114.3
Cascade Power Gp Ltd.,2,7.28,406.4
Blue Range Resource Corporation,2,7.23,193.7
Plains Midstream Canada ULC,8,7.2,188.1125
Whitehall Energy Ltd.,5,7.0,109.22
Deltawest Energy Ltd.,6,7.0,78.83333333333333
Village Of Chauvin,4,6.88,60.3
Peace River Transmission Company Limited,2,6.84,114.3
Aeraden Energy Corp.,3,6.83,109.06666666666666
Alder Flats Gas Co-Op Ltd.,1,6.75,48.3
Graybeard Energy Ltd.,1,6.7,114.3
Canadian Rockies Petroleum Corp.,5,6.66,114.94000000000001
2155192 Alberta Ltd.,1,6.64,114.3
Sansum Energy Inc.,2,6.57,106.45
Novus Energy Inc.,9,6.49,97.24444444444445
Goose Creek Resources Ltd.,3,6.4,88.96666666666665
Whitemud Creek Resources Ltd.,8,6.37,134.15
Pro-Pipe Service & Sales Ltd.,4,6.34,101.6
Grassland Energy Corp.,4,6.32,117.525
Canadian-Montana Pipe Line Corporation,1,6.31,406.4
Serinus Energy PLC,4,6.26,154.8
Secure Waste Infrastructure Corp.,3,6.07,88.90000000000002
Northpine Energy Ltd.,4,6.06,95.25
Perisson Petroleum Corporation,2,5.8100000000000005,87.3
Lycos Energy Inc.,7,5.72,103.41428571428571
Mjolnir Resources Corp.,2,5.68,168.3
Iron Creek Gas Co-Op Ltd.,1,5.68,114.3
Top Oil Production Ltd.,9,5.68,88.9
"Bassett, James R.",5,5.66,109.85999999999999
Harvard Resources Inc.,6,5.62,83.60000000000001
543077 Alberta Ltd.,5,5.58,77.46000000000001
North Fork Resources Ltd,10,5.57,91.44000000000001
Mato Inc.,3,5.56,88.90000000000002
Borradaile Oil Ltd.,6,5.5,108.53333333333335
County of Thorhild No. 7,4,5.46,60.3
Gmt Exploration Zama Inc.,2,5.33,105.65
DWL Resources Ltd.,3,5.22,119.53333333333335
Many Islands Pipe Lines (Canada) Limited,10,5.12,222.59
Torxen Resources Ltd.,7,5.07,117.57142857142857
2363750 Alberta Ltd.,7,5.0600000000000005,96.15714285714286
Buck Lake Gas Co-Op Limited,2,5.0200000000000005,97.0
Triple 555 Oil Company Ltd.,2,4.9399999999999995,141.3
Davies Livestock Co. Ltd.,3,4.65,123.83333333333333
BRW Petroleum Corp.,4,4.609999999999999,60.224999999999994
Dreadnought Energy Inc.,2,4.5,114.3
Blue Springs Energy Ltd.,3,4.42,97.36666666666667
Sedna Oil And Gas Ltd.,1,4.4,114.3
EP Resources Corporation,1,4.4,97.0
Thor Resources Inc.,1,4.36,88.9
Conserve Oil 1st Corporation,2,4.34,101.6
Dark Warrior Resources Ltd.,3,4.26,90.53333333333335
Town Of Castor,4,4.21,67.45
Incipient Exploration Ltd.,2,4.21,88.9
R360 Environmental Solutions Canada Inc.,1,4.19,60.3
Odaat Oil Corp,3,4.1899999999999995,132.29999999999998
Ascensun Oil and Gas Ltd.,2,4.109999999999999,101.6
Shoreline Energy Corp.,3,4.1,150.3
Hutterian Brethren Church Of Pibroch,1,4.08,60.3
Scryb Inc.,1,3.92,88.9
Arrow Point Oil & Gas Ltd.,2,3.8600000000000003,88.9
Village Of Boyle,1,3.86,60.3
Alexander Oilfield Services Ltd.,4,3.83,88.9
Aux Sable Canada Ltd.,2,3.7700000000000005,219.1
NEO Exploration Inc.,7,3.77,68.0142857142857
Eagle Energy Inc.,2,3.67,114.3
Jaycor Resources Inc.,3,3.5900000000000003,114.3
BDJ Energy Inc.,6,3.5,96.83333333333333
BPL Holdings Inc.,4,3.4200000000000004,88.9
Vital Energy Inc.,1,3.39,97.0
Town of Killam,1,3.36,60.3
Cargill Limited,1,3.3,130.0
Earthrenew Strathmore Inc.,1,3.29,71.0
Yangarra Resources Ltd.,2,3.26,129.65
JBS Food Canada ULC,1,3.2,114.3
Jordan Energy Inc.,1,3.2,114.3
The Locke Stock & Barrel Company Ltd.,1,3.16,88.9
NVP Exploration Inc.,3,3.13,87.83333333333333
Woodcote Oil & Gas Inc.,4,3.0999999999999996,95.25
Town Of Devon,8,3.0500000000000003,111.125
Erdol Resources Corp.,2,3.05,84.7
Brotherin Energy Ltd.,4,3.0,97.67500000000001
Blue Star Energy Inc.,2,2.99,88.9
Green Valley Energy Ltd.,2,2.92,88.9
Suncor Energy Logistics Corporation,6,2.8899999999999997,246.61666666666667
Marksmen Energy Inc.,2,2.87,114.3
Hard Rock Resources Ltd.,3,2.8200000000000003,88.90000000000002
1471002 Alberta Ltd.,1,2.82,82.6
Hutterian Brethren Of Beiseker,1,2.8,33.4
2354890 Alberta Ltd.,7,2.79,1023.4285714285714
Ohana Resources Inc.,3,2.79,88.90000000000002
Longshore Resources Ltd.,5,2.7399999999999998,157.5
Primrose Drilling Ventures Ltd.,3,2.7300000000000004,97.36666666666667
Coldstream Energy Ltd.,1,2.7,88.9
TransCanada PipeLines Limited,10,2.62,882.5899999999999
Cycle Oil & Gas Ltd.,3,2.61,81.39999999999999
Quattro Exploration and Production Ltd.,2,2.58,88.9
Tuscany Energy Ltd.,3,2.56,88.90000000000002
Blaze Energy Ltd.,3,2.5300000000000002,88.90000000000002
Headco Exploration Co. Ltd.,1,2.5,88.9
Five Point Energy Inc.,2,2.45,141.3
Goodland Energy Ltd.,2,2.4299999999999997,88.9
Golden Coast Energy Corp.,2,2.36,88.9
Base Element Energy Inc.,3,2.35,88.90000000000002
1170778 Alberta Ltd.,3,2.33,105.83333333333333
Ranchwest Energy Ltd.,1,2.27,88.9
Alberta-Pacific Forest Industries Inc.,1,2.2,168.3
Lightstream Resources Ltd.,1,2.2,114.3
Wescan Energy Corp.,5,2.15,98.58
Centennial Petroleum Company Ltd.,6,2.15,93.13333333333334
Conserve Oil 8th Corporation,2,2.0700000000000003,101.6
Sunshine Oilsands Ltd.,2,2.06,339.75
Pure Oil & Gas Co Ltd,3,2.02,79.36666666666667
Jaguar Resources Inc.,1,1.99,88.9
Only Gas & Oil Inc.,1,1.99,88.9
Kasten Energy Inc.,3,1.9500000000000002,88.90000000000002
Redwater Energy Corp.,3,1.9200000000000002,105.83333333333333
Lockwood Resources Ltd.,2,1.9100000000000001,74.6
Bear Hills Industries Ltd.,2,1.9,74.6
New West Data Corp.,1,1.89,88.9
West Star Oil & Gas Co. Ltd.,1,1.85,88.9
Cancen Oil Processors Inc.,1,1.85,114.3
Grizzly Resources Ltd.,1,1.85,88.9
Clampett Energy Ltd.,1,1.83,60.3
RON Resources Ltd.,1,1.78,114.3
Arbour Energy Inc.,2,1.77,88.9
Petal Resources Ltd.,1,1.71,88.9
Scollard Energy Ltd.,5,1.69,104.14000000000001
Town Of Wainwright,1,1.68,114.3
Shanpet Resources Ltd.,2,1.6600000000000001,74.6
Lorad Energy Inc.,2,1.6300000000000001,88.9
Dark Energy Ltd.,1,1.51,88.9
Kerrisdale Resources Ltd.,1,1.5,88.9
Town Of Redwater,1,1.49,60.3
Canuck North Resources Ltd.,2,1.4500000000000002,114.3
Cool LNG Inc.,2,1.45,88.9
Courser Energy Ltd.,1,1.4,88.9
Muddy Petroleum Company Ltd.,1,1.36,114.3
Calgary Energy Centre No. 2 Inc.,1,1.35,323.9
Thoroughbred Energy Ltd.,2,1.34,88.9
Vanrena Resources Ltd.,2,1.31,101.6
Prospera Energy Inc.,3,1.3,79.36666666666667
Revive Energy Corp,1,1.27,88.9
Wolf Coulee Resources Inc.,2,1.26,101.6
District Mines Ltd.,1,1.2,88.9
Resistance Energy Ltd,1,1.18,88.9
Rimfire Energy Inc.,3,1.17,97.36666666666667
Strong Energy Resources Ltd.,1,1.06,88.9
Qwest Diversified Capital Corporation,1,1.0,88.9
Direct Oil & Gas Inc.,2,1.0,141.3
Crimson Oil & Gas Ltd.,3,0.9700000000000001,105.83333333333333
Arrow Exploration Corp.,2,0.9400000000000001,88.9
Petroglobe Inc.,1,0.89,97.0
Deckland Inc.,2,0.83,114.3
High Point Oil Inc.,1,0.82,114.3
Camino Industries Inc.,1,0.82,88.9
Pismo Energy Ltd.,1,0.8,60.3
Forent Energy Ltd.,1,0.78,88.9
Harvest Energy Corporation,1,0.77,88.9
1354465 Alberta Ltd.,1,0.77,88.9
Wildcat Royalty Corporation,2,0.75,114.30000000000001
Bay Oil And Gas Ltd.,3,0.73,82.06666666666666
Chemtrade Logistics Inc.,1,0.73,60.3
Aeneid Exploration Inc.,2,0.68,88.9
Challenger Development Corp.,1,0.68,89.0
Carrick Petroleum Inc.,2,0.6799999999999999,128.60000000000002
Trafina Energy Ltd.,1,0.66,88.9
Uriel Gas Holdings Corp.,2,0.65,88.9
Hua Wei Oil & Gas Ltd.,1,0.64,114.3
Certarus Ltd.,3,0.62,130.0
Ledgend Royalty Trust Ltd.,2,0.62,128.60000000000002
NS Industries Canada Limited,1,0.6,88.9
Ener T Corporation,1,0.51,60.3
Supreme Energy Inc.,4,0.46,88.9
Artisan Energy Corporation,2,0.42,87.3
Transalta Corporation,2,0.4,490.55
Caiterra International Energy Corporation,1,0.4,141.3
DCP Oil Corp.,1,0.4,88.9
Concourse Petroleum Inc.,2,0.37,141.3
Petro Buyers Inc.,1,0.36,88.9
Mistahiya Resources Ltd.,1,0.35,88.9
"Dobo, Bela",1,0.33,60.3
Stealth Ventures Inc.,2,0.32,88.9
Senergy Inc.,1,0.32,114.3
Brox Energy Operations Inc.,1,0.31,88.9
2341645 Alberta Inc.,2,0.3,88.9
Corinthian Oil Corp.,2,0.29000000000000004,88.9
Glencoe Resources Ltd.,1,0.27,88.9
Tri-Energy Resources Ltd.,1,0.26,93.5
Mika Resources Ltd,1,0.22,60.3
Anterra Energy Inc.,1,0.18,88.9
Conrad Resources Ltd,1,0.16,88.9
266002 Alberta Ltd.,1,0.16,60.3
Rockbridge Energy Alberta Inc.,1,0.16,60.3
Sandpoint Resources Inc.,1,0.15,114.3
Bauhinia Energy Inc.,1,0.14,168.3
Derrick Petroleum Ltd.,1,0.14,60.3
MKE Canada Ltd.,1,0.1,60.3
Condor Canada Petroleum Inc.,1,0.1,88.9
Wells Ranching Company Limited,1,0.09,60.3
Legend Energy Canada Ltd.,1,0.09,88.9
Edalis Energy Inc.,1,0.08,88.9
"Skanderup, Stephen",1,0.07,60.3
Winter Petroleum Ltd.,1,0.05,168.3
"Harland, John T.",1,0.05,33.4
Town of Sundre,1,0.05,60.3
