ReportingFacilityID,name,operator,facility_type,twp,rge,mer,location,rate_bbld,month,lat,lon
ABGS0154000,DUVERNAY CONDENSATE STABILIZATION,PEMBINA GAS INFRASTRUCTURE INC.,GS,62,20,5,14-28-062-20W5,26056.7425848235,2026-06,54.357015,-116.922652
ABGP0150355,KEYERA WAPITI GAS PLANT,KEYERA ENERGY LTD.,GP,67,7,6,03-19-067-07W6,20892.88222726806,2026-06,54.793595,-119.044618
ABGP0130964,Kaybob 15-07 Gas Plant,WHITECAP RESOURCES INC.,GP,60,18,5,15-07-060-18W5,13973.217936057667,2026-06,54.2120395,-116.62852649999999
ABGP0173210,PARA ALHAMBRA 01-32-038-06W5 GP,PARAMOUNT RESOURCES LTD.,GP,38,6,5,01-32-038-06W5,12597.780531322269,2026-06,52.264968,-114.775117
ABGP0150386,KEYERA PIPESTONE 04-07 GAS PLANT,KEYERA ENERGY LTD.,GP,73,8,6,04-07-073-08W6,12422.315451368142,2026-06,55.325464,-119.180899
ABGP0174049,JAYAR 6-8-62-3 W6,ARC RESOURCES LTD.,GP,62,3,6,06-08-062-03W6,12419.82048846761,2026-06,54.386644,-118.414636
ABGP0157570,CSV Karr Gas Plant,CSV MIDSTREAM SOLUTIONS CORP.,GP,66,4,6,06-18-066-04W6,11037.611041573631,2026-06,54.71354,-118.526417
ABGP0001113,KEYERA SIMONETTE GAS PLANT 09-06,KEYERA ENERGY LTD.,GP,63,25,5,09-06-063-25W5,10848.266420105627,2026-06,54.481881,-117.751455
ABGS0145958,Fox Creek Kaybob 05-33-063-20W5,WHITECAP PARTNERSHIP,GS,63,20,5,05-33-063-20W5,10287.843240851978,2026-06,54.4592065,-116.9500385
ABGP0001129,GOLD CREEK 13-26-067-05W6,CANADIAN NATURAL RESOURCES LIMITED,GP,67,5,6,13-26-067-05W6,10023.607800218468,2026-06,54.7784435,-118.66570200000001
ABGS0123167,"AOC KAYBOB - SIMONETTE 12"" GGS",ATHABASCA OIL CORPORATION,GS,63,20,5,07-14-063-20W5,8601.185421868875,2026-06,54.4592065,-116.9500385
ABGS0155148,Pipestone North 16-28-71-09W6 GS,PEMBINA GAS INFRASTRUCTURE INC.,GS,71,9,6,16-28-071-09W6,7603.158329507025,2026-06,55.1824295,-119.32637650000001
ABGS0144050,WASKAHIGAN MGS 10-29-062-23W5,PEMBINA GAS INFRASTRUCTURE INC.,GS,62,23,5,10-29-062-23W5,7449.812458460964,2026-06,54.369283,-117.39031
ABGP0001892,AEC SADDLE HILLS,OVINTIV CANADA ULC,GP,75,7,6,04-08-075-07W6,6456.1043775067565,2026-06,55.525174,-119.077132
ABGP0140439,Simonette 10-29 Gas Plant,KIWETINOHK ENERGY CORP.,GP,63,23,5,10-29-063-23W5,4610.670474105849,2026-06,54.477826,-117.3990675
ABGP0150704,WAPITI GAS PLANT,PEMBINA GAS INFRASTRUCTURE INC.,GP,67,7,6,07-35-067-07W6,4219.674145265546,2026-06,54.793595,-119.044618
ABGP0133259,PCC Simonette 15-31-62-21w5 GP,PETROCHINA DUVERNAY GAS PARTNERSHIP,GP,62,21,5,15-31-062-21W5,3996.888634500515,2026-06,54.37737,-117.049571
ABGP0001107,PGI Kaybob Amalgamated,PEMBINA GAS INFRASTRUCTURE INC.,GP,62,20,5,01-12-062-20W5,3379.60546040452,2026-06,54.357015,-116.922652
ABGP0152315,PIPESTONE 12-35-070-09W6 GAS PLANT,ALTAGAS LTD.,GP,70,9,6,12-35-070-09W6,3370.1497606722564,2026-06,55.068792,-119.291766
ABGP0168934,CSV Albright 13-34 Sulphur Rec GP,CSV MIDSTREAM SOLUTIONS CORP.,GP,72,9,6,13-34-072-09W6,2917.1567486649856,2026-06,55.244088500000004,-119.298955
ABGS0154260,Pipestone South 14-17-70-08W6 GS,OVINTIV CANADA ULC,GS,70,8,6,14-17-070-08W6,2707.7895257683545,2026-06,55.0822625,-119.1585875
ABGP0001004,KEYERA HOMEGLEN-RIMBEY 2-05-44-01W5,KEYERA ENERGY LTD.,GP,44,1,5,02-05-044-01W5,2669.33774459547,2026-06,52.809223,-114.1043485
ABGP0132407,Kaybob 5-31 Gas Plant,KIWETINOHK ENERGY CORP.,GP,62,24,5,05-31-062-24W5,2631.6617081899776,2026-06,54.358042,-117.548116
ABGP0001133,KEYERA STRACHAN 11-35-037-09W5,KEYERA ENERGY LTD.,GP,37,9,5,11-35-037-09W5,2518.1094471036417,2026-06,52.205475,-115.189232
ABGP0171549,WEMBLEY 06-19-073-08W6,OVINTIV CANADA ULC,GP,73,8,6,06-19-073-08W6,2150.1758005371507,2026-06,55.325464,-119.180899
ABGP0144505,Orlen Kakwa 16-07-063-05W6 Gas Plant,ORLEN UPSTREAM CANADA LTD.,GP,63,5,6,16-07-063-05W6,2143.31989407939,2026-06,54.450861,-118.67915350000001
ABGP0001477,PARA WILLESDEN GREEN,PARAMOUNT RESOURCES LTD.,GP,39,5,5,15-31-039-05W5,2140.678168655299,2026-06,52.374447,-114.659102
ABGP0001144,PGI Kaybob South #3,PEMBINA GAS INFRASTRUCTURE INC.,GP,59,18,5,03-15-059-18W5,2110.5708852505763,2026-06,54.0843795,-116.63019299999999
ABGS0137512,Elmworth 08-10-68-08W6 GS,OVINTIV CANADA ULC,GS,68,8,6,08-10-068-08W6,1893.3833164556434,2026-06,54.887344,-119.167388
ABGP0094954,Resthaven 8-11-60-3W6 GP,PEMBINA GAS INFRASTRUCTURE INC.,GP,60,3,6,08-11-060-03W6,1859.0618520172509,2026-06,54.179856,-118.347422
ABGP0106663,PCS 03-22-078-12W6 GP ABGP 0106663,BIRCHCLIFF ENERGY LTD.,GP,78,12,6,03-22-078-12W6,1852.9816903268822,2026-06,55.76599950000001,-119.774323
ABGP0119271,MUSREAU GP 02/08-13-062-06W6M,TOURMALINE OIL CORP.,GP,62,6,6,08-13-062-06W6,1843.0437708743484,2026-06,54.368977,-118.797811
ABGP0137047,SPARTAN ALDERFLATS 10-09-045-08W5,SPARTAN DELTA CORP.,GP,45,8,5,10-09-045-08W5,1716.8908988365924,2026-06,52.898008000000004,-115.1175345
ABGP0097389,TRILOGY SMOKY RIVER 06-16 GPL,WHITECAP PARTNERSHIP,GP,64,21,5,06-16-064-21W5,1621.1598013254754,2026-06,54.553574,-117.0948785
ABGS0122857,00/07-22-068-08W6 Wapiti GS,SINOPEC CANADA ENERGY LTD.,GS,68,8,6,07-22-068-08W6,1526.267346806133,2026-06,54.887344,-119.167388
ABGP0001740,MUSREAU 4-25-62-6W6,PEMBINA GAS INFRASTRUCTURE INC.,GP,62,6,6,04-25-062-06W6,1440.4112705231666,2026-06,54.368977,-118.797811
ABGS0171086,VRN Fox Creek Booster #2,WHITECAP PARTNERSHIP,GS,63,18,5,14-16-063-18W5,1303.8382593126064,2026-06,54.466239,-116.67404450000001
ABGP0001841,BERLAND SWEET PLANT  14-15-59-24W5,TOURMALINE OIL CORP.,GP,59,24,5,14-15-059-24W5,1181.4383146630437,2026-06,54.117043,-117.531832
ABGP0134628,MUSREAU II  9-26-62-6W6,PEMBINA GAS INFRASTRUCTURE INC.,GP,62,6,6,09-26-062-06W6,1160.996391738528,2026-06,54.368977,-118.797811
ABGP0001909,PANCDN EMPRESS,PEMBINA NGL CORPORATION,GP,20,1,4,16-02-020-01W4,1151.2471669591434,2026-06,50.669868,-110.063451
ABGP0162257,PEYTO CHAMBERS GP 2-15-41-11W5,PEYTO EXPLORATION & DEVELOPMENT CORP.,GP,41,11,5,02-15-041-11W5,1149.5279488260048,2026-06,52.532874,-115.491357
ABGS0165319,ELMWORTH 12-14-70-7w6,CANADIAN NATURAL RESOURCES LIMITED,GS,70,7,6,12-14-070-07W6,1103.842871849061,2026-06,55.083804,-118.992876
ABGP0001506,PROGRESS 1-1-78-10w6,CANADIAN NATURAL RESOURCES LIMITED,GP,78,10,6,01-01-078-10W6,1101.934959042773,2026-06,55.755900999999994,-119.521798
ABGP0001147,VERESEN HYTHE 11-18-074-12W6 GP,PEMBINA GAS INFRASTRUCTURE INC.,GP,74,12,6,11-18-074-12W6,1090.990668000109,2026-06,55.401059,-119.74632
ABGS0122039,DELPHI BIGSTONE 7-11-60-23 W5 GS,KIWETINOHK ENERGY CORP.,GS,60,23,5,07-11-060-23W5,1023.0815517411278,2026-06,54.193902,-117.399335
ABGP0001108,KEYERA BRAZEAU EAST 6-12-046-14W5,KEYERA ENERGY LTD.,GP,46,14,5,06-12-046-14W5,1000.7107499355294,2026-06,53.004431,-115.928623
ABGS0151636,VALHALLA 13-16 COMPRESSOR,ADVANTAGE ENERGY LTD.,GS,75,10,6,13-16-075-10W6,974.3144617694111,2026-06,55.504008,-119.448609
ABGP0001037,SHELL JUMPING POUND,CAVVY PRODUCTION LTD.,GP,25,5,5,13-13-025-05W5,961.0429364245715,2026-06,51.165668499999995,-114.58990399999999
ABGP0001662,CAVVY CAROLINE,CAVVY PRODUCTION LTD.,GP,34,6,5,12-35-034-06W5,920.1381245007453,2026-06,51.9103215,-114.77289999999999
ABGP0001970,BURLINGTON SAND CREEK,CENOVUS ENERGY INC.,GP,45,10,5,06-25-045-10W5,911.4162373862854,2026-06,52.856995,-115.376487
ABGP0155556,Sunchild 01-04-044-11W5 Gas Plant,TAQA NORTH LTD.,GP,44,11,5,01-04-044-11W5,904.6651613024965,2026-06,52.8242245,-115.503357
ABGP0001292,WAPITI 16-36-067-09W6,CANADIAN NATURAL RESOURCES LIMITED,GP,67,9,6,16-36-067-09W6,901.4573518589572,2026-06,54.822618,-119.24356399999999
ABGP0001084,EDSON 04-11-053-18W5 GP,PEYTO EXPLORATION & DEVELOPMENT CORP.,GP,53,18,5,04-11-053-18W5,898.6898299860994,2026-06,53.606896000000006,-116.60726650000001
ABGS0132790,Rose Creek-08-05-043-06 W5M,SPARTAN DELTA CORP.,GS,43,6,5,08-05-043-06W5,872.7757615402518,2026-06,52.696587,-114.7766605
ABGS0170110,Fox Ck 04-24-061-17W5 (FC 601) GS,WHITECAP PARTNERSHIP,GS,61,17,5,04-24-061-17W5,815.014225481748,2026-06,54.265385,-116.456731
ABGP0115356,BANSHEE 15-12 GAS PLANT,TOURMALINE OIL CORP.,GP,50,21,5,15-12-050-21W5,778.575187489124,2026-06,53.323979,-116.998321
ABGP0121326,Open Range Ansell 12-31 Gas Plant,PEYTO EXPLORATION & DEVELOPMENT CORP.,GP,53,19,5,12-31-053-19W5,772.5579240231383,2026-06,53.5833885,-116.761713
ABGP0140842,Columbia 15-36-044-15W5 Gas Plant,TOURMALINE OIL CORP.,GP,44,15,5,15-36-044-15W5,755.4705730657224,2026-06,52.784068,-116.073569
ABGP0140643,Patterson Creek Gas Plt 11-21-66-3W6,PEMBINA GAS INFRASTRUCTURE INC.,GP,66,3,6,11-21-066-03W6,744.106960527171,2026-06,54.704123,-118.404898
ABGP0129178,PEYTO BRAZEAU 06-12-044-13W5 GAS,PEYTO EXPLORATION & DEVELOPMENT CORP.,GP,44,13,5,06-12-044-13W5,726.0971022788027,2026-06,52.79706,-115.766212
ABGS0143888,ARC PCOUPE 1-21-80-12W6 GS,STORM DEVELOPMENT CORP.,GS,80,12,6,01-21-080-12W6,680.6216860498029,2026-06,55.9336745,-119.7973005
ABGP0001122,CENTRAL FERRIER GP 01-06,CANLIN RESOURCES PARTNERSHIP,GP,41,7,5,01-06-041-07W5,620.9941693345997,2026-06,52.53883,-114.93497099999999
ABGP0001651,ALDER 10-9-45-8W5,CENOVUS ENERGY INC.,GP,45,8,5,10-09-045-08W5,612.5238751176722,2026-06,52.898008000000004,-115.1175345
ABGP0138443,ZETA CREEK 11-10-49-12W5 GAS PLANT,MANCAL ENERGY INC.,GP,49,12,5,11-10-049-12W5,590.048242938102,2026-06,53.234365,-115.66247849999999
ABGS0078085,WEST PEMBINA 12-03,VERMILION ENERGY INC.,GS,50,13,5,12-03-050-13W5,588.8322106000281,2026-06,53.32443,-115.786714
ABGP0154540,HMGP Corser 06-20,CENOVUS ENERGY INC.,GP,49,18,5,06-20-049-18W5,578.9781554466717,2026-06,53.244166,-116.557395
ABGP0001858,WILDRIVER 10-20-56-23W5 GP,PEYTO EXPLORATION & DEVELOPMENT CORP.,GP,56,23,5,10-20-056-23W5,571.8077578669955,2026-06,53.842956,-117.359222
ABGP0001437,CASCADE CAROLINE,TAQA NORTH LTD.,GP,33,6,5,03-26-033-06W5,562.4778545834985,2026-06,51.847400500000006,-114.7715755
ABGP0094379,Jupiter Kakwa 01-35-060-05W6 GP,TOURMALINE OIL CORP.,GP,60,5,6,01-35-060-05W6,528.1563901451062,2026-06,54.197287,-118.705648
ABGP0001021,GARRINGTON OLDS,WHITECAP RESOURCES INC.,GP,32,1,5,06-18-032-01W5,521.0279247150187,2026-06,51.739442999999994,-114.055817
ABGP0001058,TRILOGY KAYBOB,PARAMOUNT RESOURCES LTD.,GP,64,19,5,08-09-064-19W5,517.254031252031,2026-06,54.530437,-116.757756
ABGP0001482,BRC 04-31-048-12W5 GAS PLANT,TIDEWATER MIDSTREAM AND INFRASTRUCTURE LTD.,GP,48,12,5,04-31-048-12W5,498.6780889842147,2026-06,53.16222,-115.66675
ABGP0091427,PEYTO NOSEHILL 11-21-55-20 W5 GAS PL,PEYTO EXPLORATION & DEVELOPMENT CORP.,GP,55,20,5,11-21-055-20W5,488.7401695316808,2026-06,53.767565,-116.898733
ABGP0140979,MODERN KAKWA 7-9-62-8W6 GAS PLANT,TOURMALINE OIL CORP.,GP,62,8,6,07-09-062-08W6,478.0894035361382,2026-06,54.361681000000004,-119.110311
ABGP0089018,PEYTO WILDHAY 04-21-55-23 W5 GP,PEYTO EXPLORATION & DEVELOPMENT CORP.,GP,55,23,5,04-21-055-23W5,472.09310614494683,2026-06,53.772304,-117.3335265
ABGP0095741,VEI EDSON 12-15-053-15W5 GAS PLANT,VERMILION ENERGY INC.,GP,53,15,5,12-15-053-15W5,463.1196261329543,2026-06,53.5822065,-116.124506
ABGP0001392,CONOCO PECO,CENOVUS ENERGY INC.,GP,49,16,5,12-01-049-16W5,449.7432704141429,2026-06,53.240488,-116.301459
ABGP0001254,Bearberry 05-31-033-07W5 Gas Plant,TAQA NORTH LTD.,GP,33,7,5,05-31-033-07W5,443.1389568539147,2026-06,51.8434375,-114.9317035
ABGP0135330,Spirit River 3-10-77-7w6,CANADIAN NATURAL RESOURCES LIMITED,GP,77,7,6,03-10-077-07W6,432.1946658112509,2026-06,55.687053500000005,-119.018339
ABGP0139294,FERRIER 02-25-038-9W500 GP,PETRUS RESOURCES CORP.,GP,38,9,5,02-25-038-09W5,425.8838772981439,2026-06,52.285548500000004,-115.17996099999999
ABGP0001766,PEYTO OLDMAN 11-17,PEYTO EXPLORATION & DEVELOPMENT CORP.,GP,55,21,5,11-17-055-21W5,425.779046924172,2026-06,53.750211,-117.056659
ABGP0001666,CECILIA 14-36-57-23w5,CANADIAN NATURAL RESOURCES LIMITED,GP,57,23,5,14-36-057-23W5,411.71081073714623,2026-06,53.938431,-117.355414
ABGS0119953,DEVON ELMWORTH HALFWAY 15-09 GGS,SINOPEC CANADA ENERGY LTD.,GS,69,9,6,15-09-069-09W6,387.51596042443725,2026-06,54.97867,-119.277563
ABGP0001669,WOLF SOUTH 5-1-51-15W5,CENOVUS ENERGY INC.,GP,51,15,5,05-01-051-15W5,381.1842058365359,2026-06,53.416729,-116.133263
ABGP0001121,KEYERA NORDEGG RIVER 6-10-044-12W5,KEYERA ENERGY LTD.,GP,44,12,5,06-10-044-12W5,380.99551116338654,2026-06,52.782571000000004,-115.62721
ABGP0107835,AAV Glacier 05-02-076-12W6 GP,ADVANTAGE ENERGY LTD.,GP,76,12,6,05-02-076-12W6,371.28821853359085,2026-06,55.585666,-119.7855955
ABGP0084773,Duvernay 15-4-58-23W5M Gas Plant,TOURMALINE OIL CORP.,GP,58,23,5,15-04-058-23W5,369.3383735777139,2026-06,54.0178965,-117.315482
ABGP0129179,PEYTO OLDMAN NORTH 3/14-17-55-21W5GP,PEYTO EXPLORATION & DEVELOPMENT CORP.,GP,55,21,5,14-17-055-21W5,347.63848616553554,2026-06,53.750211,-117.056659
ABGP0001511,EDSON WEST 1-24-52-20w5,CANADIAN NATURAL RESOURCES LIMITED,GP,52,20,5,01-24-052-20W5,341.09707082969055,2026-06,53.497895,-116.834745
ABGS0125368,00/15-09-047-11W5 BRAZEAU GS,SINOPEC CANADA ENERGY LTD.,GS,47,11,5,15-09-047-11W5,340.86644400695235,2026-06,53.066879,-115.556332
ABGP0138891,ANSELL 12-31 GAS PLANT,TOURMALINE OIL CORP.,GP,50,17,5,12-31-050-17W5,338.97949727545864,2026-06,53.338530500000005,-116.423034
ABGS0126679,FIR 01-32-059-22W5 GAS GATHERING,WHITECAP RESOURCES INC.,GS,59,22,5,01-32-059-22W5,335.22656988726544,2026-06,54.11796,-117.24626
ABGS0085290,Duvernay Wroe 8-12-57-25W5 GGS,TOURMALINE OIL CORP.,GS,57,25,5,08-12-057-25W5,331.85103184537104,2026-06,53.930347,-117.65053900000001
ABGS0154024,NEGUS 1-3 GGS,KIWETINOHK ENERGY CORP.,GS,60,24,5,01-03-060-24W5,330.65596558209165,2026-06,54.219147,-117.478888
ABGP0001056,SHELL WATERTON,CAVVY PRODUCTION LTD.,GP,4,30,4,02-20-004-30W4,325.01609146240475,2026-06,49.308890000000005,-113.96871
ABGP0001380,CHINCHAGA 1-24-96-5w6,CANADIAN NATURAL RESOURCES LIMITED,GP,96,5,6,01-24-096-05W6,318.0553546306721,2026-06,57.3511315,-118.71722249999999
ABGP0139501,TOURMALINE EDSON 04-17 GAS PLANT,TOURMALINE OIL CORP.,GP,51,18,5,04-17-051-18W5,300.5486821773688,2026-06,53.4025965,-116.5907465
ABGP0160735,East Crossfield Gas Plant,TAQA NORTH LTD.,GP,28,1,5,09-14-028-01W5,300.00356423271506,2026-06,51.403627,-114.098484
ABGP0135716,Bilbo-04-25-065-07 W6M,ARC RESOURCES LTD.,GP,65,7,6,04-25-065-07W6,293.96533469193497,2026-06,54.635512500000004,-119.009062
ABGP0137978,PERPETUAL W WOLF 10-3-52-17W5,TOURMALINE OIL CORP.,GP,52,17,5,10-03-052-17W5,292.3509469327681,2026-06,53.496124,-116.451349
ABGP0001718,BERLAND RIVER WEST 14-23-58-26w5,CANADIAN NATURAL RESOURCES LIMITED,GP,58,26,5,14-23-058-26W5,287.2142586081462,2026-06,54.019545,-117.819519
ABGP0080688,WILD RIVER 14-20 GP,TOURMALINE OIL CORP.,GP,56,23,5,14-20-056-23W5,282.0985363583186,2026-06,53.842956,-117.359222
ABGP0085152,FERRIER WEST 7-18-40-9W5,CANADIAN NATURAL RESOURCES LIMITED,GP,40,9,5,07-18-040-09W5,273.5443778422135,2026-06,52.446829,-115.229885
ABGP0001394,VEI CARROT CREEK 10-16-053-13W5 GP,VERMILION ENERGY INC.,GP,53,13,5,10-16-053-13W5,268.5125198915635,2026-06,53.596126,-115.871425
ABGP0142406,Orlen Ferrier 04-13-039-09W5 GP,ORLEN UPSTREAM CANADA LTD.,GP,39,9,5,04-13-039-09W5,235.7215789131606,2026-06,52.376203,-115.198919
ABGP0087677,BARREL PEM BLUE RAPID 04-08-047-09W5,BARREL OIL CORP.,GP,47,9,5,04-08-047-09W5,234.6523090986475,2026-06,53.070343,-115.236509
ABGP0001070,BTG Energy Sylvan Lake GP 14-32,BTG ENERGY CORP.,GP,37,3,5,14-32-037-03W5,229.97687441950183,2026-06,52.185041,-114.368273
ABGS0118593,RESTHAVEN GGS 2-10-60-01W6,WHITECAP RESOURCES INC.,GS,60,1,6,02-10-060-01W6,216.32795972836354,2026-06,54.162303,-118.082128
ABGP0001268,ROSEVEAR 16-11 GAS PLANT,TOURMALINE OIL CORP.,GP,54,15,5,16-11-054-15W5,209.13659607389283,2026-06,53.656378,-116.174752
ABGP0087898,Peyto Cecilia 12-34 Plant,PEYTO EXPLORATION & DEVELOPMENT CORP.,GP,56,22,5,12-34-056-22W5,197.2278655906877,2026-06,53.840159,-117.17906099999999
ABGP0172526,NRM GORDONDALE WEST GAS PLANT,NORTHRIVER MIDSTREAM INC.,GP,79,11,6,11-24-079-11W6,196.82951016959458,2026-06,55.847041,-119.628494
ABGP0001350,ELMWORTH  4-8-70-11W6,CENOVUS ENERGY INC.,GP,70,11,6,01-08-070-11W6,196.59888334685647,2026-06,55.050656000000004,-119.59883
ABGP0001751,VEI DEANNE 03-06-039-11W5 GAS PLANT,VERMILION ENERGY INC.,GP,39,11,5,03-06-039-11W5,189.0510964208814,2026-06,52.327952,-115.517862
ABGP0001524,VEI MCLEOD 16-36-055-15W5 GAS PLANT,VERMILION ENERGY INC.,GP,55,15,5,16-36-055-15W5,183.7886116474932,2026-06,53.755991,-116.154335
ABGP0001201,VEI MCLEOD 07-34-054-14W5 GAS PLANT,VERMILION ENERGY INC.,GP,54,14,5,07-34-054-14W5,182.7193418329801,2026-06,53.672145,-115.970368
ABGP0166887,WCP Valhalla GP 03-27-075-09W6,WHITECAP RESOURCES INC.,GP,75,9,6,03-27-075-09W6,176.80690874096624,2026-06,55.518481,-119.316408
ABGS0154542,MED LODGE 14-3-52-23W5 HP GAS,TOURMALINE OIL CORP.,GS,52,23,5,14-03-052-23W5,176.01019789878,2026-06,53.481434,-117.312134
ABGP0001969,VEI ALDER FLATS 11-33-045-08W5 GP,VERMILION ENERGY INC.,GP,45,8,5,11-33-045-08W5,173.2217099511281,2026-06,52.898008000000004,-115.1175345
ABGP0080187,PEYTO KAKWA 02-11-60-04 W6 SWEET GAS,PEYTO EXPLORATION & DEVELOPMENT CORP.,GP,60,4,6,02-11-060-04W6,155.23281777755412,2026-06,54.197378,-118.521951
ABGP0001661,HAMBURG NORTH 11-14-97-11w6,CANADIAN NATURAL RESOURCES LIMITED,GP,97,11,6,11-14-097-11W6,152.08790655839786,2026-06,57.406022,-119.74166
ABGP0001960,CSV Valhalla 13-21 Sour Gas Plant,CSV MIDSTREAM SOLUTIONS CORP.,GP,76,9,6,13-21-076-09W6,152.00404225922037,2026-06,55.59128,-119.307515
ABGP0001582,NORTHROCK CARROT CREEK 2-26-52-12W5,JOURNEY ENERGY INC.,GP,52,12,5,02-26-052-12W5,144.91750897872154,2026-06,53.510405,-115.670575
ABGP0001676,MIDWEST LEDUC-WOODBEND,ASPENLEAF ENERGY LIMITED,GP,49,27,4,07-23-049-27W4,144.3723910340678,2026-06,53.204188,-113.841919
ABGP0001417,GALLOWAY 14-14-53-20W5,CANADIAN NATURAL RESOURCES LIMITED,GP,53,20,5,14-14-053-20W5,141.73066560997648,2026-06,53.594815499999996,-116.88064700000001
ABGS0148435,PRESLEY 03-29-059-19W5 COMP,PARAMOUNT RESOURCES LTD.,GS,59,19,5,03-29-059-19W5,139.48729560697836,2026-06,54.1001245,-116.803238
ABGS0090951,PWE Pouce Coupe  1-19 GGS,TAQA NORTH LTD.,GS,77,10,6,01-19-077-10W6,137.47455242671833,2026-06,55.675664,-119.468034
ABGP0094382,7G Lator 01-21-63-02W6 Gas Plant,ARC RESOURCES LTD.,GP,63,2,6,01-21-063-02W6,136.5520451357658,2026-06,54.487991,-118.1784015
ABGP0118855,PGS KAKWA RIVER 08-13,PEMBINA GAS INFRASTRUCTURE INC.,GP,63,5,6,08-13-063-05W6,135.23118242372018,2026-06,54.450861,-118.67915350000001
ABGP0001043,HUSSAR-2 13-36-24-21w4,CANADIAN NATURAL RESOURCES LIMITED,GP,24,21,4,13-36-024-21W4,132.88298204675016,2026-06,51.0443395,-112.8669265
ABGP0079061,SMOKY 7-36-58-3w6,CANADIAN NATURAL RESOURCES LIMITED,GP,58,3,6,07-36-058-03W6,131.310526437172,2026-06,54.042551,-118.3420715
ABGP0001987,PEMBINA 13-35-47-10W5,GRAN TIERRA CANADA LTD.,GP,47,10,5,13-35-047-10W5,122.0225553032638,2026-06,53.063828,-115.3784225
ABGS0096859,Kakwa Bypass to TLM,TOURMALINE OIL CORP.,GS,61,5,6,04-26-061-05W6,121.87579277970316,2026-06,54.2842425,-118.651531
ABGS0133622,FERRIER 15-16-038-06W5 GGS,PARAMOUNT RESOURCES LTD.,GS,38,6,5,15-16-038-06W5,120.42913361889127,2026-06,52.264968,-114.775117
ABGS0163357,PARA PA 12-02 GOLD CREEK,OVINTIV CANADA ULC,GS,67,7,6,01-18-067-07W6,116.57137585672623,2026-06,54.793595,-119.044618
ABGP0154913,LTAM High River 12-31-016-28W4,LONG TERM ASSET MANAGEMENT INC.,GP,16,28,4,12-31-016-28W4,116.06819006166124,2026-06,50.3829815,-113.844403
ABGS0115516,GILBY 03-28-41-4 GGS,TOURMALINE OIL CORP.,GS,41,4,5,03-28-041-04W5,115.71176679015684,2026-06,52.543676,-114.508118
ABGS0080687,Wild River 11-16-055-24 W5 GGS,TOURMALINE OIL CORP.,GS,55,24,5,11-16-055-24W5,113.48936286195308,2026-06,53.770872999999995,-117.513217
ABGP0001351,WAPITI NORTH 4-8-69-8w6,CANADIAN NATURAL RESOURCES LIMITED,GP,69,8,6,04-08-069-08W6,112.27333052387932,2026-06,54.9683005,-119.1682615
ABGP0096335,Duvernay Sundance Gas Plant 15-7,TOURMALINE OIL CORP.,GP,54,21,5,15-07-054-21W5,111.41372145730993,2026-06,53.6825685,-117.054007
ABGS0003454,CHEVRON PEMBINA NISKU,TMAX ENERGY LTD.,GS,49,12,5,11-22-049-12W5,110.61701061512369,2026-06,53.234365,-115.66247849999999
ABGS0088371,OCHIESE 05-21-047-10W5 GGS,BAYTEX ENERGY LTD.,GS,47,10,5,05-21-047-10W5,109.2332496786949,2026-06,53.063828,-115.3784225
ABGP0001130,CENTRAL GILBY GP 02-27,SPARTAN DELTA CORP.,GP,40,3,5,02-27-040-03W5,107.74465836829427,2026-06,52.445445,-114.366872
ABGS0150374,7G Kakwa River Deep Cut GS,ARC RESOURCES LTD.,GS,63,4,6,08-07-063-04W6,104.15945957845611,2026-06,54.455086,-118.547553
ABGP0001114,CAMPUS BANTRY,PIVOTAL ENERGY PARTNERS INC.,GP,17,12,4,04-33-017-12W4,103.29985051188672,2026-06,50.45013,-111.586265
ABGS0149882,PECO 08-11-047-16w5,CANLIN RESOURCES PARTNERSHIP,GS,47,16,5,08-11-047-16W5,96.80036732563039,2026-06,53.056922,-116.245037
ABGP0117818,Anderson GP 00/01-09-051-24W5M,TOURMALINE OIL CORP.,GP,51,24,5,01-09-051-24W5,94.57796339742663,2026-06,53.378936,-117.460991
ABGS0129930,Apache Willesden Green 11-19 GGS,TOURMALINE OIL CORP.,GS,41,5,5,11-19-041-05W5,92.16686479607348,2026-06,52.535095,-114.664207
ABGP0001088,BONTERRA 05-35 SWEET GAS PLANT,BONTERRA ENERGY CORP.,GP,48,4,5,05-35-048-04W5,91.68464507580285,2026-06,53.145284000000004,-114.511561
ABGS0155217,KEYERA 16-34 TO PEMB NORTH 11-22 GP,TMAX ENERGY LTD.,GS,49,12,5,11-22-049-12W5,88.98002142732844,2026-06,53.234365,-115.66247849999999
ABGS0003362,AMOCO WILLESDEN GREEN,OBSIDIAN ENERGY LTD.,GS,42,8,5,13-27-042-08W5,87.26080329418967,2026-06,52.6330145,-115.0707165
ABGS0003761,HUSKY ANSELL 7-27,CENOVUS ENERGY INC.,GS,51,19,5,07-27-051-19W5,86.06573703091028,2026-06,53.407869,-116.714957
ABGS0164332,Westbrick 5-1-49-10 GGS,TMAX ENERGY LTD.,GS,50,14,5,14-03-050-14W5,85.75124590899466,2026-06,53.321987,-115.991357
ABGS0106864,PCS 03-22-078-12W6 GGS ABGS 0106864,BIRCHCLIFF ENERGY LTD.,GS,78,12,6,03-22-078-12W6,85.31095833831277,2026-06,55.76599950000001,-119.774323
ABGS0166703,Comp 01-06 to 10-07 GP KAKWA,CENOVUS ENERGY INC.,GS,63,5,6,10-07-063-05W6,83.29821515805276,2026-06,54.450861,-118.67915350000001
ABGS0169245,Westbrick Cynthia 04-21-049-11W5 GGS,TMAX ENERGY LTD.,GS,49,10,5,16-10-049-10W5,81.18064160382086,2026-06,53.2415205,-115.393683
ABGP0001746,SPECTRA POUCE COUPE 5-23 GAS PLANT,NORTHRIVER MIDSTREAM INC.,GP,80,13,6,05-23-080-13W6,77.63737496357145,2026-06,55.934960000000004,-119.908471
ABGP0165948,MARTEN HILLS 15-29-73-24 GP,SPUR PETROLEUM LTD.,GP,73,24,4,29-073-24W4,76.67293552303019,2026-06,55.345712500000005,-113.662293
ABGP0001895,FOURTH CREEK GAS PLANT,NORTHRIVER MIDSTREAM INC.,GP,82,9,6,16-11-082-09W6,72.06039906826763,2026-06,56.143565,-119.366285
ABGP0001062,CFR Carson Creek GP 4-23-61-12W5,CONIFER ENERGY INC.,GP,61,12,5,04-23-061-12W5,71.70397579676326,2026-06,54.273216,-115.764789
ABGS0002385,FERRIER 01-20-039-07W5,CANADIAN NATURAL RESOURCES LIMITED,GS,39,7,5,01-20-039-07W5,71.68300972196887,2026-06,52.357569,-114.970624
ABGP0001042,KARR 10-10-065-02W6,CANADIAN NATURAL RESOURCES LIMITED,GP,65,2,6,10-10-065-02W6,70.63470598225013,2026-06,54.61009850000001,-118.2649095
ABGP0001184,KNOPCIK 9-10-74-11w6,CANADIAN NATURAL RESOURCES LIMITED,GP,74,11,6,09-10-074-11W6,65.3302890592732,2026-06,55.414653,-119.597491
ABGS0152420,XTO 7-20-60-19W5 Gathering System,WHITECAP RESOURCES INC.,GS,60,19,5,07-20-060-19W5,65.24642476009569,2026-06,54.196463,-116.775463
ABGP0001885,GRANUM 13-31-11-26W4,CANADIAN NATURAL RESOURCES LIMITED,GP,11,26,4,13-31-011-26W4,64.78517111461944,2026-06,49.928667,-113.465424
ABGP0111570,Tourmaline Hinton 06-32 Gas Plant,TOURMALINE OIL CORP.,GP,51,25,5,06-32-051-25W5,64.74323896503068,2026-06,53.415876,-117.625124
ABGS0131640,Wapiti 03-36-65-06W6 GS,OVINTIV CANADA ULC,GS,65,6,6,03-36-065-06W6,63.27561372942443,2026-06,54.633456,-118.810985
ABGP0001715,SMOKY KISKIU 13-9-58-2w6,CANADIAN NATURAL RESOURCES LIMITED,GP,58,2,6,13-09-058-02W6,63.191749430246915,2026-06,54.0322525,-118.229299
ABGP0001360,PETRO-CAN HANLAN,CANLIN RESOURCES PARTNERSHIP,GP,49,20,5,15-02-049-20W5,60.40326148259502,2026-06,53.248112,-116.849474
ABGP0001383,VALLHALA 1-29-75-9w6,CANADIAN NATURAL RESOURCES LIMITED,GP,75,9,6,01-29-075-09W6,59.396889892465005,2026-06,55.518481,-119.316408
ABGP0147748,PEYTO CANADA AURORA 11-13-43-13W5 GP,PEYTO CANADA CORP.,GP,43,13,5,11-13-043-13W5,57.48897708617686,2026-06,52.6893135,-115.8305905
ABGP0001387,SEIU LAKE 14-12-26-19W4,NORTH 40 RESOURCES LTD.,GP,26,19,4,14-12-026-19W4,56.62936801960748,2026-06,51.253736,-112.572939
ABGP0001853,BIGSTONE PLANT 100/14-28-059-22W5 GP,PEYTO EXPLORATION & DEVELOPMENT CORP.,GP,59,22,5,14-28-059-22W5,55.64396250427183,2026-06,54.11796,-117.24626
ABGS0137434,VEI 12-3-50-13 TO 06-28 GAS GATH,VERMILION ENERGY INC.,GS,50,13,5,12-03-050-13W5,55.41333568153372,2026-06,53.32443,-115.786714
ABGP0097445,Duvernay Oldman Gas Plant 10-24,TOURMALINE OIL CORP.,GP,56,21,5,10-24-056-21W5,54.763387362908084,2026-06,53.8405265,-117.051275
ABGP0001445,PENN WEST PEMBINA,MANCAL ENERGY INC.,GP,45,6,5,06-19-045-06W5,54.19730334345995,2026-06,52.88693,-114.788287
ABGS0140578,PARA 16-08-061-03W6 - GGS,ARC RESOURCES LTD.,GS,61,3,6,16-08-061-03W6,53.819913997161194,2026-06,54.299646,-118.3731
ABGP0001759,ANSELL 7-27-51-19w5,CANADIAN NATURAL RESOURCES LIMITED,GP,51,19,5,07-27-051-19W5,49.73152941225803,2026-06,53.407869,-116.714957
ABGP0001414,CAMPUS PARKLAND,PIVOTAL ENERGY PARTNERS INC.,GP,15,27,4,07-11-015-27W4,48.075209503502386,2026-06,50.2515505,-113.6155755
ABGP0001713,VIKING-KINSELLA 13-31-48-12W4,PINE CLIFF ENERGY LTD.,GP,48,12,4,13-31-048-12W4,47.38332903528801,2026-06,53.142202,-111.70589
ABGP0123090,GORDONDALE GAS PLANT,BIRCHCLIFF ENERGY LTD.,GP,78,11,6,16-31-078-11W6,45.60121267776611,2026-06,55.758481,-119.634654
ABGP0001096,PETRO-CAN WILSON CREEK,MANCAL ENERGY INC.,GP,43,4,5,01-29-043-04W5,45.05609473311235,2026-06,52.697836,-114.522886
ABGP0001249,VEI ETALAKE 07-07-051-11W5 GAS PLANT,VERMILION ENERGY INC.,GP,51,11,5,07-07-051-11W5,44.90933220955173,2026-06,53.394558,-115.59668
ABGS0138834,11-15-62-18W5 GAS GATHER,WHITECAP PARTNERSHIP,GS,62,18,5,11-15-062-18W5,44.867400059962975,2026-06,54.357082,-116.627425
ABGP0001668,SPECTRA GORDONDALE EAST GAS PLANT,NORTHRIVER MIDSTREAM INC.,GP,79,9,6,11-26-079-09W6,43.69329987147797,2026-06,55.863429,-119.31634
ABGS0002765,TRIGAS IRRICANA,TAQA NORTH LTD.,GS,28,27,4,06-20-028-27W4,40.841913699442934,2026-06,51.4078485,-113.7240055
ABGP0093277,Willesden Green Gas Plant,OBSIDIAN ENERGY LTD.,GP,42,7,5,14-01-042-07W5,40.2758296799948,2026-06,52.611429,-114.943359
ABGS0134393,MORNINGSIDE 11-35 COMP,TOURMALINE OIL CORP.,GS,42,1,5,11-35-042-01W5,38.996899117537914,2026-06,52.661261,-114.105986
ABGS0003268,IMPERIAL WEST PEMBINA,WHITECAP RESOURCES INC.,GS,49,10,5,13-22-049-10W5,37.990527527407906,2026-06,53.2415205,-115.393683
ABGP0001516,PENN WEST CRYSTAL,JOURNEY ENERGY INC.,GP,46,3,5,09-06-046-03W5,37.759900704669775,2026-06,52.995902,-114.373296
ABGS0006474,WILD RIVER 8-30-57-24w5,CANADIAN NATURAL RESOURCES LIMITED,GS,57,24,5,08-30-057-24W5,37.13091846083852,2026-06,53.9347565,-117.477962
ABGS0136820,Hinton 15-20 Gas Gathering System,TOURMALINE OIL CORP.,GS,53,27,5,15-20-053-27W5,35.26493780413912,2026-06,53.608623,-117.959511
ABGP0086379,ACL Granum Gas Plt 14-31-11-26 W4,LONG TERM ASSET MANAGEMENT INC.,GP,11,26,4,14-31-011-26W4,35.22300565455037,2026-06,49.928667,-113.465424
ABGS0084444,HOADLEY GS 11-09-044-02W5,TOURMALINE OIL CORP.,GS,44,2,5,11-09-044-02W5,34.34243051318662,2026-06,52.799707,-114.224918
ABGP0001625,KEYERA CYNTHIA 6-28 GAS PLANT,KEYERA ENERGY LTD.,GP,49,11,5,06-28-049-11W5,34.19566798962599,2026-06,53.241277,-115.543374
ABGP0001874,CHINCHAGA 11-33-96-8w6,CANADIAN NATURAL RESOURCES LIMITED,GP,96,8,6,11-33-096-08W6,34.048905466065364,2026-06,57.376855,-119.265682
ABGS0146271,FERRYBANK GGS 01-01-042-28W4,TOURMALINE OIL CORP.,GS,42,28,4,01-01-042-28W4,33.46185537182286,2026-06,52.638329,-113.932131
ABGS0171654,WCP 07-21-062-05W6 Gas Gathering,WHITECAP RESOURCES INC.,GS,62,5,6,07-21-062-05W6,32.5812802304591,2026-06,54.391214,-118.669699
ABGP0138191,SWR Windfall GP 14-24-59-16 W5,OUTLIER RESOURCES LTD.,GP,59,16,5,14-24-059-16W5,32.099060510188465,2026-06,54.132544,-116.366626
ABGP0140036,CSV SIMONETTE 13-11 GAS PLANT,CSV MIDSTREAM SOLUTIONS CORP.,GP,62,27,5,13-11-062-27W5,31.323315742796584,2026-06,54.358274,-117.958401
ABGP0001697,SHINNING BANK GAS PLANT,ISH ENERGY LTD.,GP,56,17,5,10-12-056-17W5,31.11365499485283,2026-06,53.830097,-116.44936849999999
ABGP0001791,TRILOGY CLOVER 9-34 PLANT #2,PARAMOUNT RESOURCES LTD.,GP,60,18,5,09-34-060-18W5,30.924960321703452,2026-06,54.2120395,-116.62852649999999
ABGS0130269,FERRIER13-5-45-9W5 compressor stn,SPARTAN DELTA CORP.,GS,45,9,5,13-05-045-09W5,29.834724432395944,2026-06,52.885584,-115.237175
ABGS0170738,W MARTEN HILLS GGS 09-13-075-02W5,HEADWATER EXPLORATION INC.,GS,75,2,5,09-13-075-02W5,28.409031346378427,2026-06,55.518773,-114.209331
ABGS0006281,TLM COMPRESSOR 15-9,OUTLIER RESOURCES LTD.,GS,61,16,5,15-09-061-16W5,28.136472374051547,2026-06,54.2977035,-116.3413385
ABGS0117703,6-17-62-4W6  Kakwa compressor,WHITECAP RESOURCES INC.,GS,62,4,6,06-17-062-04W6,27.90584555131342,2026-06,54.3736365,-118.5279755
ABGS0127391,BXE WILGRN 4-29 TO GP 1386,SPARTAN DELTA CORP.,GS,42,8,5,04-29-042-08W5,27.04623648474404,2026-06,52.6330145,-115.0707165
ABGS0139937,OPEN CREEK 04/10-34-42-5W5 GGS,GRAN TIERRA CANADA LTD.,GS,42,5,5,10-34-042-05W5,26.920440035977787,2026-06,52.625774,-114.63506
ABGS0099007,PFI CARROT CREEK 08-36-051-14W5 GGS,VERMILION ENERGY INC.,GS,51,14,5,08-36-051-14W5,26.689813213239656,2026-06,53.407574499999996,-116.0002945
ABGS0133024,00/05-36-061-18W5 Fox Creek GS,SINOPEC CANADA ENERGY LTD.,GS,61,18,5,05-36-061-18W5,26.41725424091278,2026-06,54.254748,-116.653583
ABGS0098122,RMP Kaybob South GGS,HWN ENERGY LTD.,GS,60,19,5,10-22-060-19W5,25.93503452064215,2026-06,54.196463,-116.775463
ABGS0127362,Tourmaline Wolf Lake 16-10 Comp site,TOURMALINE OIL CORP.,GS,52,15,5,16-10-052-15W5,25.746339847492774,2026-06,53.490165,-116.132618
ABGS0003340,MarkervilleS-10-06-036-02 W5M,HARVEST OPERATIONS CORP.,GS,36,2,5,10-06-036-02W5,25.5576451743434,2026-06,52.0976775,-114.2397985
