tc_name,confidence,aer_licinstno,aer_licence,km_to_match,km_margin_to_runner_up,multi_direction,position_from,approx_lat,approx_lon,aer_dls,aer_power_kw
BURTON CREEK,HIGH,80096-14,80096,10.6,63.5,,marker,50.029,-114.254,14-06-012-01W5,26960
CARSELAND # !! # G ! GAYFORD BEISEKER,HIGH,80143-1,80143,7.8,43.7,,marker,51.3362,-113.2715,09-24-027-25W4,20680
LEISMER EAST,HIGH,80442-7,80442,11.2,30.0,,marker,56.1337,-112.5855,12-29-081-16W4,3150
MAZEPPA,HIGH,80096-16,80096,11.5,67.1,,label,50.6817,-114.1672,08-15-020-03W5,45900
MEIKLE RIVER,HIGH,80693-3,80693,8.7,79.2,,marker,57.3117,-119.64,11-29-096-11W6,8875
XW OAKLAND,HIGH,80738-1,80738,5.2,64.2,Y,marker,51.3682,-111.6661,01-03-028-13W4,13700
BUFFALO CREEK,MEDIUM,80442-13,80442,8.2,0.1,,label,56.5609,-114.1184,10-29-086-01W5,13000
BUFFALO CREEK NORTH,MEDIUM,80442-13,80442,18.0,0.1,,label,56.5874,-114.3456,10-29-086-01W5,13000
DIDSBURY,MEDIUM,80734-1,80734,17.8,19.1,,marker,51.5889,-114.7745,15-32-028-05W5,23160
DRYWOOD,MEDIUM,80218-1,80218,20.0,46.6,,marker,49.3849,-114.2936,05-23-004-01W5,3293
ENTIC ENOR,MEDIUM,80143-1,80143,17.5,24.7,,marker,51.4238,-113.5748,09-24-027-25W4,20680
GADSBY,MEDIUM,80739-2,80739,6.4,0.0,Y,marker,52.4461,-112.1411,04-15-040-16W4,14730
HUSSAR,MEDIUM,80071-13,80071,5.5,0.1,,marker,51.1145,-112.5633,01-06-025-19W4,27060
KNIGHT,MEDIUM,80337-3,80337,9.9,0.0,,marker,53.992,-116.6035,15-28-057-17W5,12870
"LAC LA BICHE !"" SALES X FIELD LAKE",MEDIUM,80730-1,80730,20.5,0.0,,marker,54.8521,-112.111,10-06-067-12W4,3100
NORDEGG,MEDIUM,80146-3,80146,20.3,38.9,,label,52.6965,-116.0059,06-20-043-12W5,27500
"OLDS HARMATTAN APS ! !"""" Ol O ds LDS TORRINGTON",MEDIUM,80110-3,80110,22.4,0.2,,marker,51.7534,-114.0267,09-29-030-02W5,810
VETCHLAND,MEDIUM,80146-17,80146,23.3,18.3,,label,52.3446,-115.6767,06-14-039-10W5,46260
WARSPITE Smoky Lake ! SMOKY LAKE,MEDIUM,80173-5,80173,24.8,0.1,,marker,54.1489,-112.6761,02-15-059-16W4,14760
WINCHELL LAKE,MEDIUM,80734-1,80734,19.4,31.6,,label,51.4633,-114.9446,15-32-028-05W5,23160
X BENS LAKE,MEDIUM,80224-2,80224,5.6,0.0,,marker,53.6812,-111.9791,09-05-054-14W4,1911
X DUSTY LAKE,MEDIUM,80224-45,80224,4.5,0.0,Y,marker,53.0054,-112.1309,15-24-046-16W4,13780
FRENCHMAN RIVER No.393,OUTSIDE_AB,,,212.6,0.0,,marker,49.4367,-108.3878,,
GROUNDBIRCH,OUTSIDE_AB,,,119.4,16.0,,label,55.7825,-121.5325,,
PIAPOT No.392,OUTSIDE_AB,,,136.8,0.0,,marker,49.9713,-109.0492,,
PIPESTONE CREEK,OUTSIDE_AB,,,80.7,24.1,,marker,55.2146,-120.6515,,
SATURN,OUTSIDE_AB,,,157.8,35.3,,label,56.0971,-122.4293,,
STN 5 - CABRI,OUTSIDE_AB,,,112.6,0.0,,label,50.587,-108.8945,,
STN 9 - HERBERT,OUTSIDE_AB,,,224.8,0.0,,marker,50.6115,-107.2738,,
X ALCES RIVER,OUTSIDE_AB,,,68.3,54.7,,marker,56.4944,-121.0103,,
ACME No.363,UNRESOLVED,,,33.1,0.2,,marker,51.4079,-113.8707,,
AMBER VALLEY,UNRESOLVED,,,43.8,0.0,,marker,54.7105,-112.9757,,
BA NTRY PRINCESS,UNRESOLVED,,,26.8,0.0,,label,50.7079,-111.9106,,
BEHAN,UNRESOLVED,,,29.8,2.6,,marker,55.2321,-111.9909,,
BERLAND RIVER,UNRESOLVED,,,44.5,6.4,,label,54.0238,-118.0991,,
CLEARWATER,UNRESOLVED,,,44.4,5.2,,label,51.9985,-115.6252,,
CLOVERBAR,UNRESOLVED,,,63.6,0.0,,marker,53.6001,-112.982,,
CROWSNEST No.1,UNRESOLVED,,,93.8,21.4,,label,49.8315,-115.4217,,
DENNING LAKE NO.2,UNRESOLVED,,,37.1,0.0,,label,54.3377,-111.9153,,
EASTPORT,UNRESOLVED,,,187.6,15.4,,marker,49.1058,-116.606,,
ELKO No.2A,UNRESOLVED,,,109.1,15.4,,label,49.3321,-115.5472,,
FARRELL LAKE,UNRESOLVED,,,39.7,0.0,,marker,51.9017,-112.6492,,
G # # PEERS,UNRESOLVED,,,37.5,10.0,,marker,53.6374,-115.9551,,
GOLD CREEK,UNRESOLVED,,,38.1,6.4,,label,54.7863,-119.3365,,
GOODFISH,UNRESOLVED,,,122.1,0.0,,label,57.0301,-116.1958,,
"GRIZZLY SALES "" # #* FOX CREEK",UNRESOLVED,,,28.6,1.9,,marker,54.2989,-117.4486,,
JARROW WAINWRIGHT ! # #* WAINWRIGHT,UNRESOLVED,,,27.2,0.0,,marker,52.7875,-111.1476,,
JENNER No.367,UNRESOLVED,,,32.3,0.0,,marker,50.4625,-111.2652,,
LATORNELL,UNRESOLVED,,,55.5,0.0,,marker,54.5741,-119.3865,,
LODGEPOLE (ATCO),UNRESOLVED,,,29.2,10.4,,marker,53.0365,-115.9714,,
MONARCH,UNRESOLVED,,,43.5,28.9,,label,49.8749,-113.5444,,
MOYIE No.2B,UNRESOLVED,,,175.7,4.2,,label,49.393,-116.4655,,
NOEL LAKE,UNRESOLVED,,,34.4,0.0,,label,54.3764,-115.6135,,
No.365,UNRESOLVED,,,40.2,0.1,,label,50.7367,-112.6871,,
"OBED NORTH ! # "" EMERSON CREEK",UNRESOLVED,,,27.5,20.1,,marker,53.8474,-117.1603,,
ORTON,UNRESOLVED,,,47.9,19.7,,marker,49.8113,-113.5133,,
OTTER LAKE,UNRESOLVED,,,35.0,0.0,,label,57.0935,-117.6443,,
PAUL LAKE,UNRESOLVED,,,54.3,0.0,,label,55.5225,-114.7752,,
PIONEER YELLOWHEAD,UNRESOLVED,,,36.6,0.0,,marker,53.7271,-116.0694,,
"PROGRESS "" ! SADDLE HILLS",UNRESOLVED,,,51.7,0.0,,marker,55.8165,-120.1956,,
RED DEER BIN D L RIVER O,UNRESOLVED,,,31.9,2.3,,label,50.9928,-110.8509,,
REDL HANMORE LAKE,UNRESOLVED,,,60.0,0.1,,marker,54.4496,-114.0548,,
RICHMOUND No.391,UNRESOLVED,,,55.2,0.0,,marker,50.5461,-109.7942,,
RIVER,UNRESOLVED,,,48.3,0.8,,marker,55.2635,-113.221,,
SLAVE LAKE,UNRESOLVED,,,33.7,0.1,,marker,55.1197,-114.7554,,
SNIPE HILLS,UNRESOLVED,,,46.4,0.0,,marker,54.0927,-111.595,,
ST N 2 - B URS TALL,UNRESOLVED,,,43.0,0.0,,label,50.6292,-109.9168,,
SWARTZCREEK,UNRESOLVED,,,46.0,14.6,,label,53.3641,-117.1269,,
THOMAS LAKE,UNRESOLVED,,,26.9,0.0,,label,53.135,-112.5117,,
TURNER VALLEY,UNRESOLVED,,,32.5,50.8,,label,50.6994,-114.7904,,
VERMILION,UNRESOLVED,,,62.6,0.0,,marker,53.302,-110.9695,,
WEST MEDICINE HAT,UNRESOLVED,,,67.9,1.2,,marker,50.1269,-111.1496,,
WOODENHOUSE,UNRESOLVED,,,83.9,0.0,,label,56.6041,-115.4679,,
YELLOWHEAD ! LODGEPOLE,UNRESOLVED,,,30.9,6.8,,marker,52.9631,-115.9246,,
