Notice Type,Posted Date/Time,Notice Effective Date/Time,Notice End Date/Time,Notice Identifier,Subject,Response Date/Time,notice_key,detail_url,notice_type_code,notice_type,retrieved,station_2_related
Capacity Constraint,08/26/2026 07:45:57 AM,08/26/2026 07:45:57 AM,11/24/2026 07:45:57 AM,182179,"Huntingdon/Station 2 South Capacity for August 27, 2026",,182179,https://infopost.enbridge.com/infopost/NoticeListDetail.asp?strKey1=182179&type=CRI&Embed=2&pipe=WE,CRI,Critical,20260826_180526,True
Other,08/25/2026 02:50:24 PM,08/25/2026 02:50:24 PM,11/23/2026 02:30:24 PM,182158,Non-Binding Request For Proposal,,182158,https://infopost.enbridge.com/infopost/NoticeListDetail.asp?strKey1=182158&type=CRI&Embed=2&pipe=WE,CRI,Critical,20260826_180526,False
Capacity Constraint,08/25/2026 07:50:13 AM,08/25/2026 07:50:13 AM,11/23/2026 07:50:13 AM,182141,"Huntingdon/Station 2 South Capacity for August 26, 2026",,182141,https://infopost.enbridge.com/infopost/NoticeListDetail.asp?strKey1=182141&type=CRI&Embed=2&pipe=WE,CRI,Critical,20260826_180526,True
Capacity Constraint,08/24/2026 03:11:30 PM,08/24/2026 03:11:30 PM,11/22/2026 02:48:30 PM,182135,Operationally Available Capacity for September 2026,,182135,https://infopost.enbridge.com/infopost/NoticeListDetail.asp?strKey1=182135&type=CRI&Embed=2&pipe=WE,CRI,Critical,20260826_180526,False
Capacity Constraint,08/24/2026 08:00:19 AM,08/24/2026 08:00:19 AM,11/22/2026 08:00:19 AM,182098,"Fort St John Mainline to Station 2 (Station #1 Westbound) Capacity for August 25, 2026",,182098,https://infopost.enbridge.com/infopost/NoticeListDetail.asp?strKey1=182098&type=CRI&Embed=2&pipe=WE,CRI,Critical,20260826_180526,True
Capacity Constraint,08/24/2026 07:47:46 AM,08/24/2026 07:47:46 AM,11/22/2026 07:47:46 AM,182097,"Huntingdon/Station 2 South Capacity for August 25, 2026",,182097,https://infopost.enbridge.com/infopost/NoticeListDetail.asp?strKey1=182097&type=CRI&Embed=2&pipe=WE,CRI,Critical,20260826_180526,True
Capacity Constraint,08/24/2026 07:36:13 AM,08/24/2026 07:36:13 AM,08/24/2026 07:36:13 AM,182096,"Huntingdon/Station 2 South Capacity for August 24, 2026",,182096,https://infopost.enbridge.com/infopost/NoticeListDetail.asp?strKey1=182096&type=CRI&Embed=2&pipe=WE,CRI,Critical,20260826_180526,True
Pipeline Conditions,08/24/2026 07:17:41 AM,08/24/2026 07:27:41 AM,11/21/2026 12:00:00 AM,182095,Pipeline Operational Status for 08/23/2026,,182095,https://infopost.enbridge.com/infopost/NoticeListDetail.asp?strKey1=182095&type=CRI&Embed=2&pipe=WE,CRI,Critical,20260826_180526,False
Capacity Constraint,08/21/2026 07:58:34 AM,08/21/2026 07:58:34 AM,11/19/2026 07:58:34 AM,181991,"Huntingdon/Station 2 South Capacity for August 22-24, 2026",,181991,https://infopost.enbridge.com/infopost/NoticeListDetail.asp?strKey1=181991&type=CRI&Embed=2&pipe=WE,CRI,Critical,20260826_180526,True
Capacity Constraint,08/20/2026 08:17:43 AM,08/20/2026 08:17:43 AM,08/20/2026 08:17:43 AM,181952,"Huntingdon/Station 2 South Capacity for August 21, 2026",,181952,https://infopost.enbridge.com/infopost/NoticeListDetail.asp?strKey1=181952&type=CRI&Embed=2&pipe=WE,CRI,Critical,20260826_180526,True
Pipeline Conditions,08/20/2026 07:10:13 AM,08/20/2026 07:20:13 AM,11/17/2026 12:00:00 AM,181951,Pipeline Operational Status for 08/19/2026,,181951,https://infopost.enbridge.com/infopost/NoticeListDetail.asp?strKey1=181951&type=CRI&Embed=2&pipe=WE,CRI,Critical,20260826_180526,False
Capacity Constraint,08/19/2026 07:48:34 AM,08/19/2026 07:48:34 AM,11/17/2026 07:48:34 AM,181916,"Huntingdon/Station 2 South Capacity for August 20, 2026",,181916,https://infopost.enbridge.com/infopost/NoticeListDetail.asp?strKey1=181916&type=CRI&Embed=2&pipe=WE,CRI,Critical,20260826_180526,True
Capacity Constraint,08/18/2026 07:45:00 AM,08/18/2026 07:45:00 AM,11/16/2026 07:45:00 AM,181878,"Huntingdon/Station 2 South Capacity for August 19, 2026",,181878,https://infopost.enbridge.com/infopost/NoticeListDetail.asp?strKey1=181878&type=CRI&Embed=2&pipe=WE,CRI,Critical,20260826_180526,True
Capacity Constraint,08/17/2026 01:28:02 PM,08/17/2026 01:28:02 PM,11/15/2026 01:23:02 PM,181848,"Huntingdon/Station 2 South Capacity for August 19 - 31, 2026 Update",,181848,https://infopost.enbridge.com/infopost/NoticeListDetail.asp?strKey1=181848&type=CRI&Embed=2&pipe=WE,CRI,Critical,20260826_180526,True
Capacity Constraint,08/17/2026 07:46:00 AM,08/17/2026 07:46:00 AM,11/15/2026 07:46:00 AM,181839,"Huntingdon/Station 2 South Capacity for August 18, 2026",,181839,https://infopost.enbridge.com/infopost/NoticeListDetail.asp?strKey1=181839&type=CRI&Embed=2&pipe=WE,CRI,Critical,20260826_180526,True
Capacity Constraint,08/14/2026 08:05:28 AM,08/14/2026 08:05:28 AM,11/12/2026 08:05:28 AM,181738,"Sunset Creek Interconnect Capacity for August 17 - 28, 2026",,181738,https://infopost.enbridge.com/infopost/NoticeListDetail.asp?strKey1=181738&type=CRI&Embed=2&pipe=WE,CRI,Critical,20260826_180526,False
Capacity Constraint,08/14/2026 08:01:56 AM,08/14/2026 08:01:56 AM,11/12/2026 08:01:56 AM,181737,Huntingdon/Station 2 South Capacity for August 14 - 17,,181737,https://infopost.enbridge.com/infopost/NoticeListDetail.asp?strKey1=181737&type=CRI&Embed=2&pipe=WE,CRI,Critical,20260826_180526,True
Pipeline Conditions,08/13/2026 04:03:27 PM,08/13/2026 04:13:27 PM,11/10/2026 12:00:00 AM,181735,Pipeline Operational Status for 08/13/2026,,181735,https://infopost.enbridge.com/infopost/NoticeListDetail.asp?strKey1=181735&type=CRI&Embed=2&pipe=WE,CRI,Critical,20260826_180526,False
Capacity Constraint,08/13/2026 07:57:00 AM,08/13/2026 07:57:00 AM,11/11/2026 07:57:00 AM,181670,"Huntingdon/Station 2 South Capacity for August 13 - 14, 2026",,181670,https://infopost.enbridge.com/infopost/NoticeListDetail.asp?strKey1=181670&type=CRI&Embed=2&pipe=WE,CRI,Critical,20260826_180526,True
Pipeline Conditions,08/13/2026 07:22:12 AM,08/13/2026 07:32:12 AM,11/10/2026 12:00:00 AM,181669,Pipeline Operational Status for 08/12/2026,,181669,https://infopost.enbridge.com/infopost/NoticeListDetail.asp?strKey1=181669&type=CRI&Embed=2&pipe=WE,CRI,Critical,20260826_180526,False
Pipeline Conditions,08/12/2026 03:45:19 PM,08/12/2026 03:55:19 PM,11/09/2026 12:00:00 AM,181666,Pipeline Operational Status for 08/12/2026,,181666,https://infopost.enbridge.com/infopost/NoticeListDetail.asp?strKey1=181666&type=CRI&Embed=2&pipe=WE,CRI,Critical,20260826_180526,False
Capacity Constraint,08/12/2026 08:30:00 AM,08/12/2026 08:30:00 AM,11/10/2026 08:30:00 AM,181624,"Huntingdon/Station 2 South Capacity for August 12 ID1, 2026 REVISED",,181624,https://infopost.enbridge.com/infopost/NoticeListDetail.asp?strKey1=181624&type=CRI&Embed=2&pipe=WE,CRI,Critical,20260826_180526,True
Capacity Constraint,08/12/2026 08:18:00 AM,08/12/2026 08:18:00 AM,11/10/2026 08:18:00 AM,181623,"Huntingdon/Station 2 South Capacity for August 13, 2026",,181623,https://infopost.enbridge.com/infopost/NoticeListDetail.asp?strKey1=181623&type=CRI&Embed=2&pipe=WE,CRI,Critical,20260826_180526,True
Pipeline Conditions,08/12/2026 07:43:44 AM,08/12/2026 07:53:44 AM,11/09/2026 12:00:00 AM,181622,Pipeline Operational Status for 08/11/2026,,181622,https://infopost.enbridge.com/infopost/NoticeListDetail.asp?strKey1=181622&type=CRI&Embed=2&pipe=WE,CRI,Critical,20260826_180526,False
Capacity Constraint,08/11/2026 08:10:20 AM,08/11/2026 08:10:20 AM,11/09/2026 08:10:20 AM,181583,"RE-ESTABLISHMENT Sunset Creek Interconnect Capacity for August 12, 2026",,181583,https://infopost.enbridge.com/infopost/NoticeListDetail.asp?strKey1=181583&type=CRI&Embed=2&pipe=WE,CRI,Critical,20260826_180526,False
Capacity Constraint,08/11/2026 08:07:00 AM,08/11/2026 08:07:00 AM,11/09/2026 08:07:00 AM,181582,"RE-ESTABLISHMENT Fort St John Mainline to Station 2 (Station #1 Westbound) Capacity for August 12, 2026",,181582,https://infopost.enbridge.com/infopost/NoticeListDetail.asp?strKey1=181582&type=CRI&Embed=2&pipe=WE,CRI,Critical,20260826_180526,True
Capacity Constraint,08/11/2026 07:41:26 AM,08/11/2026 07:41:26 AM,11/09/2026 07:41:26 AM,181581,"Huntingdon/Station 2 South Capacity for August 12, 2026",,181581,https://infopost.enbridge.com/infopost/NoticeListDetail.asp?strKey1=181581&type=CRI&Embed=2&pipe=WE,CRI,Critical,20260826_180526,True
Capacity Constraint,08/10/2026 07:43:30 AM,08/10/2026 07:43:30 AM,11/08/2026 07:43:30 AM,181528,"Huntingdon/Station 2 South Capacity for August 11, 2026",,181528,https://infopost.enbridge.com/infopost/NoticeListDetail.asp?strKey1=181528&type=CRI&Embed=2&pipe=WE,CRI,Critical,20260826_180526,True
Capacity Constraint,08/07/2026 09:15:00 AM,08/07/2026 09:15:00 AM,11/05/2026 09:15:00 AM,181432,"Huntingdon/Station 2 South Capacity for August 8 - 10, 2026 REVISED",,181432,https://infopost.enbridge.com/infopost/NoticeListDetail.asp?strKey1=181432&type=CRI&Embed=2&pipe=WE,CRI,Critical,20260826_180526,True
Capacity Constraint,08/07/2026 07:58:21 AM,08/07/2026 07:58:21 AM,11/05/2026 07:58:21 AM,181417,"Sunset Creek Interconnect Capacity for August 10-12, 2026",,181417,https://infopost.enbridge.com/infopost/NoticeListDetail.asp?strKey1=181417&type=CRI&Embed=2&pipe=WE,CRI,Critical,20260826_180526,False
Capacity Constraint,08/07/2026 07:50:10 AM,08/07/2026 07:50:10 AM,11/05/2026 07:50:10 AM,181416,"Fort St John Mainline to Station 2 (Station #1 Westbound) Capacity for August 10 - 12, 2026",,181416,https://infopost.enbridge.com/infopost/NoticeListDetail.asp?strKey1=181416&type=CRI&Embed=2&pipe=WE,CRI,Critical,20260826_180526,True
Capacity Constraint,08/07/2026 07:46:58 AM,08/07/2026 07:46:58 AM,11/05/2026 07:46:58 AM,181415,"Huntingdon/Station 2 South Capacity for August 8 - 10, 2026",,181415,https://infopost.enbridge.com/infopost/NoticeListDetail.asp?strKey1=181415&type=CRI&Embed=2&pipe=WE,CRI,Critical,20260826_180526,True
Capacity Constraint,08/06/2026 07:40:45 AM,08/06/2026 07:40:45 AM,11/04/2026 07:40:45 AM,181365,"Huntingdon/Station 2 South Capacity for August 7, 2026",,181365,https://infopost.enbridge.com/infopost/NoticeListDetail.asp?strKey1=181365&type=CRI&Embed=2&pipe=WE,CRI,Critical,20260826_180526,True
Capacity Constraint,08/05/2026 07:47:00 AM,08/05/2026 07:47:00 AM,11/03/2026 07:47:00 AM,181277,"Huntingdon/Station 2 South Capacity for August 6, 2026",,181277,https://infopost.enbridge.com/infopost/NoticeListDetail.asp?strKey1=181277&type=CRI&Embed=2&pipe=WE,CRI,Critical,20260826_180526,True
Capacity Constraint,08/05/2026 07:47:00 AM,08/05/2026 07:47:00 AM,11/03/2026 07:47:00 AM,181278,"Fort St John Mainline to Station 2 (Station #1 Westbound) Capacity for August 6, 2026",,181278,https://infopost.enbridge.com/infopost/NoticeListDetail.asp?strKey1=181278&type=CRI&Embed=2&pipe=WE,CRI,Critical,20260826_180526,True
Capacity Constraint,08/04/2026 01:55:30 PM,08/04/2026 01:55:30 PM,11/02/2026 12:19:30 PM,181244,"26"" Alberta West/FSJML to Station 2 September Outage Update",,181244,https://infopost.enbridge.com/infopost/NoticeListDetail.asp?strKey1=181244&type=CRI&Embed=2&pipe=WE,CRI,Critical,20260826_180526,True
Capacity Constraint,08/04/2026 07:45:38 AM,08/04/2026 07:45:38 AM,11/02/2026 07:45:38 AM,181223,"Huntingdon/Station 2 South Capacity for August 5, 2026",,181223,https://infopost.enbridge.com/infopost/NoticeListDetail.asp?strKey1=181223&type=CRI&Embed=2&pipe=WE,CRI,Critical,20260826_180526,True
Pipeline Conditions,07/31/2026 03:47:24 PM,07/31/2026 03:57:24 PM,10/28/2026 12:00:00 AM,181118,Pipeline Operational Status for 07/31/2026,,181118,https://infopost.enbridge.com/infopost/NoticeListDetail.asp?strKey1=181118&type=CRI&Embed=2&pipe=WE,CRI,Critical,20260826_180526,False
Pipeline Conditions,07/31/2026 07:59:13 AM,07/31/2026 08:09:13 AM,10/28/2026 12:00:00 AM,181072,Pipeline Operational Status for 07/30/2026,,181072,https://infopost.enbridge.com/infopost/NoticeListDetail.asp?strKey1=181072&type=CRI&Embed=2&pipe=WE,CRI,Critical,20260826_180526,False
Capacity Constraint,07/31/2026 07:51:00 AM,07/31/2026 07:51:00 AM,10/29/2026 07:51:00 AM,181071,"Huntingdon/Station 2 South Capacity for August 1 - 4, 2026",,181071,https://infopost.enbridge.com/infopost/NoticeListDetail.asp?strKey1=181071&type=CRI&Embed=2&pipe=WE,CRI,Critical,20260826_180526,True
Pipeline Conditions,07/30/2026 02:41:11 PM,07/30/2026 02:51:11 PM,10/27/2026 12:00:00 AM,181052,Pipeline Operational Status for 07/30/2026,,181052,https://infopost.enbridge.com/infopost/NoticeListDetail.asp?strKey1=181052&type=CRI&Embed=2&pipe=WE,CRI,Critical,20260826_180526,False
Capacity Constraint,07/30/2026 07:43:18 AM,07/30/2026 07:43:18 AM,10/28/2026 07:43:18 AM,181024,"Huntingdon/Station 2 South Capacity for July 31, 2026",,181024,https://infopost.enbridge.com/infopost/NoticeListDetail.asp?strKey1=181024&type=CRI&Embed=2&pipe=WE,CRI,Critical,20260826_180526,True
Capacity Constraint,07/29/2026 08:00:00 AM,07/29/2026 08:00:00 AM,10/27/2026 08:00:00 AM,180980,"RE-ESTABLISHMENT Station #1 Westbound (Fort St John Mainline to Station 2) Capacity for July 29, 2026 ID1",,180980,https://infopost.enbridge.com/infopost/NoticeListDetail.asp?strKey1=180980&type=CRI&Embed=2&pipe=WE,CRI,Critical,20260826_180526,True
Capacity Constraint,07/29/2026 07:44:44 AM,07/29/2026 07:44:44 AM,10/27/2026 07:44:44 AM,180979,"Huntingdon/Station 2 South Capacity for July 30, 2026",,180979,https://infopost.enbridge.com/infopost/NoticeListDetail.asp?strKey1=180979&type=CRI&Embed=2&pipe=WE,CRI,Critical,20260826_180526,True
Capacity Constraint,07/28/2026 07:45:00 AM,07/28/2026 07:45:00 AM,10/26/2026 07:45:00 AM,180944,"Huntingdon/Station 2 South Capacity for July 29, 2026",,180944,https://infopost.enbridge.com/infopost/NoticeListDetail.asp?strKey1=180944&type=CRI&Embed=2&pipe=WE,CRI,Critical,20260826_180526,True
Capacity Constraint,07/27/2026 07:44:13 AM,07/27/2026 07:44:13 AM,10/25/2026 07:44:13 AM,180909,"Huntingdon/Station 2 South Capacity for July 28, 2026",,180909,https://infopost.enbridge.com/infopost/NoticeListDetail.asp?strKey1=180909&type=CRI&Embed=2&pipe=WE,CRI,Critical,20260826_180526,True
Capacity Constraint,07/24/2026 02:57:00 PM,07/24/2026 02:57:00 PM,10/22/2026 02:27:00 PM,180829,Operationally Available Capacity for August 2026,,180829,https://infopost.enbridge.com/infopost/NoticeListDetail.asp?strKey1=180829&type=CRI&Embed=2&pipe=WE,CRI,Critical,20260826_180526,False
Capacity Constraint,07/24/2026 02:11:00 PM,07/24/2026 02:11:00 PM,10/22/2026 02:11:00 PM,180823,"Station #1 Westbound (Fort St John Mainline to Station 2) Capacity for July 26 - 31, 2026 REVISED",,180823,https://infopost.enbridge.com/infopost/NoticeListDetail.asp?strKey1=180823&type=CRI&Embed=2&pipe=WE,CRI,Critical,20260826_180526,True
Capacity Constraint,07/24/2026 07:48:00 AM,07/24/2026 07:48:00 AM,10/22/2026 07:48:00 AM,180801,"Station #1 Westbound (Fort St John Mainline to Station 2) Capacity for July 27 - 31, 2026",,180801,https://infopost.enbridge.com/infopost/NoticeListDetail.asp?strKey1=180801&type=CRI&Embed=2&pipe=WE,CRI,Critical,20260826_180526,True
Capacity Constraint,07/24/2026 07:43:09 AM,07/24/2026 07:43:09 AM,10/22/2026 07:43:09 AM,180799,"Huntingdon/Station 2 South Capacity for July 25 - 27, 2026",,180799,https://infopost.enbridge.com/infopost/NoticeListDetail.asp?strKey1=180799&type=CRI&Embed=2&pipe=WE,CRI,Critical,20260826_180526,True
Pipeline Conditions,07/24/2026 07:40:41 AM,07/24/2026 07:50:41 AM,10/21/2026 12:00:00 AM,180800,Pipeline Operational Status for 07/23/2026,,180800,https://infopost.enbridge.com/infopost/NoticeListDetail.asp?strKey1=180800&type=CRI&Embed=2&pipe=WE,CRI,Critical,20260826_180526,False
Capacity Constraint,07/23/2026 07:43:20 AM,07/23/2026 07:43:20 AM,10/21/2026 07:43:20 AM,180762,"Huntingdon/Station 2 South Capacity for July 24, 2026",,180762,https://infopost.enbridge.com/infopost/NoticeListDetail.asp?strKey1=180762&type=CRI&Embed=2&pipe=WE,CRI,Critical,20260826_180526,True
Capacity Constraint,07/22/2026 07:51:40 AM,07/22/2026 07:51:40 AM,10/20/2026 07:51:40 AM,180726,"Huntingdon/Station 2 South Capacity for July 23, 2026",,180726,https://infopost.enbridge.com/infopost/NoticeListDetail.asp?strKey1=180726&type=CRI&Embed=2&pipe=WE,CRI,Critical,20260826_180526,True
Capacity Constraint,07/21/2026 07:43:42 AM,07/21/2026 07:43:42 AM,10/19/2026 07:43:42 AM,180690,"Huntingdon/Station 2 South Capacity for July 22, 2026",,180690,https://infopost.enbridge.com/infopost/NoticeListDetail.asp?strKey1=180690&type=CRI&Embed=2&pipe=WE,CRI,Critical,20260826_180526,True
Capacity Constraint,07/20/2026 07:43:00 AM,07/20/2026 07:43:00 AM,10/18/2026 07:43:00 AM,180649,"Huntingdon/Station 2 South Capacity for July 21, 2026",,180649,https://infopost.enbridge.com/infopost/NoticeListDetail.asp?strKey1=180649&type=CRI&Embed=2&pipe=WE,CRI,Critical,20260826_180526,True
Capacity Constraint,07/17/2026 07:53:38 AM,07/17/2026 07:53:38 AM,10/15/2026 07:53:38 AM,180545,"Station #1 Westbound Capacity for July 20 - 24, 2026",,180545,https://infopost.enbridge.com/infopost/NoticeListDetail.asp?strKey1=180545&type=CRI&Embed=2&pipe=WE,CRI,Critical,20260826_180526,False
Capacity Constraint,07/17/2026 07:44:26 AM,07/17/2026 07:44:26 AM,10/15/2026 07:44:26 AM,180544,"Huntingdon/Station 2 South Capacity for July 18 - 20, 2026",,180544,https://infopost.enbridge.com/infopost/NoticeListDetail.asp?strKey1=180544&type=CRI&Embed=2&pipe=WE,CRI,Critical,20260826_180526,True
Pipeline Conditions,07/16/2026 03:48:20 PM,07/16/2026 03:58:20 PM,10/13/2026 12:00:00 AM,180543,Pipeline Operational Status for 07/16/2026,,180543,https://infopost.enbridge.com/infopost/NoticeListDetail.asp?strKey1=180543&type=CRI&Embed=2&pipe=WE,CRI,Critical,20260826_180526,False
Pipeline Conditions,07/16/2026 07:54:13 AM,07/16/2026 08:04:13 AM,10/13/2026 12:00:00 AM,180499,Pipeline Operational Status for 07/15/2026,,180499,https://infopost.enbridge.com/infopost/NoticeListDetail.asp?strKey1=180499&type=CRI&Embed=2&pipe=WE,CRI,Critical,20260826_180526,False
Capacity Constraint,07/16/2026 07:44:00 AM,07/16/2026 07:44:00 AM,10/14/2026 07:44:00 AM,180498,"Huntingdon/Station 2 South Capacity for July 17, 2026",,180498,https://infopost.enbridge.com/infopost/NoticeListDetail.asp?strKey1=180498&type=CRI&Embed=2&pipe=WE,CRI,Critical,20260826_180526,True
Capacity Constraint,07/15/2026 07:42:30 AM,07/15/2026 07:42:30 AM,10/13/2026 07:42:30 AM,180461,"Huntingdon/Station 2 South Capacity for July 16, 2026",,180461,https://infopost.enbridge.com/infopost/NoticeListDetail.asp?strKey1=180461&type=CRI&Embed=2&pipe=WE,CRI,Critical,20260826_180526,True
Capacity Constraint,07/14/2026 07:40:41 AM,07/14/2026 07:40:41 AM,10/12/2026 07:40:41 AM,180421,"Huntingdon/Station 2 South Capacity for July 15, 2026",,180421,https://infopost.enbridge.com/infopost/NoticeListDetail.asp?strKey1=180421&type=CRI&Embed=2&pipe=WE,CRI,Critical,20260826_180526,True
Capacity Constraint,07/13/2026 07:42:12 AM,07/13/2026 07:42:12 AM,10/11/2026 07:42:12 AM,180382,"Huntingdon/Station 2 South Capacity for July 14, 2026",,180382,https://infopost.enbridge.com/infopost/NoticeListDetail.asp?strKey1=180382&type=CRI&Embed=2&pipe=WE,CRI,Critical,20260826_180526,True
Capacity Constraint,07/10/2026 07:40:51 AM,07/10/2026 07:40:51 AM,10/08/2026 07:40:51 AM,180259,"Huntingdon/Station 2 South Capacity for July 11 - 13, 2026",,180259,https://infopost.enbridge.com/infopost/NoticeListDetail.asp?strKey1=180259&type=CRI&Embed=2&pipe=WE,CRI,Critical,20260826_180526,True
Capacity Constraint,07/09/2026 07:42:38 AM,07/09/2026 07:42:38 AM,10/07/2026 07:42:38 AM,180223,"Huntingdon/Station 2 South Capacity for July 10, 2026",,180223,https://infopost.enbridge.com/infopost/NoticeListDetail.asp?strKey1=180223&type=CRI&Embed=2&pipe=WE,CRI,Critical,20260826_180526,True
Capacity Constraint,07/08/2026 07:38:28 AM,07/08/2026 07:38:28 AM,10/06/2026 07:38:28 AM,180138,"Huntingdon/Station 2 South Capacity for July 9, 2026",,180138,https://infopost.enbridge.com/infopost/NoticeListDetail.asp?strKey1=180138&type=CRI&Embed=2&pipe=WE,CRI,Critical,20260826_180526,True
Capacity Constraint,07/07/2026 11:15:19 AM,07/07/2026 11:15:19 AM,10/05/2026 11:15:19 AM,180104,Operationally Available Capacity for July 2026 - T South REVISED,,180104,https://infopost.enbridge.com/infopost/NoticeListDetail.asp?strKey1=180104&type=CRI&Embed=2&pipe=WE,CRI,Critical,20260826_180526,False
Capacity Constraint,07/07/2026 07:41:50 AM,07/07/2026 07:41:50 AM,10/05/2026 07:41:50 AM,180092,"Huntingdon/Station 2 South Capacity for July 8, 2026",,180092,https://infopost.enbridge.com/infopost/NoticeListDetail.asp?strKey1=180092&type=CRI&Embed=2&pipe=WE,CRI,Critical,20260826_180526,True
Capacity Constraint,07/06/2026 07:42:00 AM,07/06/2026 07:42:00 AM,10/04/2026 07:42:00 AM,180053,"Huntingdon/Station 2 South Capacity for July 7, 2026",,180053,https://infopost.enbridge.com/infopost/NoticeListDetail.asp?strKey1=180053&type=CRI&Embed=2&pipe=WE,CRI,Critical,20260826_180526,True
Capacity Constraint,07/02/2026 07:44:00 AM,07/02/2026 07:44:00 AM,09/30/2026 07:44:00 AM,179912,"Huntingdon/Station 2 South Capacity for July 3 - 6, 2026",,179912,https://infopost.enbridge.com/infopost/NoticeListDetail.asp?strKey1=179912&type=CRI&Embed=2&pipe=WE,CRI,Critical,20260826_180526,True
Capacity Constraint,06/30/2026 07:44:03 AM,06/30/2026 07:44:03 AM,09/28/2026 07:44:03 AM,179832,"Huntingdon/Station 2 South Capacity for July 1 - 2, 2026",,179832,https://infopost.enbridge.com/infopost/NoticeListDetail.asp?strKey1=179832&type=CRI&Embed=2&pipe=WE,CRI,Critical,20260826_180526,True
Capacity Constraint,06/29/2026 07:42:13 AM,06/29/2026 07:42:13 AM,09/27/2026 07:42:13 AM,179768,"Huntingdon/Station 2 South Capacity for June 30, 2026",,179768,https://infopost.enbridge.com/infopost/NoticeListDetail.asp?strKey1=179768&type=CRI&Embed=2&pipe=WE,CRI,Critical,20260826_180526,True
Capacity Constraint,06/26/2026 07:43:01 AM,06/26/2026 07:43:01 AM,09/24/2026 07:43:01 AM,179650,"Huntingdon/Station 2 South Capacity for June 27 - 29, 2026",,179650,https://infopost.enbridge.com/infopost/NoticeListDetail.asp?strKey1=179650&type=CRI&Embed=2&pipe=WE,CRI,Critical,20260826_180526,True
Capacity Constraint,06/25/2026 07:41:43 AM,06/25/2026 07:41:43 AM,09/23/2026 07:41:43 AM,179604,"Huntingdon/Station 2 South Capacity for June 26, 2026",,179604,https://infopost.enbridge.com/infopost/NoticeListDetail.asp?strKey1=179604&type=CRI&Embed=2&pipe=WE,CRI,Critical,20260826_180526,True
Capacity Constraint,06/24/2026 07:39:49 AM,06/24/2026 07:39:49 AM,09/22/2026 07:39:49 AM,179569,"Huntingdon/Station 2 South Capacity for June 25, 2026",,179569,https://infopost.enbridge.com/infopost/NoticeListDetail.asp?strKey1=179569&type=CRI&Embed=2&pipe=WE,CRI,Critical,20260826_180526,True
Capacity Constraint,06/23/2026 02:52:21 PM,06/23/2026 02:52:21 PM,09/21/2026 02:32:21 PM,179551,Operationally Available Capacity for July 2026,,179551,https://infopost.enbridge.com/infopost/NoticeListDetail.asp?strKey1=179551&type=CRI&Embed=2&pipe=WE,CRI,Critical,20260826_180526,False
Capacity Constraint,06/23/2026 07:48:00 AM,06/23/2026 07:48:00 AM,09/21/2026 07:48:00 AM,179530,"Huntingdon/Station 2 South Capacity for June 24, 2026",,179530,https://infopost.enbridge.com/infopost/NoticeListDetail.asp?strKey1=179530&type=CRI&Embed=2&pipe=WE,CRI,Critical,20260826_180526,True
Capacity Constraint,06/22/2026 07:41:06 AM,06/22/2026 07:41:06 AM,09/20/2026 07:41:06 AM,179492,"Huntingdon/Station 2 South Capacity for June 23, 2026",,179492,https://infopost.enbridge.com/infopost/NoticeListDetail.asp?strKey1=179492&type=CRI&Embed=2&pipe=WE,CRI,Critical,20260826_180526,True
Pipeline Conditions,06/22/2026 07:11:51 AM,06/22/2026 07:21:51 AM,09/19/2026 12:00:00 AM,179491,Pipeline Operational Status for 06/21/2026,,179491,https://infopost.enbridge.com/infopost/NoticeListDetail.asp?strKey1=179491&type=CRI&Embed=2&pipe=WE,CRI,Critical,20260826_180526,False
Pipeline Conditions,06/21/2026 03:57:29 PM,06/21/2026 04:07:29 PM,09/18/2026 12:00:00 AM,179489,Pipeline Operational Status for 06/21/2026,,179489,https://infopost.enbridge.com/infopost/NoticeListDetail.asp?strKey1=179489&type=CRI&Embed=2&pipe=WE,CRI,Critical,20260826_180526,False
Pipeline Conditions,06/21/2026 07:18:41 AM,06/21/2026 07:28:41 AM,09/18/2026 12:00:00 AM,179457,Pipeline Operational Status for 06/20/2026,,179457,https://infopost.enbridge.com/infopost/NoticeListDetail.asp?strKey1=179457&type=CRI&Embed=2&pipe=WE,CRI,Critical,20260826_180526,False
Pipeline Conditions,06/20/2026 03:29:45 PM,06/20/2026 03:39:45 PM,09/17/2026 12:00:00 AM,179456,Pipeline Operational Status for 06/20/2026,,179456,https://infopost.enbridge.com/infopost/NoticeListDetail.asp?strKey1=179456&type=CRI&Embed=2&pipe=WE,CRI,Critical,20260826_180526,False
Capacity Constraint,06/18/2026 07:45:34 AM,06/18/2026 07:45:34 AM,09/16/2026 07:45:34 AM,179339,"Huntingdon/Station 2 South Capacity for June 19 - 22 , 2026",,179339,https://infopost.enbridge.com/infopost/NoticeListDetail.asp?strKey1=179339&type=CRI&Embed=2&pipe=WE,CRI,Critical,20260826_180526,True
Capacity Constraint,06/17/2026 07:40:34 AM,06/17/2026 07:40:34 AM,09/15/2026 07:40:34 AM,179297,"Huntingdon/Station 2 South Capacity for June 18, 2026",,179297,https://infopost.enbridge.com/infopost/NoticeListDetail.asp?strKey1=179297&type=CRI&Embed=2&pipe=WE,CRI,Critical,20260826_180526,True
Capacity Constraint,06/16/2026 07:42:09 AM,06/16/2026 07:42:09 AM,09/14/2026 07:42:09 AM,179258,"Huntingdon/Station 2 South Capacity for June 17, 2026",,179258,https://infopost.enbridge.com/infopost/NoticeListDetail.asp?strKey1=179258&type=CRI&Embed=2&pipe=WE,CRI,Critical,20260826_180526,True
Capacity Constraint,06/15/2026 07:39:37 AM,06/15/2026 07:39:37 AM,09/13/2026 07:39:37 AM,179221,"Huntingdon/Station 2 South Capacity for June 16, 2026",,179221,https://infopost.enbridge.com/infopost/NoticeListDetail.asp?strKey1=179221&type=CRI&Embed=2&pipe=WE,CRI,Critical,20260826_180526,True
Capacity Constraint,06/14/2026 10:46:45 AM,06/14/2026 10:46:45 AM,09/12/2026 10:46:45 AM,179191,"Huntingdon/Station 2 South Capacity for June 15, 2026 REVISED",,179191,https://infopost.enbridge.com/infopost/NoticeListDetail.asp?strKey1=179191&type=CRI&Embed=2&pipe=WE,CRI,Critical,20260826_180526,True
Capacity Constraint,06/12/2026 07:40:57 AM,06/12/2026 07:40:57 AM,09/10/2026 07:40:57 AM,179110,"Huntingdon/Station 2 South Capacity for June 13 - 15, 2026",,179110,https://infopost.enbridge.com/infopost/NoticeListDetail.asp?strKey1=179110&type=CRI&Embed=2&pipe=WE,CRI,Critical,20260826_180526,True
Capacity Constraint,06/11/2026 07:41:19 AM,06/11/2026 07:41:19 AM,09/09/2026 07:41:19 AM,179066,"Huntingdon/Station 2 South Capacity for 12, 2026",,179066,https://infopost.enbridge.com/infopost/NoticeListDetail.asp?strKey1=179066&type=CRI&Embed=2&pipe=WE,CRI,Critical,20260826_180526,True
Capacity Constraint,06/10/2026 01:42:50 PM,06/10/2026 01:42:50 PM,09/08/2026 01:42:50 PM,179020,"Huntingdon/Station 2 South Capacity June 10 ID2, 2026 REVISED",,179020,https://infopost.enbridge.com/infopost/NoticeListDetail.asp?strKey1=179020&type=CRI&Embed=2&pipe=WE,CRI,Critical,20260826_180526,True
Capacity Constraint,06/10/2026 09:52:17 AM,06/10/2026 09:52:17 AM,09/08/2026 09:52:17 AM,178970,"Huntingdon/Station 2 South Capacity for June 10 ID1, 2026 REVISED",,178970,https://infopost.enbridge.com/infopost/NoticeListDetail.asp?strKey1=178970&type=CRI&Embed=2&pipe=WE,CRI,Critical,20260826_180526,True
Capacity Constraint,06/10/2026 07:52:41 AM,06/10/2026 07:52:41 AM,09/08/2026 07:52:41 AM,178964,"Huntingdon/Station 2 South Capacity for June 11, 2026",,178964,https://infopost.enbridge.com/infopost/NoticeListDetail.asp?strKey1=178964&type=CRI&Embed=2&pipe=WE,CRI,Critical,20260826_180526,True
Capacity Constraint,06/09/2026 06:12:20 PM,06/09/2026 06:12:20 PM,09/07/2026 06:12:20 PM,178963,"Huntingdon/Station 2 South Capacity June 9 ID3 and June 10, 2026 REVISED",,178963,https://infopost.enbridge.com/infopost/NoticeListDetail.asp?strKey1=178963&type=CRI&Embed=2&pipe=WE,CRI,Critical,20260826_180526,True
Capacity Constraint,06/09/2026 05:55:03 PM,06/09/2026 05:55:03 PM,09/07/2026 05:55:03 PM,178962,"Huntingdon/Station 2 South Capacity June 9 ID3 and June 10, 2026 REVISED",,178962,https://infopost.enbridge.com/infopost/NoticeListDetail.asp?strKey1=178962&type=CRI&Embed=2&pipe=WE,CRI,Critical,20260826_180526,True
Capacity Constraint,06/09/2026 07:37:11 AM,06/09/2026 07:37:11 AM,09/07/2026 07:37:11 AM,178925,"Huntingdon/Station 2 South Capacity for June 10, 2026",,178925,https://infopost.enbridge.com/infopost/NoticeListDetail.asp?strKey1=178925&type=CRI&Embed=2&pipe=WE,CRI,Critical,20260826_180526,True
Capacity Constraint,06/08/2026 07:45:08 AM,06/08/2026 07:45:08 AM,09/06/2026 07:45:08 AM,178886,"Huntingdon/Station 2 South Capacity for June 9, 2026",,178886,https://infopost.enbridge.com/infopost/NoticeListDetail.asp?strKey1=178886&type=CRI&Embed=2&pipe=WE,CRI,Critical,20260826_180526,True
Capacity Constraint,06/07/2026 01:20:44 PM,06/07/2026 01:20:44 PM,09/05/2026 01:20:44 PM,178854,"RE-ESTABLISHMENT 26"" Alberta East Capacity for June 7, 2026 ID1",,178854,https://infopost.enbridge.com/infopost/NoticeListDetail.asp?strKey1=178854&type=CRI&Embed=2&pipe=WE,CRI,Critical,20260826_180526,False
Capacity Constraint,06/05/2026 07:41:22 AM,06/05/2026 07:41:22 AM,09/03/2026 07:41:22 AM,178775,"Huntingdon/Station 2 South Capacity for June 6 - 8, 2026",,178775,https://infopost.enbridge.com/infopost/NoticeListDetail.asp?strKey1=178775&type=CRI&Embed=2&pipe=WE,CRI,Critical,20260826_180526,True
Capacity Constraint,06/04/2026 07:41:03 AM,06/04/2026 07:41:03 AM,09/02/2026 07:41:03 AM,178738,"Huntingdon/Station 2 South Capacity for June 5, 2026",,178738,https://infopost.enbridge.com/infopost/NoticeListDetail.asp?strKey1=178738&type=CRI&Embed=2&pipe=WE,CRI,Critical,20260826_180526,True
Capacity Constraint,06/03/2026 07:44:46 AM,06/03/2026 07:44:46 AM,09/01/2026 07:44:46 AM,178696,"Huntingdon/Station 2 South Capacity for June 4, 2026",,178696,https://infopost.enbridge.com/infopost/NoticeListDetail.asp?strKey1=178696&type=CRI&Embed=2&pipe=WE,CRI,Critical,20260826_180526,True
Capacity Constraint,06/02/2026 07:39:51 AM,06/02/2026 07:39:51 AM,08/31/2026 07:39:51 AM,178661,"Huntingdon/Station 2 South Capacity for June 3, 2026",,178661,https://infopost.enbridge.com/infopost/NoticeListDetail.asp?strKey1=178661&type=CRI&Embed=2&pipe=WE,CRI,Critical,20260826_180526,True
Pipeline Conditions,06/01/2026 03:48:06 PM,06/01/2026 03:58:06 PM,08/29/2026 12:00:00 AM,178659,Pipeline Operational Status for 06/01/2026,,178659,https://infopost.enbridge.com/infopost/NoticeListDetail.asp?strKey1=178659&type=CRI&Embed=2&pipe=WE,CRI,Critical,20260826_180526,False
Capacity Constraint,06/01/2026 07:44:11 AM,06/01/2026 07:44:11 AM,08/30/2026 07:44:11 AM,178612,"Huntingdon/Station 2 South Capacity for June 2, 2026",,178612,https://infopost.enbridge.com/infopost/NoticeListDetail.asp?strKey1=178612&type=CRI&Embed=2&pipe=WE,CRI,Critical,20260826_180526,True
Pipeline Conditions,06/01/2026 07:26:32 AM,06/01/2026 07:36:32 AM,08/29/2026 12:00:00 AM,178611,Pipeline Operational Status for 05/31/2026,,178611,https://infopost.enbridge.com/infopost/NoticeListDetail.asp?strKey1=178611&type=CRI&Embed=2&pipe=WE,CRI,Critical,20260826_180526,False
Pipeline Conditions,05/31/2026 03:43:06 PM,05/31/2026 03:53:06 PM,08/28/2026 12:00:00 AM,178609,Pipeline Operational Status for 05/31/2026,,178609,https://infopost.enbridge.com/infopost/NoticeListDetail.asp?strKey1=178609&type=CRI&Embed=2&pipe=WE,CRI,Critical,20260826_180526,False
Pipeline Conditions,05/31/2026 07:35:43 AM,05/31/2026 07:45:43 AM,08/28/2026 12:00:00 AM,178577,Pipeline Operational Status for 05/30/2026,,178577,https://infopost.enbridge.com/infopost/NoticeListDetail.asp?strKey1=178577&type=CRI&Embed=2&pipe=WE,CRI,Critical,20260826_180526,False
Capacity Constraint,05/30/2026 08:35:00 AM,05/30/2026 08:35:00 AM,08/28/2026 08:35:00 AM,178546,"Huntingdon/Station 2 South Capacity for May 30 ID1 - 31, 2026 REVISED",,178546,https://infopost.enbridge.com/infopost/NoticeListDetail.asp?strKey1=178546&type=CRI&Embed=2&pipe=WE,CRI,Critical,20260826_180526,True
Capacity Constraint,05/29/2026 07:49:17 AM,05/29/2026 07:49:17 AM,08/27/2026 07:49:17 AM,178505,"Huntingdon/Station 2 South Capacity for June 1, 2026",,178505,https://infopost.enbridge.com/infopost/NoticeListDetail.asp?strKey1=178505&type=CRI&Embed=2&pipe=WE,CRI,Critical,20260826_180526,True
Capacity Constraint/Maintenance,03/19/2026 10:45:29 AM,03/19/2026 10:45:29 AM,11/01/2026 10:45:29 AM,175398,Westcoast Pipeline 2026 Outage Forecast,,175398,https://infopost.enbridge.com/infopost/NoticeListDetail.asp?strKey1=175398&type=CRI&Embed=2&pipe=WE,CRI,Critical,20260826_180526,False
Capacity Constraint/Maintenance,10/30/2025 03:16:59 PM,10/30/2025 03:16:59 PM,11/01/2026 03:16:59 PM,169374,Westcoast Pipeline 2026 Outage Forecast,,169374,https://infopost.enbridge.com/infopost/NoticeListDetail.asp?strKey1=169374&type=CRI&Embed=2&pipe=WE,CRI,Critical,20260826_180526,False
