operator,rate_now,rate_year_ago,new_well_rate,new_wells,growth_pct,from_new_wells_pct,share_of_ab_pct
CANADIAN NATURAL RESOURCES LIMITED,2113.7980957880004,1737.8392121760003,457.15915047866673,564.0,21.633697811505282,21.627380183074813,15.99246489364717
TOURMALINE OIL CORP.,1610.039315208667,1699.7072231256668,436.9045220093334,133.0,-5.275491372690977,27.136264182015267,12.18115262624815
OVINTIV CANADA ULC,1018.7768292440002,560.4592388896667,297.5149290803334,100.0,81.77536537042596,29.203150340699164,7.707809326070992
PEYTO EXPLORATION & DEVELOPMENT CORP.,794.0004117633334,739.4985289593334,278.0885480416667,78.0,7.370113755425356,35.02372844166183,6.007207469799913
ARC RESOURCES LTD.,714.8333298913334,625.0090955690001,190.19084832000001,106.0,14.371668341971633,26.606320713796627,5.408249234340593
CENOVUS ENERGY INC.,704.5197894720001,712.3361097386668,121.97944582900001,279.0,-1.0972798037059084,17.31384237203856,5.33021958079229
WHITECAP RESOURCES INC.,565.8176560363335,449.72505298166675,209.91022365300003,81.0,25.81412849583884,37.098563718117845,4.280834114855939
WHITECAP PARTNERSHIP,481.85954653100003,477.20024272866675,140.8626867816667,81.0,0.9763833680576095,29.233142270556716,3.6456281689917063
BIRCHCLIFF ENERGY LTD.,463.5733594396667,425.85196263466673,138.046928035,29.0,8.857866140060677,29.778874308450543,3.507279475386798
TAQA NORTH LTD.,386.38731452200005,362.08303168800006,95.65798733100002,31.0,6.712350678432921,24.757020672207773,2.9233092674066983
VERMILION ENERGY INC.,345.8546321656667,361.3652015526667,97.48540534033334,37.0,-4.292214446868758,28.18681500082878,2.6166491843454707
ADVANTAGE ENERGY LTD.,300.653111038,414.88604199066674,112.58467618800002,29.0,-27.533568110550345,37.44670254676669,2.274665841085727
SPARTAN DELTA CORP.,223.38725489833337,177.7538349896667,75.38887983466667,37.0,25.672256191445577,33.74806672340246,1.6900918014679238
EMBER RESOURCES INC.,220.92523173000004,213.9771822206667,0.5889314803333334,12.0,3.2470983294695888,0.2665750198479302,1.6714647532340483
PARAMOUNT RESOURCES LTD.,202.7969013476667,119.16592368000002,101.912926995,33.0,70.18027896317369,50.25369042512373,1.5343103637975184
CANLIN RESOURCES PARTNERSHIP,194.50336176833335,184.34026197100002,0.0,0.0,5.513228466026687,0.0,1.4715635286902051
KELT EXPLORATION LTD.,180.03740120733335,134.16701966166667,51.18606790533334,29.0,34.189014305706046,28.43079691335181,1.3621177084457539
KIWETINOHK ENERGY CORP.,123.35954430500001,125.67030284166668,41.72784952000001,11.0,-1.8387466922698659,33.826202711020144,0.9333072943556509
CAVVY PRODUCTION LTD.,107.51925333566668,169.10043861733337,0.5625631710000001,1.0,-36.41692817901089,0.523220868399934,0.8134636358070879
PINE CLIFF ENERGY LTD.,104.95163921433334,109.61553392766668,4.671193084666666,4.0,-4.254775346358263,4.4508052657730355,0.794037712972888
IPC CANADA LTD.,99.74566385600001,113.44647258366668,0.19658516333333337,35.0,-12.076892666329787,0.19708642534791068,0.7546506124161998
LYNX ENERGY ULC,93.01409345766668,91.97101493533334,0.009770400333333333,3.0,1.1341383185416998,0.010504214974454508,0.7037212433865964
SINOPEC CANADA ENERGY LTD.,85.96316045566668,48.73357970600001,14.277733210000001,6.0,76.39410232998547,16.609130160312542,0.6503756571990438
BAYTEX ENERGY LTD.,84.20389981733335,64.14879940300001,20.020609724000003,79.0,31.263407267128727,23.77634499997204,0.6370655335626457
TAMARACK VALLEY ENERGY LTD.,84.12032169400001,85.38341079733334,18.57141215166667,101.0,-1.4793144142852377,22.07720058325847,0.6364332024966141
LOGAN ENERGY CORP.,73.87964727233334,48.96241896200001,26.33605524066667,17.0,50.89051733671845,35.647240089800846,0.5589548347650347
PETROCHINA DUVERNAY GAS PARTNERSHIP,66.62612560800001,49.24317082700001,22.62695229966667,10.0,35.30023450778466,33.961080721989,0.5040765136977069
OBSIDIAN ENERGY LTD.,61.29807910333334,57.35825345566668,9.072110998666668,44.0,6.868803372319965,14.799992318475985,0.4637658535417585
HWN ENERGY LTD.,58.69197195900001,74.80442154966667,27.31745075366667,10.0,-21.539434777887756,46.5437603165721,0.44404870217433007
PETRUS RESOURCES CORP.,57.50857636200001,44.93242311366667,14.08644525166667,15.0,27.989038598072312,24.4945121976182,0.43509542864360334
BONTERRA ENERGY CORP.,56.46290809500001,51.220440880000005,16.337639661,14.0,10.23510755653614,28.935172154986393,0.42718416546112603
INPLAY OIL CORP.,50.660938316333336,54.57498423300001,7.029979613333334,13.0,-7.171868158415251,13.876528637186404,0.38328792097863756
ORLEN UPSTREAM CANADA LTD.,49.54817211933334,47.523698084,8.748392915333335,7.0,4.259925294018574,17.656338349401544,0.3748690117290644
ARCHER EXPLORATION CORP.,45.420589983333336,39.42874483433334,21.986343641666668,18.0,15.196641876823037,48.40611636646365,0.34364076313845465
GRAN TIERRA CANADA LTD.,44.85720280266667,56.26632293166667,0.0,0.0,-20.276996140046233,0.0,0.33937831738912033
BARREL OIL CORP.,44.68286590033334,18.885595266000003,10.906003369666667,10.0,136.59760399915228,24.40757357415901,0.33805932822180645
MANCAL ENERGY INC.,44.536780758000006,48.39973807533334,5.490611840333334,6.0,-7.981359963809531,12.32826384593833,0.33695408476695404
SPUR PETROLEUM LTD.,43.37469169666667,37.50786058566667,11.585458197666668,155.0,15.641604238131258,26.710179933237438,0.32816201112770865
YANGARRA RESOURCES CORP.,41.21343205666667,46.90015819766667,5.93993254,14.0,-12.125174753212075,14.412613178715262,0.31181046412441193
CYGNET ENERGY LTD.,40.97293894966667,28.82538844366667,23.181157658333337,13.0,42.14184495636513,56.57675102781936,0.30999095374708435
STRATHCONA RESOURCES LTD.,37.85759383133334,281.47793523200005,8.287065217666669,24.0,-86.55042222043787,21.89010018594412,0.2864210359125393
INSIGNIA ENERGY LTD.,37.32893277233334,33.06927365833334,10.785109380000002,6.0,12.881018065319939,28.89209141278606,0.2824213192681055
JOURNEY ENERGY INC.,37.22004578066667,41.126793326000005,0.0,0.0,-9.49927584765895,0.0,0.28159750766799385
ACERTA OPERATING CORPORATION,37.029817263333335,0.0,3.5820877366666672,4.0,,9.673522586387769,0.2801582865374204
IMPERIAL OIL RESOURCES LIMITED,36.30504190366667,37.695263927000006,0.6446109906666667,36.0,-3.6880548867508023,1.7755412385340434,0.27467481840565044
STORM DEVELOPMENT CORP.,35.76166638633334,21.751030024000006,21.311950587333335,4.0,64.41366844178896,59.59440020803365,0.27056377586930963
ASPENLEAF ENERGY LIMITED,35.57249731,36.047597740666674,8.978291612333335,26.0,-1.3179808376819868,25.239418908633642,0.2691325702029535
SATURN OIL & GAS INC.,31.402537534000004,31.724843029333336,1.7257116733333335,13.0,-1.01594039420565,5.495452943778442,0.23758370304365167
LOYAL ENERGY (CANADA) OPERATING LTD.,30.492713146333337,30.54132971666667,4.579374864666668,3.0,-0.15918288687608584,15.017931801248471,0.2307002004952595
BTG ENERGY CORP.,27.139700097000002,27.14370242966667,0.3812810443333334,4.0,-0.014744976950142874,1.404883042077093,0.20533214685463297
OUTLIER RESOURCES LTD.,26.599738334000005,29.57052861366667,1.3582033620000002,4.0,-10.046456451555109,5.10607790552561,0.2012469319252146
TEINE ENERGY LTD.,26.565836222000005,18.68477233866667,14.079382311666668,24.0,42.17907363540145,52.99807690603425,0.2009904370702609
ROCKPOINT GAS STORAGE CANADA LTD.,25.773727501000003,0.0017657350000000003,0.0,0.0,1459560.0,0.0,0.19499754165712455
KARVE ENERGY INC.,24.108168533333338,18.27971272966667,3.2654325933333337,41.0,31.884832600282053,13.544921874999998,0.1823963413003901
RICOCHET OIL CORP.,22.680866075000004,19.345628091333335,8.156165396333334,24.0,17.240267247569108,35.96055533930193,0.1715977297854134
HARVEST OPERATIONS CORP.,22.028132703333334,37.23169963166667,0.08828675,4.0,-40.83500640245349,0.4007908940308876,0.16665931322041988
PARALLAX ENERGY OPERATING INC.,21.22354612166667,19.672289066333335,6.390548112000001,28.0,7.885493396841747,30.110651987021274,0.16057201345094643
CALEDONIAN MIDSTREAM CORPORATION,20.96327678266667,23.06026366866667,0.0,0.0,-9.093507845919813,0.0,0.15860288107489587
CARDINAL ENERGY LTD.,19.41084257066667,21.009421324,0.6134163390000001,12.0,-7.60886617808556,3.160173685231904,0.1468575541751422
ENHANCE ENERGY INC.,19.17176205166667,20.326435026000002,0.4613276976666667,1.0,-5.6806467678978905,2.406287415958002,0.14504873108343766
NORTH 40 RESOURCES LTD.,17.857584349000003,20.539618098333335,3.2920363340000005,13.0,-13.057855976158406,18.43494769315957,0.1351059930254418
LONG TERM ASSET MANAGEMENT INC.,17.009678402000002,16.377074409333336,0.005650352,1.0,3.8627411517782706,0.03321845285055848,0.12869094983019416
MURPHY OIL COMPANY LTD.,16.721981312666667,14.178852050000001,5.959944203333334,8.0,17.936073059360712,35.64137581483099,0.12651430599162897
ARTIS EXPLORATION LTD.,16.502206163000004,15.988965856333335,6.259059712333334,22.0,3.2099656180288205,37.928623909492316,0.12485154247010638
BACCALIEU ENERGY INC.,16.006270059333335,15.02722885966667,3.8892079110000006,6.0,6.5151147214802085,24.298027564093136,0.12109941460927363
SURGE ENERGY INC.,15.874310797000001,17.61367748766667,3.0070467050000005,28.0,-9.875091058551499,18.94284887989144,0.12010104401065187
PEYTO CANADA CORP.,14.931643738333335,19.615785546333335,0.0,0.0,-23.879450542196512,0.0,0.11296906207152334
PERSIST OIL AND GAS INC.,13.867729543000001,16.254296969000002,2.8068123560000005,5.0,-14.682686249375365,20.23988387786804,0.10491975478308133
HEADWATER EXPLORATION INC.,12.920000710666669,15.158834975000001,3.2012775550000003,49.0,-14.769171034750528,24.777688691278836,0.09774947673713678
RUBELLITE ENERGY INC.,12.913055486333334,9.785467938666669,1.7348934953333335,45.0,31.961553267250498,13.435189658787387,0.09769693091615668
HIGHWOOD ASSET MANAGEMENT LTD.,12.774033284000001,15.614394605000001,2.4906280753333334,5.0,-18.190659278525377,19.49758560949537,0.09664512388941958
ASTARA ENERGY CORP.,12.150493397666668,18.568351544333336,1.2451963220000002,10.0,-34.56342439092425,10.24811323496643,0.09192757789396955
ENTRADA RESOURCES INC.,11.952966509000001,12.487631067,1.6117629080000002,5.0,-4.281553123497628,13.48420834933672,0.09043313912101031
ATCO NEXT ENERGY LTD.,11.851966467,7.173239579666667,0.0,0.0,65.22474030556147,0.0,0.0896689981989608
PRAIRIE THUNDER RESOURCES LTD.,11.506824132333335,8.034918259666668,7.446222210666668,10.0,43.210220197195895,64.71135845157593,0.08705773807839079
CONIFER ENERGY INC.,10.502709495666668,11.743668053666669,0.0016480193333333335,1.0,-10.56704389402885,0.01569137310722812,0.07946085921465872
ENERCAPITA ENERGY LTD.,10.463745610000002,6.699434021333334,0.9405481766666667,8.0,56.18850154624684,8.988637642029474,0.07916606825288904
TIDEWATER MIDSTREAM AND INFRASTRUCTURE LTD.,9.670577448000001,8.562284446333335,0.0,0.0,12.943893754210368,0.0,0.07316515737553539
CONNACHER OIL AND GAS LIMITED,9.415369882666667,8.478941754333334,2.4224707043333336,11.0,11.04416276777409,25.72889577915583,0.07123432110630078
CONOCOPHILLIPS CANADA RESOURCES CORP.,9.302951421000001,7.823147775333334,1.909583544666667,25.0,18.915706160281687,20.526642118715916,0.07038379129213149
SPROCKET ENERGY CORPORATION,9.169108708000001,9.867633474000002,0.0,0.0,-7.078949252022049,0.0,0.06937117097934563
TENAZ ENERGY CORP.,9.056337099333334,7.662936753000001,1.5185321,3.0,18.18363365439266,16.767618998102268,0.06851796934377055
SPOKE RESOURCES LTD.,8.717904557666667,15.581081071333335,0.007533802666666668,3.0,-44.04814070503619,0.08641758597874669,0.0659574738299101
"MEDICINE HAT, CITY OF",8.678352093666668,10.304358597333335,0.0,0.0,-15.77979345640651,0.0,0.06565822983246415
JX ENERGY LTD.,8.599129450000001,1.1699760110000001,0.0,0.0,634.9833987322668,0.0,0.06505885123043699
N7 ENERGY LTD.,8.480001195333335,11.475276333666669,0.12160028366666668,1.0,-26.10198701312023,1.4339654071462282,0.06415755680955812
VANTAGE POINT RESOURCES INC.,8.351808834333335,8.543096792666667,0.015773899333333334,1.0,-2.2390938903739444,0.18886806015588659,0.06318768563926454
CALTEX TRILOGY INC.,7.651753764666668,5.3156863596666675,2.0023434900000003,56.0,43.94667493411875,26.16842558690502,0.05789124500589823
BEARSPAW PETROLEUM LTD.,7.412437814333335,3.566196121666667,0.22071687500000003,8.0,107.85278098696156,2.9776556718385234,0.056080640699923155
SUNCOR ENERGY INC.,7.280478552000001,7.9844182386666676,0.8706250706666667,49.0,-8.816417998466708,11.958349502004914,0.0550822701013014
WESTERN BASIN ENERGY CORPORATION,6.995018060333334,0.0,1.8733271193333336,9.0,,26.78087609174899,0.05292254779830605
LOTUS CREEK EXPLORATION INC.,6.891899136333334,1.620709298666667,5.322984731000001,8.0,325.2396862289367,77.23538353801219,0.05214237594782197
PRAIRIE PROVIDENT RESOURCES CANADA LTD.,6.6641193213333345,7.333803749000001,0.17068771666666668,3.0,-9.131474615174717,2.5612944252102023,0.05041905114110197
BIGHORN ENERGY CORPORATION,5.925453513000001,6.082133065333334,0.0,0.0,-2.576062553224434,0.0,0.04483049136737176
WOLF LAKE EXPLORATION LTD.,5.763829902666667,8.948980411333334,0.0,0.0,-35.59232853647628,0.0,0.043607687770665524
ATHABASCA OIL CORPORATION,5.543113027666667,5.306151390666668,1.6891021010000002,6.0,4.4657911083503254,30.472084775637626,0.04193779939206088
HIGHVALE ENERGY LIMITED,5.148765544333334,5.013627959000001,0.13607931066666668,1.0,2.695405132539741,2.6429502274857675,0.038954265488953914
SPARK INFRASTRUCTURE CORP.,5.027165260666667,5.655178342333334,0.04473195333333334,1.0,-11.10509772902314,0.8898047112817871,0.038034268318234664
FIDDLEHEAD RESOURCES CORP.,4.9818447290000005,0.0,0.0,0.0,,0.0,0.037691384571161175
RANAHAN RESOURCES LIMITED,4.964187379,6.8430471346666675,0.020364810333333334,2.0,-27.456478359595405,0.4102345213535368,0.0375577935008728
WEST LAKE ENERGY CORP.,4.876018344666667,6.0195083306666675,0.2946423136666667,12.0,-18.996401752190238,6.042682632417557,0.0368907287565662
ALLIED ENERGY II CORP.,4.7771371846666675,5.2701303966666675,1.1292463903333334,1.0,-9.354478445387537,23.638558967029716,0.03614261876295132
ROK RESOURCES INC.,4.692146473333334,5.634107238,0.0,0.0,-16.718900171325902,0.0,0.03549960041129662
BATTLE RIVER ENERGY LTD.,4.623047377000001,7.012793126000001,0.0,0.0,-34.07694631886393,0.0,0.03497681402290146
HITIC ENERGY LTD.,4.573724512666667,4.096976062666667,2.634594335666667,4.0,11.636593495000568,57.60282081638957,0.034603649633229275
SUN CENTURY PETROLEUM CORPORATION,4.538998391000001,6.005147019333334,0.0,0.0,-24.414866507233302,0.0,0.034340920528328815
SHELL CANADA ENERGY,3.8661356403333342,4.563130102666667,0.0,0.0,-15.274481477659673,0.0,0.0292502101432066
SHACKLETON EXPLORATION LTD.,3.7790260470000003,3.6744945350000005,0.6972298936666668,4.0,2.844786160499746,18.449989097592127,0.028591160863117297
DEL CANADA GP LTD.,3.585266059666667,2.252489281666667,0.06674478300000002,2.0,59.16906192840343,1.8616410020684901,0.02712522151848623
ISH ENERGY LTD.,3.520522443000001,5.208682818666667,0.19317140900000002,9.0,-32.41050442957874,5.487009730163505,0.02663538759409554
SIGNALTA RESOURCES LIMITED,3.4782625186666674,3.152425553333334,0.0,0.0,10.336071695295,0.0,0.026315659632538704
NEW WEST DATA ACQUISITION CORP.,3.429645948333334,0.0,0.0,0.0,,0.0,0.025947838885678053
ENDRUM ENERGY CORP.,3.338063159666667,3.934528442666667,0.0,0.0,-15.159765438008622,0.0,0.025254946534449027
SAND HILLS DIV CORP LTD.,3.212342827666667,1.0375458860000002,0.08145924133333335,1.0,209.60971182210116,2.535820293891312,0.02430377811399582
CNOOC PETROLEUM NORTH AMERICA ULC,3.1878579690000004,4.646943657333334,0.06544991066666667,4.0,-31.39882460229,2.053099959381116,0.024118531829862615
GREENFIRE RESOURCES OPERATING CORPORATION,3.182560764,3.407633118666667,0.055208647666666666,4.0,-6.604946801160705,1.734724071608226,0.024078454508776104
BORNITE ENERGY LTD.,2.897688850666667,2.877912618666667,0.0,0.0,0.6871727748691159,0.0,0.021923185241457043
AXIOM OIL AND GAS INC.,2.8887424600000005,4.266251191333334,0.0,0.0,-32.2885050493902,0.0,0.0218554990991776
"WEIL GROUP CANADA, LTD.",2.499339034666667,0.045085100333333336,0.0,0.0,5443.6031331592685,0.0,0.01890937069575138
RISING TIDE ENERGY LTD.,2.480151381,4.147358368000001,0.0,0.0,-40.19925068119892,0.0,0.01876420173270468
GRASSLAND ENERGY CORP.,2.2423657343333336,3.8435342323333335,0.4390794366666667,1.0,-41.65875470889099,19.581080371673053,0.016965175319487942
SUMERIAN OIL & GAS INC.,2.2188226010000003,0.8832206470000001,0.0,0.0,151.21951219512195,0.0,0.01678705389243678
"BARNWELL OF CANADA, LIMITED",2.1943377423333335,1.8579063670000002,0.0,0.0,18.108090983970083,0.0,0.01660180760830357
CANSTONE ENERGY LTD.,2.1571395916666667,2.3144077223333337,0.0,0.0,-6.795178271705415,0.0,0.01632037575356273
NEW TIMES ENERGY CANADA GP 3 LTD.,2.1549029940000004,2.8960408313333335,0.0,0.0,-25.591415332086807,0.0,0.016303454217992876
TUKTU RESOURCES LTD.,2.0234145943333335,2.401164168666667,0.0,0.0,-15.731934503382682,0.0,0.015308646047912133
NEW NORTH RESOURCES LTD.,1.9981057260000004,0.9497299986666667,0.0,0.0,110.38671294000993,0.0,0.015117165513832135
LYCOS ENERGY INC.,1.949489155666667,3.7267602910000006,0.0,0.0,-47.68944060140876,0.0,0.014749344766971486
SHARPTAIL ENERGY INC.,1.9034623300000002,1.9292420610000003,0.03872845433333334,5.0,-1.336262127036436,2.034632034632035,0.014401117377086462
NPS INDUSTRIAL POWER CORP.,1.8447222123333336,0.06238930333333334,0.03743358200000001,1.0,2856.7924528301887,2.0292259587773596,0.013956704416593814
SIFTON PETROLEUM INC.,1.8281243033333334,1.2144725330000001,0.676629652,3.0,50.52825433750121,37.01223438506117,0.013831128810522742
THOR RESOURCES INC.,1.7217093406666668,2.490628075333334,0.0,0.0,-30.87248322147652,0.0,0.01302601996025149
CLEAR NORTH ENERGY CORP.,1.6562594300000002,1.375978427666667,0.7684478720000001,16.0,20.369578235948318,46.39658848614073,0.01253084239304926
G2B DEVELOPMENT CORPORATION,1.633658022,0.0,1.633658022,4.0,,100.0,0.012359845823080143
ALCHEMY ENERGY LTD,1.6281253856666669,0.4450829356666667,1.4154131760000002,4.0,265.80269769902145,86.93514568722435,0.012317987287723122
GOOSE CREEK RESOURCES LTD.,1.4282441836666668,1.4150600290000002,0.2723940526666667,5.0,0.9317028533399885,19.071952526168303,0.010805736372058753
JAYHAWK RESOURCES LTD.,1.4092919613333335,1.4225938316666669,0.0,0.0,-0.9350434422838227,0.0,0.010662348623282568
RUSH RESOURCES LTD.,1.2633245346666666,0.07310142900000001,0.599643606,2.0,1628.1803542673106,47.46552366753634,0.009557995775565362
WEST 5 RESOURCES INC.,1.2593222020000003,0.8283651463333335,0.0,0.0,52.025010657950844,0.0,0.009527715132966666
NEW TIMES ENERGY CANADA GP 2 LTD.,1.2532009873333334,1.6692081533333336,0.0,0.0,-24.922425952045145,0.0,0.009481403561933364
HEMISPHERE ENERGY CORPORATION,1.2189457283333334,0.8959339390000001,0.41636031300000004,7.0,36.05308106687688,34.15741187831966,0.009222236885573921
SUCCESS RESOURCES LTD.,1.2147079643333336,1.003761489666667,0.0027074603333333337,1.0,21.01559751377975,0.22288981490454501,0.009190175028704714
RESOURCEFUL PETROLEUM CANADA LIMITED,1.2052907110000002,1.1407825256666668,0.0,0.0,5.654731193891238,0.0,0.009118926457884249
CLAMPETT ENERGY LTD.,1.1997580746666667,0.023307702,0.0,0.0,5047.474747474748,0.0,0.009077067922527224
POINT BAR RESOURCES INC.,1.0621484603333335,0.9606775556666668,0.01989394766666667,5.0,10.562431074623223,1.8729912445971404,0.008035948181413182
ALTAIR ENERGY LTD.,1.054143795,1.3948129343333335,0.0,0.0,-24.42400202548739,0.0,0.007975386896215787
GMT EXPLORATION ZAMA INC.,1.0527312070000001,0.9039386043333335,0.6500259113333334,1.0,16.46047662456047,61.74661746617467,0.007964699610592717
TEXCAL ENERGY CANADA INC.,1.041548218666667,2.1404239670000003,0.0,0.0,-51.33916295440796,0.0,0.007880091932743416
TAIGA ENERGY CORP.,1.0274223386666668,1.1316007036666669,0.0,0.0,-9.20628315822325,0.0,0.007773219076512718
SILVERLEAF RESOURCES INC.,1.0261274663333335,1.0528489226666669,0.0,0.0,-2.5380143112701203,0.0,0.0077634223980249046
TMAX ENERGY LTD.,1.0250680253333333,1.7281837023333337,0.0,0.0,-40.6852394251073,0.0,0.007755406933807601
HARD ROCK RESOURCES LTD.,0.9458453816666667,0.8902835870000001,0.0,0.0,6.240909691921193,0.0,0.00715602833178044
SOGAR RESOURCES LTD.,0.9426670586666668,0.9243034146666668,0.0,0.0,1.9867549668874274,0.0,0.007131981939128534
CORSE ENERGY CORP.,0.9311309233333335,1.2088221810000002,0.0,0.0,-22.972051806407634,0.0,0.007044702439873465
PETROCHINA CANADA LTD.,0.8875761266666667,0.6160060836666668,0.0,0.0,44.085610548442574,0.0,0.006715177799828814
TOP OIL PRODUCTION LTD.,0.7808080170000001,1.0483757273333334,0.0,0.0,-25.522119919155617,0.0,0.005907397128151795
G. HERMAN GROUP INC.,0.7365469263333335,0.7683301563333333,0.0,0.0,-4.136663091772618,0.0,0.00557252884529561
LONGSHORE RESOURCES LTD.,0.7190072920000001,0.7829268990000001,0.10311892400000001,9.0,-8.164185836716275,14.341846758349705,0.005439828382142494
ROCKEAST ENERGY CORP.,0.7118266363333334,0.5510270356666668,0.2685094356666667,3.0,29.181798760948507,37.72118405821068,0.005385501346891889
SUPREME ENERGY INC.,0.6646226540000001,0.5567951033333335,0.0,0.0,19.365750528541213,0.0,0.005028367885654309
WESTGATE ENERGY OPERATIONS LTD.,0.6507322053333334,0.6646226540000001,0.002589744666666667,6.0,-2.0899752036840247,0.3979739507959479,0.004923276243694123
LOGIC ENERGY LTD.,0.6110620256666668,0.654028244,0.008475528000000001,1.0,-6.569474442044621,1.3870159892120977,0.004623141639112915
ACQUISITION OIL CORP.,0.5784547860000001,0.37504211400000004,0.0012948723333333335,1.0,54.23728813559323,0.22385022385022382,0.004376443462647055
ULYSSES ENERGY CORP.,0.5746878846666668,0.351734412,0.32348265200000004,6.0,63.386880856760406,56.28840639082343,0.004347944034318869
MARS ENERGY RESOURCES MANAGEMENT LTD.,0.55444079,0.0,0.55444079,1.0,,100.0,0.004194759607054869
BROTHERIN ENERGY LTD.,0.5454943993333334,0.39411205200000005,0.00047086266666666676,1.0,38.41099163679811,0.08631851532153648,0.004127073464775428
WARWICK GAS STORAGE LTD.,0.5400794786666667,0.49016803600000003,0.07098254700000001,1.0,10.182516810758901,13.142981691368789,0.0040861055365536605
RESPONSE ENERGY CORPORATION,0.5317216663333334,0.3876376903333334,0.00011771566666666669,1.0,37.16975402368661,0.022138587558113796,0.004022872429950497
OUTPOST ENERGY LTD.,0.5157123356666667,0.6273067876666667,0.0,0.0,-17.789453931319187,0.0,0.003901749859555708
GEX RESOURCES LTD.,0.512416297,0.49534752533333337,0.0,0.0,3.445817490494285,0.0,0.003876812859768545
REVOLUTION OIL & GAS CORPORATION,0.5064127980000002,1.0019957546666667,0.0,0.0,-49.4595864661654,0.0,0.0038313918958704993
WOODSMAN ENERGY CORP.,0.4928754963333334,0.630014248,0.0034137543333333333,1.0,-21.76756352765321,0.6926200143300693,0.0037289720753160803
WOODCOTE INC.,0.47886733200000003,0.0,0.18657933166666668,7.0,,38.962635201573256,0.0036229898262206384
FLYWHEEL RESOURCES CORP.,0.4495561310000001,0.3469080696666667,0.06427275400000002,5.0,29.589412962334592,14.29693637077769,0.003401228649541942
ERDOL RESOURCES CORP.,0.44390577900000006,0.4504978563333334,0.0,0.0,-1.4632871701071304,0.0,0.0033584795070496633
LUCKY STRIKE RESOURCES LTD.,0.4397857306666667,0.0,0.016127046333333336,2.0,,3.6670235546038543,0.0033273082573157097
VITAL ENERGY INC.,0.429779899,0.4690969316666667,0.12736835133333335,4.0,-8.381430363864496,29.635716242125447,0.0032516066508189653
LONGRIDGE ENERGY LTD.,0.40376473666666673,0.4225992433333334,0.0,0.0,-4.456824512534807,0.0,0.0030547824739274314
POTTS PETROLEUM INC.,0.3571493326666667,0.3862251023333334,0.0,0.0,-7.5281926241999475,0.0,0.0027021020483661306
LINEUP RESOURCES CORP.,0.34502461900000003,0.22942783433333336,0.14914574966666666,8.0,50.38481272447408,43.227567383145676,0.002610369513434782
RALLY CANADA RESOURCES LTD.,0.3377262476666667,0.47839646933333335,0.005768067666666668,1.0,-29.404527559055115,1.7079121645172537,0.0025551518710489217
EAGLE ENERGY INC.,0.33372391500000004,0.5264244613333333,0.0,0.0,-36.60554561717352,0.0,0.002524871228450224
AYIK ENERGY CORP.,0.2988800776666667,0.22036372800000004,0.05273661866666667,8.0,35.63034188034187,17.644742024419063,0.0022612515164145038
COBALT ENERGY INC.,0.29028683400000005,0.29228800033333335,0.0,0.0,-0.6846556584776398,0.0,0.00219623719554083
WESCAN ENERGY CORP.,0.2767495323333333,0.17304203,0.06486133233333334,1.0,59.93197278911564,23.43683538919609,0.0020938173749864113
TUSCANY PETROLEUM LTD.,0.2675677103333334,0.0,0.0,0.0,,0.0,0.0020243500184364584
TYKEWEST LIMITED,0.2628590836666667,0.02165968266666667,0.0,0.0,1113.5869565217392,0.0,0.001988725733026226
DECCAN ENERGY LTD.,0.26026933900000004,0.02413171166666667,0.0,0.0,978.5365853658536,0.0,0.0019691323760505984
HESC ENERGY CORPORATION,0.2572087316666667,0.3869313963333334,0.0,0.0,-33.52601156069365,0.0,0.0019459765905339467
BITSTONE RESOURCES INC.,0.24496630233333336,0.4585025216666668,0.0,0.0,-46.57252888318357,0.0,0.0018533534484673425
BENCH CREEK RESOURCES LTD.,0.24202341066666666,0.6674478300000001,0.0,0.0,-63.73897707231041,0.0,0.0018310882700859471
FIVE POINT ENERGY INC.,0.23766793100000003,0.2702751706666667,0.0,0.0,-12.064459930313587,0.0,0.0017981358060814823
HIS MAJESTY THE KING IN RIGHT OF CANADA AS REPRESENTED HEREIN BY THE MINISTER OF NATIONAL DEFENCE,0.23437189233333336,0.16621452133333336,0.0,0.0,41.005665722379604,0.0,0.0017731988062943196
BORRADAILE OIL LTD.,0.2321352946666667,0.12477860666666668,0.0,0.0,86.03773584905663,0.0,0.0017562772707244594
NORTH FORK RESOURCES LTD.,0.22813296200000002,0.0,0.0,0.0,,0.0,0.0017259966281257617
NOVUS ENERGY INC.,0.226367227,0.2985269306666667,0.0,0.0,-24.171924290220826,0.0,0.0017126375210969244
DWL RESOURCES LTD.,0.22519007033333335,0.2995863716666667,0.04920514866666667,1.0,-24.833005893909622,21.850496602195506,0.001703731449744366
BRW PETROLEUM CORP.,0.21965743400000004,0.08699187766666668,0.07945807500000002,1.0,152.50338294993236,36.17363344051447,0.0016618729143873432
ZYZYGY RESOURCES LTD.,0.2188334243333334,0.25779731000000006,0.0,0.0,-15.114155251141547,0.0,0.0016556386644405528
RKSMITH ENERGY CORP.,0.21530195433333335,0.000706294,0.0,0.0,30383.333333333336,0.0,0.001628920450382878
NEW WEST DATA CORP.,0.20670871066666668,0.4321342123333334,0.0,0.0,-52.16562244619995,0.0,0.001563906129509204
ENER T CORPORATION,0.20670871066666668,0.16727396233333333,0.0,0.0,23.57494722026743,0.0,0.001563906129509204
OK RADIO GROUP LTD.,0.20223551533333337,0.1788100976666667,0.0,0.0,13.100724160631994,0.0,0.0015300630583694832
RESONANCE ENERGY LTD.,0.19870404533333336,0.4153008720000001,0.0,0.0,-52.15419501133787,0.0,0.0015033448443118088
SUTTON ENERGY LTD.,0.18975765466666672,0.08816903433333335,0.0,0.0,115.22029372496662,0.0,0.0014356587020323674
NUOVA STRADA VENTURES LTD.,0.18916907633333335,0.2402576756666667,0.0,0.0,-21.264086232239098,0.0,0.0014312056663560882
ISLANDER OIL & GAS INC.,0.18469588100000003,0.2907576966666667,0.01671562466666667,6.0,-36.47773279352226,9.050350541746337,0.0013973625952163674
C GROUP ENERGY INC.,0.18363644,0.1597401596666667,0.00023543133333333338,1.0,14.95946941783346,0.12820512820512822,0.001389347130999065
COASTAL RESOURCES LIMITED,0.18340100866666667,0.05815153933333334,0.0,0.0,215.38461538461533,0.0,0.0013875659167285534
RIBBON CREEK RESOURCES INC.,0.183283293,0.17057000100000003,0.0,0.0,7.453416149068315,0.0,0.0013866753095932976
840586 ALBERTA LTD.,0.18316557733333336,0.16703853100000002,0.0,0.0,9.654686398872458,0.0,0.0013857847024580418
FIRE CREEK RESOURCES LTD.,0.18057583266666669,0.07569117366666668,0.0,0.0,138.5692068429238,0.0,0.001366191345482414
RELENTLESS RESOURCES LTD.,0.1781038036666667,0.1749254806666667,0.0,0.0,1.816958277254388,0.0,0.0013474885956420422
RED ANGUS ENERGY INC.,0.1745723336666667,0.14738001466666667,0.0,0.0,18.450479233226847,0.0,0.0013207703815843676
RAMPART OIL INC.,0.16915741300000003,0.2339010296666667,0.0,0.0,-27.67991947659788,0.0,0.0012798024533626003
KEYERA ENERGY LTD.,0.16480193333333337,0.1579744246666667,0.0,0.0,4.32190760059612,0.0,0.0012468499893581355
KAISER EXPLORATION LTD.,0.16444878633333335,0.14490798566666668,0.0,0.0,13.484971567831039,0.0,0.001244178167952368
DECKLAND INC.,0.15173549433333336,0.2550898496666667,0.0,0.0,-40.516843562528834,0.0,0.0011479925973447403
2363750 ALBERTA LTD.,0.1487926026666667,0.12089398966666667,0.028251760000000004,1.0,23.076923076923084,18.987341772151897,0.0011257274189633451
LONE TREE RESOURCES INC.,0.147968593,0.26780314166666674,0.0,0.0,-44.747252747252766,0.0,0.0011194931690165543
LEDGEND ROYALTY TRUST LTD.,0.147262299,0.145143417,0.0,0.0,1.4598540145985606,0.0,0.0011141495262050195
BAY OIL AND GAS LTD.,0.14584971100000002,0.3575024796666667,0.0,0.0,-59.2031610141587,0.0,0.00110346224058195
SHANPET RESOURCES LTD.,0.14196509400000001,0.1385513396666667,0.016244762000000003,1.0,2.463891248937977,11.442786069651742,0.001074072205118508
NORTHRIVER MIDSTREAM INC.,0.139493065,0.0,0.0,0.0,,0.0,0.001055369455278136
COURSER ENERGY LTD.,0.13725646733333335,0.07769234000000001,0.0,0.0,76.66666666666666,0.0,0.0010384479197082755
CROVERRO ENERGY LTD.,0.13549073233333336,0.21506652300000004,0.0,0.0,-37.000547345374926,0.0,0.0010250888126794385
WHITE TUNDRA PETROLEUM LTD.,0.12889865500000003,0.13607931066666668,0.0,0.0,-5.276816608996526,0.0,0.000975214813105113
EP RESOURCES CORPORATION,0.12701520433333335,0.144083976,0.002589744666666667,2.0,-11.846405228758162,2.0389249304911954,0.0009609650989410201
ECLIPSE RESOURCES LTD.,0.12501403800000002,0.4330759376666667,0.05956412733333334,2.0,-71.13346017939656,47.64595103578154,0.0009458247776416713
KINMERC OIL & GAS INC.,0.12442545966666668,0.14620285800000002,0.0,0.0,-14.895330112721417,0.0,0.0009413717419653921
RIDGELINE EXPLORATION INC.,0.12313058733333335,0.009534969,0.11465505933333335,1.0,1191.358024691358,93.11663479923519,0.0009315750634775783
MARLIN RESOURCES LTD.,0.11971683300000002,0.4553241986666667,0.0,0.0,-73.70734229576009,0.0,0.0009057474565551598
DARK WARRIOR RESOURCES LTD.,0.117597951,0.17916324466666667,0.0,0.0,-34.36268068331143,0.0,0.0008897165281205551
PERTHRO (CANADA) INC.,0.11606764733333336,0.0,0.00011771566666666669,1.0,,0.10141987829614604,0.0008781386353622297
ZNX ENERGY LTD.,0.11230074600000002,0.11712708833333335,0.0,0.0,-4.120603015075375,0.0,0.0008496392070340437
BEAR HILLS INDUSTRIES LTD.,0.11206531466666668,0.09134735733333334,0.0,0.0,22.68041237113403,0.0,0.000847857992763532
REX ENERGY LTD.,0.11018186400000002,0.143024535,0.0,0.0,-22.96296296296295,0.0,0.0008336082785994391
979968 ALBERTA LTD.,0.10441379633333335,0.11583221600000003,0.0,0.0,-9.857723577235777,0.0,0.0007899685289719043
MATO INC.,0.09982288533333336,0.10394293366666668,0.0,0.0,-3.9637599093997555,0.0,0.0007552348506969277
HYDRO VAULT ENERGY LTD.,0.0961736996666667,0.14290681933333332,0.0,0.0,-32.70181219110376,0.0,0.0007276260295039978
PULSE OIL OPERATING CORP.,0.094996543,0.2663905536666667,0.0,0.0,-64.33937251436147,0.0,0.0007187199581514393
GRIZZLY RESOURCES LTD.,0.09381938633333334,0.08287182933333334,0.00035314700000000005,3.0,13.21022727272727,0.3764115432873275,0.0007098138867988813
501 ENERGY CORP.,0.09370167066666668,0.0,0.0,0.0,,0.0,0.0007089232796636256
DECIMUS OIL CORP.,0.09064106333333335,0.12065855833333335,0.0,0.0,-24.878048780487795,0.0,0.0006857674941469745
PLATFORM ENERGY INC.,0.08969933800000002,0.47156896066666676,0.0,0.0,-80.97853220169745,0.0,0.000678642637064928
AVILA ENERGY CORPORATION,0.08134152566666668,0.6456704316666667,0.0,0.0,-87.40200546946217,0.0,0.0006154095304617654
DOAG ENERGY LTD.,0.07863406533333335,0.25073437000000004,0.0,0.0,-68.63849765258216,0.0,0.0005949255663508817
VULTURE ENERGY LTD.,0.07404315433333333,0.06391960700000002,0.0,0.0,15.83793738489867,0.0,0.0005601918880759051
EDALIS ENERGY INC.,0.07298371333333334,0.074867164,0.0,0.0,-2.51572327044024,0.0,0.0005521764238586028
TAGGART OIL CORP.,0.07121797833333335,0.10665039400000001,0.0008240096666666669,7.0,-33.22295805739513,1.15702479338843,0.0005388173168297657
BDJ ENERGY INC.,0.06992310600000001,0.049558295666666675,0.0,0.0,41.09263657957245,0.0,0.0005290206383419517
OHANA RESOURCES INC.,0.06921681200000002,0.07321914466666668,0.0,0.0,-5.466237942122176,0.0,0.0005236769955304168
NORWEGIAN ENERGY INC.,0.06780422400000001,0.11936368600000002,0.0,0.0,-43.19526627218935,0.0,0.0005129897099073471
EXECUTIVE ADVENTURES 2008 INC.,0.06721564566666668,0.09629141533333335,0.0,0.0,-30.19559902200488,0.0,0.0005085366742310681
DELTAWEST ENERGY LTD.,0.066038489,0.09287766100000001,0.0,0.0,-28.89733840304183,0.0,0.0004996306028785098
PENTACOR ENERGY CORP.,0.06450818533333334,0.023307702000000003,0.04096505200000001,4.0,176.76767676767676,63.503649635036496,0.0004880527101201844
APL OIL & GAS (1998) LTD.,0.06274245033333334,0.2660374066666667,0.0,0.0,-76.41592920353982,0.0,0.00047469360309134725
PRONGHORN RESOURCES LTD.,0.06262473466666668,0.06062356833333334,0.0,0.0,3.300970873786424,0.0,0.00047380299595609147
BLUE STAR ENERGY INC.,0.05991727433333334,0.057798392333333344,0.0,0.0,3.665987780040725,0.0,0.0004533190318452078
RIMFIRE ENERGY INC.,0.05838697066666667,0.07345457600000002,0.0,0.0,-20.51282051282053,0.0,0.00044174113908688225
ADANAC OIL & GAS LIMITED,0.05603265733333334,0.06038813700000001,0.0,0.0,-7.21247563352827,0.0,0.000423928996381766
DURHAM CREEK ENERGY LTD.,0.05462006933333334,0.10971100133333335,0.0,0.0,-50.214592274678104,0.0,0.00041324171075869627
B-32 EXPLORATION LTD.,0.05450235366666668,0.06262473466666668,0.0,0.0,-12.969924812030076,0.0,0.0004123511036234405
ASCENSUN OIL AND GAS LTD.,0.05403149100000001,0.056268088666666674,0.0,0.0,-3.974895397489542,0.0,0.0004087886750824172
MORNING STAR PETROLEUM INCORPORATED,0.05344291266666667,0.1593870126666667,0.0,0.0,-66.46971935007386,0.0,0.00040433563940613814
DEERGARDEN RESOURCES LTD.,0.05308976566666667,0.023778564666666672,0.0,0.0,123.26732673267324,0.0,0.00040166381800037075
HARVARD RESOURCES INC.,0.051559462,0.04084733633333333,0.0,0.0,26.224783861671487,0.0,0.0003900859252420451
CENTENNIAL PETROLEUM COMPANY LTD.,0.05073545233333334,0.05556179466666668,0.0,0.0,-8.686440677966111,0.0,0.00038385167529525455
ALEXANDER OILFIELD SERVICES LTD.,0.046144541333333344,0.014949889666666667,0.0,0.0,208.66141732283472,0.0,0.00034911799702027794
INSCH COMMODITY LTD.,0.046026825666666674,0.14078793733333334,0.0,0.0,-67.3076923076923,0.0,0.0003482273898850221
EVERGO RESOURCES LIMITED,0.044143375000000006,0.038375307333333344,0.0,0.0,15.030674846625747,0.0,0.0003339776757209291
1288131 ALBERTA LTD.,0.044025659333333335,0.04237764,0.0,0.0,3.8888888888888973,0.0,0.00033308706858567325
UNIT 18 CORP.,0.04355479666666667,0.04791027633333334,0.00023543133333333338,1.0,-9.090909090909093,0.5405405405405406,0.0003295246400446501
ROTHMANS ENERGY INC.,0.04190677733333334,0.0,0.0,0.0,,0.0,0.0003170561401510687
GUNNARR RESOURCES INC.,0.04190677733333334,0.05308976566666667,0.0,0.0,-21.064301552106425,0.0,0.0003170561401510687
FORT CALGARY RESOURCES LTD.,0.040258758000000006,0.09746857200000002,0.0,0.0,-58.69565217391304,0.0,0.0003045876402574873
TRIPLE 555 OIL COMPANY LTD.,0.03967017966666667,0.1424359566666667,0.0,0.0,-72.14876033057851,0.0,0.0003001346045812083
ARAL RESOURCES LTD.,0.03743358200000001,0.027898613000000003,0.0,0.0,34.17721518987342,0.0,0.0002832130690113479
NORTHROCK RESOURCES PARTNERSHIP LTD.,0.036256425333333335,0.04896971733333334,0.03472612166666667,8.0,-25.96153846153847,95.7792207792208,0.00027430699765878977
RESISTANCE ENERGY LTD.,0.035314700000000004,0.011889282333333334,0.0,0.0,197.02970297029702,0.0,0.0002671821405767433
"BRIGHTSPOT INTERNATIONAL ENERGY (CANADA) CO., LTD.",0.03507926866666667,0.024720290000000002,0.027898613000000003,4.0,41.90476190476191,79.53020134228188,0.00026540092630623164
AENEID EXPLORATION INC.,0.03425525900000001,0.03660957233333334,0.0,0.0,-6.430868167202563,0.0,0.000259166676359441
WILDCAT RENTALS LTD.,0.032842671000000004,0.046968551000000004,0.0,0.0,-30.075187969924812,0.0,0.00024847939073637123
WHITEMUD CREEK RESOURCES LTD.,0.03154779866666667,0.05497321633333334,0.0,0.0,-42.61241970021413,0.0,0.00023868271224855732
97837 RESOURCES LTD.,0.03095922033333334,0.034726121666666665,0.0,0.0,-10.847457627118617,0.0,0.0002342296765722783
NOVACOR EXPLORATION LTD.,0.030606073333333338,0.005414920666666667,0.0,0.0,465.21739130434787,0.0,0.00023155785516651087
POKER CHIP EXPLORATION LTD.,0.030370642000000007,0.0,0.00011771566666666669,1.0,,0.3875968992248062,0.00022977664089599922
CANUCK NORTH RESOURCES LTD.,0.029899779333333334,0.04826342333333334,0.0,0.0,-38.048780487804876,0.0,0.00022621421235497594
AERADEN ENERGY CORP.,0.02907576966666667,0.01459674266666667,0.0,0.0,99.19354838709677,0.0,0.0002199799624081853
NVS ENGINEERING INC.,0.028604907000000006,0.0,0.0,0.0,,0.0,0.0002164175338671621
SHOT POINT RESOURCES LTD.,0.026132878000000002,0.011536135333333334,0.0,0.0,126.53061224489797,0.0,0.00019771478402679
ALTIMA RESOURCES LTD.,0.02589744666666667,0.024602574333333335,0.0,0.0,5.2631578947368585,0.0,0.00019593356975627842
THOROUGHBRED ENERGY LTD.,0.025426584000000006,0.029899779333333338,0.0,0.0,-14.960629921259837,0.0,0.00019237114121525517
NVP EXPLORATION INC.,0.024955721333333337,0.02130653566666667,0.0,0.0,17.12707182320441,0.0,0.0001888087126742319
WINDSOR SALT LTD/SEL WINDSOR LTEE,0.023072270666666672,0.015185321000000002,0.0,0.0,51.93798449612406,0.0,0.00017455899851013897
DERRICK PETROLEUM LTD.,0.02095338866666667,0.02413171166666667,0.0,0.0,-13.170731707317074,0.0,0.00015852807007553436
MAHIKAN OIL CORPORATION,0.020835673000000002,0.03366668066666667,0.0012948723333333337,7.0,-38.11188811188811,6.214689265536724,0.00015763746294027853
2155192 ALBERTA LTD.,0.019423085000000003,0.12383688133333334,0.0,0.0,-84.31558935361217,0.0,0.00014695017731720882
2672682 ALBERTA LTD,0.018952222333333334,0.0,0.0,0.0,,0.0,0.00014338774877618553
O'NEILL INDUSTRIES INTERNATIONAL-CANADA INC.,0.018481359666666666,0.010594410000000002,0.0,0.0,74.4444444444444,0.0,0.0001398253202351623
INDRA OIL & GAS LTD.,0.017892781333333337,0.021188820000000004,0.0,0.0,-15.555555555555555,0.0,0.00013537228455888327
CANYON ENERGY CORPORATION,0.01600933066666667,0.0,0.0,0.0,,0.0,0.00012112257039479028
WASP ENTERPRIZES LTD.,0.014479027000000002,0.010947557000000002,0.0,0.0,32.258064516129025,0.0,0.00010954467763646474
DARK ENERGY LTD.,0.013419586000000002,0.01389044866666667,0.0,0.0,-3.3898305084745783,0.0,0.00010152921341916245
TAKU GAS LIMITED,0.013184154666666668,0.026486025000000003,0.0,0.0,-50.22222222222222,0.0,9.974799914865084e-05
RURALCO RESOURCES CORP.,0.012595576333333334,0.0,0.0,0.0,,0.0,9.529496347237176e-05
PRIMROSE DRILLING VENTURES LTD.,0.012360145000000003,0.004944058000000001,0.0,0.0,150.0,0.0,9.351374920186016e-05
BENKOIL RESOURCES LIMITED,0.012006998000000001,0.0,0.012006998000000001,2.0,,100.0,9.084192779609271e-05
CHECK ENERGY LTD.,0.011065272666666667,0.006474361666666667,0.0,0.0,70.90909090909092,0.0,8.371707071404623e-05
ETTHEN ENERGY CORPORATION,0.008710959333333334,0.0,0.008710959333333334,1.0,,100.0,6.590492800893001e-05
GRIZZLY OIL SANDS ULC,0.008240096666666669,0.00023543133333333338,0.0050617736666666675,9.0,3400.0,61.42857142857142,6.234249946790678e-05
PARAGON ENERGY LTD.,0.007886949666666667,0.0,0.007886949666666667,1.0,,100.0,5.967067806213933e-05
GOLDEN SPIKE ENERGY INC.,0.006709793000000001,0.007769234000000002,0.0,0.0,-13.636363636363635,0.0,5.0764606709581226e-05
DIRE RESOURCES LTD.,0.006003499,0.0055326363333333345,0.0,0.0,8.510638297872308,0.0,4.542096389804635e-05
APAR ENERGY INC.,0.005297205000000001,0.007769234000000002,0.0,0.0,-31.818181818181824,0.0,4.0077321086511494e-05
TRANSCANADA ENERGY LTD.,0.004708626666666668,0.047086266666666675,0.0,0.0,-90.0,0.0,3.5624285410232445e-05
INTEGRITY OIL OPERATIONS LTD.,0.004237764000000001,0.0036491856666666673,0.0,0.0,16.129032258064523,0.0,3.2061856869209197e-05
ALBERTA PETROLEUM ENERGY LIMITED,0.004002332666666667,0.005768067666666667,0.0,0.0,-30.612244897959183,0.0,3.028064259869757e-05
JAST ENERGY LTD.,0.0038846170000000004,0.0038846170000000004,0.0,0.0,0.0,0.0,2.939003546344176e-05
INNES OILFIELD SERVICES LTD.,0.003766901333333334,0.0,0.0,0.0,,0.0,2.849942832818595e-05
1852797 ALBERTA ULC,0.0037669013333333336,0.0018834506666666668,0.0,0.0,100.0,0.0,2.849942832818595e-05
CONVEGA ENERGY LTD.,0.0034137543333333333,0.30370642000000003,0.0,0.0,-98.87596899224806,0.0,2.5827606922418517e-05
JOLI FOU PETROLEUMS LTD.,0.0028251760000000004,0.003296038666666667,0.0,0.0,-14.28571428571428,0.0,2.137457124613946e-05
BARCOMP PETROLEUM LTD.,0.0028251760000000004,0.0028251760000000004,0.0,0.0,0.0,0.0,2.137457124613946e-05
CANEX RESOURCES LTD.,0.002825176,0.0,0.0,0.0,,0.0,2.137457124613946e-05
ECOCHAIN ENERGY LTD.,0.0027074603333333332,0.01565618366666667,0.0,0.0,-82.70676691729324,0.0,2.0483964110883647e-05
ALSACE ENERGY CORP.,0.002354313333333334,0.001883450666666667,0.0,0.0,25.0,0.0,1.7812142705116223e-05
1506928 ALBERTA LTD.,0.002354313333333334,0.0,0.0,0.0,,0.0,1.7812142705116223e-05
1170778 ALBERTA LTD.,0.002354313333333334,0.002354313333333334,0.0,0.0,0.0,0.0,1.7812142705116223e-05
PROSPERA ENERGY INC.,0.0020011663333333336,0.143024535,0.0,0.0,-98.60082304526749,0.0,1.5140321299348784e-05
ORGA ENERGY LTD.,0.001883450666666667,0.001883450666666667,0.0,0.0,0.0,0.0,1.4249714164092976e-05
XENOTIME ENERGY INC.,0.001883450666666667,0.0012948723333333335,0.0,0.0,45.45454545454546,0.0,1.4249714164092976e-05
FABIAN SEED FARMS INC.,0.0017657350000000005,0.0017657350000000005,0.0,0.0,0.0,0.0,1.3359107028837167e-05
TOWER RIDGE ENTERPRISES CORP.,0.0017657350000000003,0.0025897446666666673,0.0,0.0,-31.818181818181824,0.0,1.3359107028837164e-05
SANDPOINT RESOURCES INC.,0.001530303666666667,0.0009417253333333333,0.0,0.0,62.50000000000004,0.0,1.1577892758325543e-05
RAKE RESOURCES LTD,0.0010594410000000002,0.022248261000000002,0.0,0.0,-95.23809523809523,0.0,8.015464217302299e-06
HARVEST ENERGY CORPORATION,0.0009417253333333335,0.006945224333333335,0.0,0.0,-86.4406779661017,0.0,7.124857082046488e-06
BOUNTY DEVELOPMENTS LTD.,0.0009417253333333335,0.0030606073333333335,0.0,0.0,-69.23076923076923,0.0,7.124857082046488e-06
DAVIES LIVESTOCK CO. LTD.,0.0009417253333333334,0.0028251760000000004,0.0,0.0,-66.66666666666667,0.0,7.124857082046488e-06
BAND ENERGY RESOURCES LTD.,0.0005885783333333335,0.0005885783333333335,0.0,0.0,0.0,0.0,4.453035676279056e-06
OAK RESOURCES LTD.,0.00047086266666666676,0.00023543133333333338,0.0,0.0,100.0,0.0,3.562428541023244e-06
VANRENA RESOURCES LTD.,0.00047086266666666676,0.00047086266666666676,0.0,0.0,0.0,0.0,3.562428541023244e-06
KOHO ENERGY CORP.,0.00035314700000000005,0.00023543133333333338,0.0,0.0,50.0,0.0,2.6718214057674326e-06
MUDDY PETROLEUM COMPANY LTD.,0.000353147,0.00011771566666666669,0.0,0.0,199.99999999999994,0.0,2.6718214057674326e-06
QUESTERRE ENERGY CORPORATION,0.00023543133333333338,0.00023543133333333338,0.0,0.0,0.0,0.0,1.781214270511622e-06
KOLBRA FIELD MANAGEMENT LTD.,0.00011771566666666669,0.0,0.00011771566666666669,1.0,,100.0,8.90607135255811e-07
PERISSON PETROLEUM CORPORATION,0.00011771566666666669,0.0,0.0,0.0,,0.0,8.90607135255811e-07
HBC ENERGY LTD.,0.00011771566666666669,0.00035314700000000005,0.0,0.0,-66.66666666666666,0.0,8.90607135255811e-07
GLOBAL CANUCK ENERGY LTD.,0.00011771566666666669,0.002825176,0.0,0.0,-95.83333333333334,0.0,8.90607135255811e-07
EASTNELL RESOURCES LTD.,0.00011771566666666669,0.0,0.0,0.0,,0.0,8.90607135255811e-07
TRANSACTION OIL & GAS VENTURES INC.,0.00011771566666666669,0.0,0.0,0.0,,0.0,8.90607135255811e-07
WILCOX ENERGY CORP.,0.0,0.3666843016666667,0.0,0.0,-100.0,,0.0
LONG RUN EXPLORATION LTD.,0.0,23.13477768566667,0.0,0.0,-100.0,,0.0
WINDTALKER ENERGY CORP.,0.0,0.05697438266666668,0.0,0.0,-100.0,,0.0
MEG ENERGY CORP.,0.0,22.074159529000003,0.0,0.0,-100.0,,0.0
WEST STAR OIL & GAS CO. LTD.,0.0,0.12925180200000003,0.0,0.0,-100.0,,0.0
YOHO RESOURCES INC.,0.0,0.4662717556666667,0.0,0.0,-100.0,,0.0
MCLAND RESOURCES LTD.,0.0,0.03401982766666667,0.0,0.0,-100.0,,0.0
MALAK ENERGY INC.,0.0,0.0008240096666666668,0.0,0.0,-100.0,,0.0
WOODCOTE OIL & GAS INC.,0.0,1.534541430666667,0.0,0.0,-100.0,,0.0
935821 ALBERTA LTD.,0.0,0.00011771566666666669,0.0,0.0,-100.0,,0.0
NORTH FORK RESOURCES LTD,0.0,0.04637997266666667,0.0,0.0,-100.0,,0.0
NORTHERN UTILITIES (SASK.) LTD.,0.0,0.00011771566666666669,0.0,0.0,-100.0,,0.0
MAGA ENERGY LTD.,0.0,1.136780193,0.0,0.0,-100.0,,0.0
NUVISTA ENERGY LTD.,0.0,197.24131045933336,0.0,0.0,-100.0,,0.0
KADEN ENERGY LTD.,0.0,3.785264977333334,0.0,0.0,-100.0,,0.0
WHITEHALL ENERGY LTD.,0.0,0.16633223700000002,0.0,0.0,-100.0,,0.0
KIHEW RESOURCES INC.,0.0,0.00023543133333333338,0.0,0.0,-100.0,,0.0
SUEDE ENERGY LTD.,0.0,13.099634818000002,0.0,0.0,-100.0,,0.0
JP ENERGY CORP.,0.0,0.03660957233333333,0.0,0.0,-100.0,,0.0
HALO EXPLORATION LTD.,0.0,1.5824517070000002,0.0,0.0,-100.0,,0.0
CAPILLARY RESOURCES CORP.,0.0,0.014832174000000002,0.0,0.0,-100.0,,0.0
CAPITAN INVESTMENT LTD.,0.0,0.00011771566666666669,0.0,0.0,-100.0,,0.0
CLEARVIEW RESOURCES LTD.,0.0,4.991497413666667,0.0,0.0,-100.0,,0.0
CONCOURSE PETROLEUM INC.,0.0,0.3084150466666667,0.0,0.0,-100.0,,0.0
BLUE SKY RESOURCES LTD.,0.0,2.440952064,0.0,0.0,-100.0,,0.0
COVEE ENERGY CORPORATION,0.0,0.6004676156666667,0.0,0.0,-100.0,,0.0
DCP OIL CORP.,0.0,0.08110609433333334,0.0,0.0,-100.0,,0.0
SCAVENGER ENERGY GP INC.,0.0,0.020482526,0.0,0.0,-100.0,,0.0
RTD ENERGY INC.,0.0,0.00011771566666666669,0.0,0.0,-100.0,,0.0
REVITALIZE ENERGY INC.,0.0,0.047086266666666675,0.0,0.0,-100.0,,0.0
TORXEN ENERGY LTD.,0.0,212.37248225266669,0.0,0.0,-100.0,,0.0
FALLON ENERGY INC.,0.0,0.033195818,0.0,0.0,-100.0,,0.0
FORDEN ENERGY INC.,0.0,0.024013996000000006,0.0,0.0,-100.0,,0.0
ARROW EXPLORATION CORP.,0.0,0.9751565826666667,0.0,0.0,-100.0,,0.0
TWP50 RESOURCES LTD.,0.0,0.007769234000000001,0.0,0.0,-100.0,,0.0
"VAALCO ENERGY CANADA, INC.",0.0,6.1781890493333345,0.0,0.0,-100.0,,0.0
CABOT ENERGY INC.,0.0,0.2679208573333334,0.0,0.0,-100.0,,0.0
ALTAGAS LTD.,0.0,0.039905611,0.0,0.0,-100.0,,0.0
POINTBREAK RESOURCES INC.,0.0,4.273784994000001,0.0,0.0,-100.0,,0.0
GRYPHON PETROLEUM CORP.,0.0,0.5597379950000001,0.0,0.0,-100.0,,0.0
