cohort,age_months,rate_mmcfd,floor
2022,0,0.008088205483870969,0.0
2022,1,0.02130463702688172,0.0
2022,2,0.02494812677419355,0.0
2022,3,0.025977460771889407,0.0
2022,4,0.02625059366666667,0.0
2022,5,0.02597339225806452,0.0
2022,6,0.026804996483870972,0.0
2022,7,0.02734041290322581,0.0
2022,8,0.028251760000000004,0.0
2022,9,0.028365678387096777,0.0
2022,10,0.028479596774193552,0.0
2022,11,0.02898327878571429,0.0
2022,12,0.028134044333333334,0.0
2022,13,0.02778089733333334,0.0
2022,14,0.02732522378494624,0.0
2022,15,0.0271341813403782,0.0
2022,16,0.02766318166666667,0.0
2022,17,0.028593515161290325,0.0
2022,18,0.02813784161290323,0.0
2022,19,0.027959107591768634,0.0
2022,20,0.028479596774193552,0.0
2022,21,0.028958054000000007,0.0
2022,22,0.029428916666666673,0.0
2022,23,0.028840338333333337,0.0
2022,24,0.02893527032258065,0.0
2023,0,0.014782944982718895,0.0
2023,1,0.048166592704301084,0.0
2023,2,0.05921098033333334,0.0
2023,3,0.06687009322580646,0.0
2023,4,0.06998320776974418,0.0
2023,5,0.07792017677419356,0.0
2023,6,0.0799707077419355,0.0
2023,7,0.07826193193548388,0.0
2023,8,0.07848976870967744,0.0
2023,9,0.08298954500000001,0.0
2023,10,0.08099407458602151,0.0
2023,11,0.08158913448275863,0.0
2023,12,0.076632899,0.0
2023,13,0.0755278906451613,0.0
2023,14,0.07518613548387097,0.0
2023,15,0.07712274806451615,0.0
2023,16,0.0813377283870968,0.0
2023,17,0.08238415014285716,0.0
2023,18,0.08008462612903228,0.0
2023,19,0.07675061466666669,0.0
2023,20,0.07450262516129033,0.0
2023,21,0.07188250225806453,0.0
2023,22,0.06971805290322582,0.0
2023,23,0.06869278741935485,0.0
2023,24,0.06675617483870969,0.0
2024,0,0.023695024516129037,0.0
2024,1,0.08958162233333335,0.0
2024,2,0.11312095838709678,0.0
2024,3,0.11832513003763441,0.0
2024,4,0.12747467516129035,0.0
2024,5,0.13148839966666667,0.0
2024,6,0.12969608370967745,0.0
2024,7,0.13157573709677423,0.0
2024,8,0.132430125,0.0
2024,9,0.1286632236666667,0.0
2024,10,0.12348753161290325,0.0
2024,11,0.12439887870967743,0.0
2024,12,0.12787338951612903,0.0
2024,13,0.12108710845622121,0.0
2024,14,0.11648155080645163,0.0
2024,15,0.11746694485483872,0.0
2024,16,0.11938646967741937,0.0
2024,17,0.11616013821428572,0.0
2024,18,0.11260073108602152,0.0
2024,19,0.10993124354838711,0.0
2024,20,0.11665242838709679,0.0
2024,21,0.10679753858333335,0.0
2024,22,0.10867814129032259,0.0
2024,23,0.10617193677419356,0.0
2024,24,0.11613369287442397,0.0
2025,0,0.028251760000000004,0.0
2025,1,0.10195695645161293,0.0
2025,2,0.13268237285714288,0.0
2025,3,0.17156109096774197,0.0
2025,4,0.18963993900000004,0.0
2025,5,0.19175882100000002,0.0
2025,6,0.20492195501190477,0.0
2025,7,0.20423668166666667,0.0
2025,8,0.20024574083870972,0.0
2025,9,0.20425566806451614,0.0
2025,10,0.18635908945161292,0.0
2025,11,0.17554823451612905,0.0
2025,12,0.14934700548387098,0.0
2025,13,0.1527360775,0.0
2025,14,0.1484926175806452,0.0
2025,15,0.14537884833333337,0.0
2025,16,0.1435371677419355,0.0
2025,17,0.10818069766666669,0.0
2026,0,0.035542536774193556,0.0
2026,1,0.13413700216666669,0.0
2026,2,0.25038122300000004,0.0
2026,3,0.25926875583333336,0.0
2026,4,0.24448214918817207,0.0
2026,5,0.18657933166666668,0.0
2022,0,0.4165957443333334,0.5
2022,1,1.2494568696774193,0.5
2022,2,1.6555759196774196,0.5
2022,3,1.6520387537580645,0.5
2022,4,1.5637576996774196,0.5
2022,5,1.459180620322581,0.5
2022,6,1.345603988387097,0.5
2022,7,1.2888726316129036,0.5
2022,8,1.160828364516129,0.5
2022,9,1.0867244537096774,0.5
2022,10,1.047365650967742,0.5
2022,11,0.9765775789285716,0.5
2022,12,0.9169025167849464,0.5
2022,13,0.8618495575806453,0.5
2022,14,0.7992191269946237,0.5
2022,15,0.7902252703333335,0.5
2022,16,0.7574433558064517,0.5
2022,17,0.759835641935484,0.5
2022,18,0.724520941935484,0.5
2022,19,0.7028194891935484,0.5
2022,20,0.6864722006451615,0.5
2022,21,0.6619151936666667,0.5
2022,22,0.6442198708709679,0.5
2022,23,0.6225129186206897,0.5
2022,24,0.6240449245161291,0.5
2023,0,0.4558118778571429,0.5
2023,1,1.6323042918333335,0.5
2023,2,2.2190580323333338,0.5
2023,3,2.0736564003225806,0.5
2023,4,1.881362162903226,0.5
2023,5,1.7927906169354841,0.5
2023,6,1.6358946196666668,0.5
2023,7,1.536303368387097,0.5
2023,8,1.4204749496666669,0.5
2023,9,1.3061312672580647,0.5
2023,10,1.2700760977419356,0.5
2023,11,1.1836310283333336,0.5
2023,12,1.1176874713225808,0.5
2023,13,1.086280172,0.5
2023,14,1.0321005870967743,0.5
2023,15,1.001570459354839,0.5
2023,16,0.927295670967742,0.5
2023,17,0.8851458677419356,0.5
2023,18,0.8710199877419356,0.5
2023,19,0.8304973188118281,0.5
2023,20,0.8000377119761906,0.5
2023,21,0.7574759039170507,0.5
2023,22,0.7297611877419357,0.5
2023,23,0.7139834911290324,0.5
2023,24,0.7010537541935484,0.5
2024,0,0.475267510967742,0.5
2024,1,1.7703624434482759,0.5
2024,2,2.189629115666667,0.5
2024,3,2.1241222458064515,0.5
2024,4,2.1244640009677425,0.5
2024,5,1.9174742916129035,0.5
2024,6,1.7991662493333336,0.5
2024,7,1.6363351040967742,0.5
2024,8,1.5550239566666668,0.5
2024,9,1.4975711167741936,0.5
2024,10,1.4180029206666667,0.5
2024,11,1.3146105925376346,0.5
2024,12,1.1831753547849464,0.5
2024,13,1.1183368061290324,0.5
2024,14,1.1120346782142858,0.5
2024,15,1.0677247653817203,0.5
2024,16,1.0088612361290326,0.5
2024,17,1.017416507,0.5
2024,18,0.9571726666236561,0.5
2024,19,0.9321941616129034,0.5
2024,20,0.9000539873333334,0.5
2024,21,0.8882908289285715,0.5
2024,22,0.8466376556236561,0.5
2024,23,0.835477450967742,0.5
2024,24,0.7849280653333335,0.5
2025,0,0.4157451537096775,0.5
2025,1,1.8453639525806456,0.5
2025,2,2.261665407747312,0.5
2025,3,2.2186289397419356,0.5
2025,4,2.0774157070967743,0.5
2025,5,1.8962854716129034,0.5
2025,6,1.758615100806452,0.5
2025,7,1.6294031702419356,0.5
2025,8,1.4578135996774195,0.5
2025,9,1.3040541553333334,0.5
2025,10,1.2872777741935486,0.5
2025,11,1.1572874013172045,0.5
2025,12,1.0707758795161293,0.5
2025,13,0.9900647022580646,0.5
2025,14,0.8783107645161291,0.5
2025,15,0.8755691286666667,0.5
2025,16,0.9206542290000002,0.5
2025,17,0.9610895605,0.5
2026,0,0.6707514632258065,0.5
2026,1,1.7664223076021508,0.5
2026,2,1.906369147510753,0.5
2026,3,1.9622024476666668,0.5
2026,4,2.1241792050000003,0.5
2026,5,1.4456072445,0.5
2022,0,0.6426705808064517,1.0
2022,1,2.2215300613333335,1.0
2022,2,2.7237525613279576,1.0
2022,3,2.4822702629999998,1.0
2022,4,2.3081687920000005,1.0
2022,5,2.1654176611290326,1.0
2022,6,1.9840026296774196,1.0
2022,7,1.8197323154838712,1.0
2022,8,1.699107932666667,1.0
2022,9,1.5892792156666669,1.0
2022,10,1.4949509938709677,1.0
2022,11,1.3655397061290326,1.0
2022,12,1.2907522850000002,1.0
2022,13,1.251209314198925,1.0
2022,14,1.1571829761290322,1.0
2022,15,1.1181811176666667,1.0
2022,16,1.074592145483871,1.0
2022,17,1.0624028780645163,1.0
2022,18,1.0245971626666668,1.0
2022,19,1.0072929596666669,1.0
2022,20,0.9726351890322581,1.0
2022,21,0.9403962854838711,1.0
2022,22,0.9218275883870969,1.0
2022,23,0.8826396632258066,1.0
2022,24,0.8777411725806452,1.0
2023,0,0.6844786288709679,1.0
2023,1,2.476699653870968,1.0
2023,2,2.983351680483872,1.0
2023,3,2.683328621666667,1.0
2023,4,2.482509491612903,1.0
2023,5,2.3332194453225807,1.0
2023,6,2.108993884,1.0
2023,7,1.9737385830000003,1.0
2023,8,1.8306608860860218,1.0
2023,9,1.6977542025000003,1.0
2023,10,1.6219464261624028,1.0
2023,11,1.5195573654838712,1.0
2023,12,1.4447129851612905,1.0
2023,13,1.3782985654838713,1.0
2023,14,1.3166666838076038,1.0
2023,15,1.2769112009677424,1.0
2023,16,1.2290692756666668,1.0
2023,17,1.144310198387097,1.0
2023,18,1.1030717422580647,1.0
2023,19,1.0694658180645162,1.0
2023,20,1.02059483,1.0
2023,21,0.9925709067741937,1.0
2023,22,0.9430286139285716,1.0
2023,23,0.9225376796666668,1.0
2023,24,0.8972212167741938,1.0
2024,0,0.7288954080000001,1.0
2024,1,2.5493560155172417,1.0
2024,2,3.315480738064517,1.0
2024,3,3.091767402632489,1.0
2024,4,2.8510314053571433,1.0
2024,5,2.604531273311828,1.0
2024,6,2.370911242333334,1.0
2024,7,2.1890069042857143,1.0
2024,8,2.130159920322581,1.0
2024,9,1.9999451011002307,1.0
2024,10,1.8538488381624425,1.0
2024,11,1.7245724894623657,1.0
2024,12,1.6315391400000003,1.0
2024,13,1.5463262878118282,1.0
2024,14,1.4991659741935486,1.0
2024,15,1.4187832616182798,1.0
2024,16,1.3772163408064517,1.0
2024,17,1.3613892795591398,1.0
2024,18,1.2914585790000002,1.0
2024,19,1.2041515271290324,1.0
2024,20,1.1867447975806453,1.0
2024,21,1.1515440159677421,1.0
2024,22,1.0756377535368666,1.0
2024,23,1.0474928598333335,1.0
2024,24,1.0019284885714286,1.0
2025,0,0.6437281231666667,1.0
2025,1,2.448675730645162,1.0
2025,2,2.9028683400000004,1.0
2025,3,2.71854838967742,1.0
2025,4,2.5422596856451616,1.0
2025,5,2.3971660401309527,1.0
2025,6,2.1543106183870973,1.0
2025,7,2.0555616850864062,1.0
2025,8,1.895981689247312,1.0
2025,9,1.6830302509677422,1.0
2025,10,1.6327922422580647,1.0
2025,11,1.426768533702381,1.0
2025,12,1.3813591728172043,1.0
2025,13,1.2586690699139786,1.0
2025,14,1.1231213783870968,1.0
2025,15,1.1567918563333337,1.0
2025,16,1.2225132724892478,1.0
2025,17,1.1488460488333334,1.0
2026,0,1.0386305517857144,1.0
2026,1,2.9081949739166673,1.0
2026,2,2.717952216784947,1.0
2026,3,2.9356768354838714,1.0
2026,4,2.878261968387097,1.0
2026,5,2.6841526313333333,1.0
2022,0,0.774417195483871,1.5
2022,1,2.610155044354839,1.5
2022,2,3.285324642360215,1.5
2022,3,2.957017546666667,1.5
2022,4,2.678887703209678,1.5
2022,5,2.4682620986666675,1.5
2022,6,2.3159608096774194,1.5
2022,7,2.137678533870968,1.5
2022,8,1.9927743454838713,1.5
2022,9,1.8497498104838712,1.5
2022,10,1.7224419443894012,1.5
2022,11,1.5908095193333336,1.5
2022,12,1.4878880538709678,1.5
2022,13,1.4422067806451615,1.5
2022,14,1.3383132116129035,1.5
2022,15,1.2892143867741936,1.5
2022,16,1.2504935270000002,1.5
2022,17,1.2327874670689658,1.5
2022,18,1.1691601196551726,1.5
2022,19,1.1285400963333336,1.5
2022,20,1.086397887666667,1.5
2022,21,1.0601716489655175,1.5
2022,22,1.0369421185483874,1.5
2022,23,0.9925709067741936,1.5
2022,24,0.9729769441935485,1.5
2023,0,0.8427891127795699,1.5
2023,1,2.992180355483871,1.5
2023,2,3.5226982841935492,1.5
2023,3,3.1785090666989255,1.5
2023,4,2.8296491953333334,1.5
2023,5,2.5784439626666673,1.5
2023,6,2.3440720703333335,1.5
2023,7,2.176946987547275,1.5
2023,8,2.0418010220107528,1.5
2023,9,1.9002156559677421,1.5
2023,10,1.8106188445161293,1.5
2023,11,1.692044992666667,1.5
2023,12,1.6271532820967742,1.5
2023,13,1.5454168393548386,1.5
2023,14,1.4831034816129034,1.5
2023,15,1.4201939509784949,1.5
2023,16,1.374197503548387,1.5
2023,17,1.2861385903225808,1.5
2023,18,1.248362032607143,1.5
2023,19,1.2157674053333336,1.5
2023,20,1.1381586054838713,1.5
2023,21,1.1205354310000002,1.5
2023,22,1.0589701373333336,1.5
2023,23,1.0162089720967744,1.5
2023,24,1.0063512343333334,1.5
2024,0,0.9547146482758622,1.5
2024,1,3.1193702346774197,1.5
2024,2,3.8570658380806457,1.5
2024,3,3.6042414725288023,1.5
2024,4,3.314402310666667,1.5
2024,5,3.0473054630000003,1.5
2024,6,2.755712364827957,1.5
2024,7,2.5823019987096782,1.5
2024,8,2.4354225468605994,1.5
2024,9,2.242597368387097,1.5
2024,10,2.0976931800000003,1.5
2024,11,1.927123179,1.5
2024,12,1.8579063670000002,1.5
2024,13,1.7975865810322582,1.5
2024,14,1.663196246071429,1.5
2024,15,1.6169006272580648,1.5
2024,16,1.543366308387097,1.5
2024,17,1.537013459666667,1.5
2024,18,1.4533707825806454,1.5
2024,19,1.361146253666667,1.5
2024,20,1.3478111571370968,1.5
2024,21,1.322364637419355,1.5
2024,22,1.2131947484247312,1.5
2024,23,1.1623093035483874,1.5
2024,24,1.1893649204838712,1.5
2025,0,0.8147443045161291,1.5
2025,1,2.988212198333334,1.5
2025,2,3.2836975080645168,1.5
2025,3,3.134806176129033,1.5
2025,4,2.970385869392474,1.5
2025,5,2.7790390532258065,1.5
2025,6,2.4675558046666666,1.5
2025,7,2.340531107134409,1.5
2025,8,2.160348292903226,1.5
2025,9,1.9313039838064519,1.5
2025,10,1.8328329300000004,1.5
2025,11,1.6748281270967744,1.5
2025,12,1.5599983929032262,1.5
2025,13,1.3996013038709678,1.5
2025,14,1.3195166777419356,1.5
2025,15,1.3436369975698925,1.5
2025,16,1.3604133787096777,1.5
2025,17,1.2752138170000005,1.5
2026,0,1.1223011660000002,1.5
2026,1,3.5245570525430114,1.5
2026,2,3.222584090666667,1.5
2026,3,3.5009816423333335,1.5
2026,4,3.2171691700000005,1.5
2026,5,3.6037474193333336,1.5
2022,0,0.9818701729462367,2.0
2022,1,3.117904484763441,2.0
2022,2,3.726498278709678,2.0
2022,3,3.5154522610714296,2.0
2022,4,3.0611538703571437,2.0
2022,5,2.8976280941935486,2.0
2022,6,2.6214899238709677,2.0
2022,7,2.4642825496774194,2.0
2022,8,2.277680434333334,2.0
2022,9,2.1107596190000004,2.0
2022,10,1.9747182811290327,2.0
2022,11,1.7903291660714287,2.0
2022,12,1.7164652975806454,2.0
2022,13,1.6201833754462367,2.0
2022,14,1.515114548387097,2.0
2022,15,1.4577452486451614,2.0
2022,16,1.4236380835483875,2.0
2022,17,1.3734000748387096,2.0
2022,18,1.3221093031034485,2.0
2022,19,1.2722405470967741,2.0
2022,20,1.202864249354839,2.0
2022,21,1.1866916356666668,2.0
2022,22,1.1371902991935485,2.0
2022,23,1.1129351759408603,2.0
2022,24,1.0712885122580647,2.0
2023,0,0.9649153196666669,2.0
2023,1,3.43401824452381,2.0
2023,2,3.8131901712903233,2.0
2023,3,3.4648591693103454,2.0
2023,4,3.056958147666667,2.0
2023,5,2.775507583225807,2.0
2023,6,2.5419521060000005,2.0
2023,7,2.3472883661290327,2.0
2023,8,2.1926897230000004,2.0
2023,9,2.0275346426666667,2.0
2023,10,1.952732032419355,2.0
2023,11,1.8390130025000002,2.0
2023,12,1.7403311996774196,2.0
2023,13,1.6335896709677422,2.0
2023,14,1.5639931310107529,2.0
2023,15,1.507642722747696,2.0
2023,16,1.453598619354839,2.0
2023,17,1.3563123167741935,2.0
2023,18,1.3245366813333335,2.0
2023,19,1.2602335490967744,2.0
2023,20,1.2093519015000003,2.0
2023,21,1.1747182707142858,2.0
2023,22,1.1330132916666669,2.0
2023,23,1.084632152666667,2.0
2023,24,1.0604093062903228,2.0
2024,0,1.1595183030645162,2.0
2024,1,3.659385159591398,2.0
2024,2,4.28137005994086,2.0
2024,3,3.9195500734032267,2.0
2024,4,3.7547500387096777,2.0
2024,5,3.482853429666667,2.0
2024,6,3.1672729164516134,2.0
2024,7,2.9249305343010756,2.0
2024,8,2.6843728735483876,2.0
2024,9,2.510051160333334,2.0
2024,10,2.344668243225807,2.0
2024,11,2.1798283370967746,2.0
2024,12,2.0969868860000003,2.0
2024,13,1.991862998387097,2.0
2024,14,1.888670027435484,2.0
2024,15,1.7904552900000001,2.0
2024,16,1.7246522323333335,2.0
2024,17,1.676536902903226,2.0
2024,18,1.6266406493548389,2.0
2024,19,1.5276000036129034,2.0
2024,20,1.5353654403333334,2.0
2024,21,1.4714838061290323,2.0
2024,22,1.402699884,2.0
2024,23,1.3105171251612906,2.0
2024,24,1.3497993042261909,2.0
2025,0,1.0013426225806452,2.0
2025,1,3.5063509956451617,2.0
2025,2,3.7288905648387103,2.0
2025,3,3.5560763716129036,2.0
2025,4,3.3341785426666672,2.0
2025,5,3.074909786833334,2.0
2025,6,2.794017422489248,2.0
2025,7,2.609870248387097,2.0
2025,8,2.439951480833334,2.0
2025,9,2.164944899822581,2.0
2025,10,2.0852760758064517,2.0
2025,11,1.8489767928571432,2.0
2025,12,1.7608573943924735,2.0
2025,13,1.6634484939285716,2.0
2025,14,1.4483583735483874,2.0
2025,15,1.4898094773333335,2.0
2025,16,1.5045239356666669,2.0
2025,17,1.433894535666667,2.0
2026,0,1.3232922585714288,2.0
2026,1,4.168159865483871,2.0
2026,2,3.9009794776666666,2.0
2026,3,4.094196454021506,2.0
2026,4,3.7433582000000007,2.0
2026,5,3.8281134800000007,2.0
2022,0,1.085548653214286,2.5
2022,1,3.6281145623333337,2.5
2022,2,4.116281432000001,2.5
2022,3,3.896008838709678,2.5
2022,4,3.3956887757795706,2.5
2022,5,3.1457423412903234,2.5
2022,6,2.85751661639401,2.5
2022,7,2.7033383863602154,2.5
2022,8,2.482387978666667,2.5
2022,9,2.337035711290323,2.5
2022,10,2.1978274422580646,2.5
2022,11,1.9860531606451617,2.5
2022,12,1.9103505951397852,2.5
2022,13,1.7650875638333337,2.5
2022,14,1.6804926206896553,2.5
2022,15,1.5977053790322582,2.5
2022,16,1.5364172867741939,2.5
2022,17,1.5122931696666666,2.5
2022,18,1.4162333883870968,2.5
2022,19,1.3871196459247312,2.5
2022,20,1.3096057780645163,2.5
2022,21,1.265519362258065,2.5
2022,22,1.2308312133870971,2.5
2022,23,1.18657392,2.5
2022,24,1.1399812996774197,2.5
2023,0,1.1061068535714287,2.5
2023,1,3.8364600361117516,2.5
2023,2,4.195329400806452,2.5
2023,3,3.727231153666667,2.5
2023,4,3.368888427689656,2.5
2023,5,3.078074819354839,2.5
2023,6,2.778290989150538,2.5
2023,7,2.575801448908046,2.5
2023,8,2.383286576451613,2.5
2023,9,2.221765492666667,2.5
2023,10,2.059530520322581,2.5
2023,11,1.9610841488333337,2.5
2023,12,1.8650718335483873,2.5
2023,13,1.7434069961290326,2.5
2023,14,1.6455473043333335,2.5
2023,15,1.6137678716129031,2.5
2023,16,1.5455345550215056,2.5
2023,17,1.4533176206666667,2.5
2023,18,1.4043479033333335,2.5
2023,19,1.3437831928333335,2.5
2023,20,1.2969608370967745,2.5
2023,21,1.247178501935484,2.5
2023,22,1.2124333938709677,2.5
2023,23,1.1514946513333335,2.5
2023,24,1.11895115171659,2.5
2024,0,1.3705521151612903,2.5
2024,1,4.15690551448276,2.5
2024,2,4.538077279470047,2.5
2024,3,4.34601494733871,2.5
2024,4,4.129473181225807,2.5
2024,5,3.699450256333334,2.5
2024,6,3.36268255052381,2.5
2024,7,3.157857561758065,2.5
2024,8,2.9152778496344087,2.5
2024,9,2.7417877406451616,2.5
2024,10,2.556328606451613,2.5
2024,11,2.314650748225807,2.5
2024,12,2.279917032,2.5
2024,13,2.2086990536666673,2.5
2024,14,2.0384233418333335,2.5
2024,15,1.984127939903226,2.5
2024,16,1.8517262945000001,2.5
2024,17,1.8019610470967744,2.5
2024,18,1.7486472419354842,2.5
2024,19,1.6496521635483872,2.5
2024,20,1.6562594300000002,2.5
2024,21,1.571902864354839,2.5
2024,22,1.5039505464516132,2.5
2024,23,1.4108222650000002,2.5
2024,24,1.502626245201613,2.5
2025,0,1.1030318708225808,2.5
2025,1,3.9731315867741936,2.5
2025,2,4.167362436774194,2.5
2025,3,3.908866427333334,2.5
2025,4,3.646470611774194,2.5
2025,5,3.3725538500000005,2.5
2025,6,3.0953904141935484,2.5
2025,7,2.827910041290323,2.5
2025,8,2.633451354516129,2.5
2025,9,2.388921739333334,2.5
2025,10,2.3003995580000005,2.5
2025,11,2.00023599983871,2.5
2025,12,1.866499610666667,2.5
2025,13,1.8130566980000002,2.5
2025,14,1.56444121,2.5
2025,15,1.6015805028333334,2.5
2025,16,1.6953353354139789,2.5
2025,17,1.512646316666667,2.5
2026,0,1.3967533441935487,2.5
2026,1,4.464408699642857,2.5
2026,2,4.275470986129032,2.5
2026,3,4.336174297333334,2.5
2026,4,4.045528620413979,2.5
2026,5,3.8779072070000007,2.5
2022,0,1.2187762069239634,3.0
2022,1,4.040571271935485,3.0
2022,2,4.612669411935484,3.0
2022,3,4.307636656428572,3.0
2022,4,3.696366865322581,3.0
2022,5,3.4908580950000005,3.0
2022,6,3.174905448387097,3.0
2022,7,3.002926656666667,3.0
2022,8,2.7389397809677423,3.0
2022,9,2.5589031620000005,3.0
2022,10,2.399918660967742,3.0
2022,11,2.1461654537096777,3.0
2022,12,2.015535646077189,3.0
2022,13,1.8876257755537638,3.0
2022,14,1.7866314294731185,3.0
2022,15,1.6941746118020025,3.0
2022,16,1.6533848893655916,3.0
2022,17,1.6125052761559142,3.0
2022,18,1.5179644721746386,3.0
2022,19,1.474570994419355,3.0
2022,20,1.384945114137931,3.0
2022,21,1.3473127641935485,3.0
2022,22,1.3508442341935487,3.0
2022,23,1.253216176451613,3.0
2022,24,1.204136992714127,3.0
2023,0,1.3044794506451614,3.0
2023,1,4.310096073035715,3.0
2023,2,4.553545769032259,3.0
2023,3,4.082254009774195,3.0
2023,4,3.7222832983870973,3.0
2023,5,3.3414769140000002,3.0
2023,6,3.044924568709678,3.0
2023,7,2.807803445967742,3.0
2023,8,2.554429966666667,3.0
2023,9,2.3759957996774195,3.0
2023,10,2.2002766875806454,3.0
2023,11,2.1561978663333337,3.0
2023,12,2.002696637,3.0
2023,13,1.8814760812903226,3.0
2023,14,1.758767670074885,3.0
2023,15,1.715383072903226,3.0
2023,16,1.6507267936666667,3.0
2023,17,1.5647829651612906,3.0
2023,18,1.5053061752580648,3.0
2023,19,1.4657878867741938,3.0
2023,20,1.3978925280645162,3.0
2023,21,1.3339045700322583,3.0
2023,22,1.2796870123333335,3.0
2023,23,1.214089007763441,3.0
2023,24,1.165954691935484,3.0
2024,0,1.5154563035483872,3.0
2024,1,4.454721568225807,3.0
2024,2,4.843240227419355,3.0
2024,3,4.564660406333333,3.0
2024,4,4.387680597419355,3.0
2024,5,3.9236986013333337,3.0
2024,6,3.6550714500000003,3.0
2024,7,3.3513061721666673,3.0
2024,8,3.1294026473010756,3.0
2024,9,2.94877745,3.0
2024,10,2.749534190967742,3.0
2024,11,2.543482409666667,3.0
2024,12,2.4436633216129033,3.0
2024,13,2.3519001621666673,3.0
2024,14,2.1904531253333337,3.0
2024,15,2.1258310216129037,3.0
2024,16,1.9783067103225807,3.0
2024,17,1.9401896180000004,3.0
2024,18,1.8547280440000002,3.0
2024,19,1.7393059341935484,3.0
2024,20,1.7075834606666667,3.0
2024,21,1.6318808951612904,3.0
2024,22,1.5692827414516133,3.0
2024,23,1.493223231666667,3.0
2024,24,1.585882277857143,3.0
2025,0,1.2782402488172044,3.0
2025,1,4.443386688709678,3.0
2025,2,4.675210606451613,3.0
2025,3,4.294689018032258,3.0
2025,4,4.05697551967742,3.0
2025,5,3.710037071774194,3.0
2025,6,3.395941294870968,3.0
2025,7,3.2273079064516135,3.0
2025,8,2.965922167258065,3.0
2025,9,2.762551265333334,3.0
2025,10,2.569996778646314,3.0
2025,11,2.2344275213924734,3.0
2025,12,2.0309370051612907,3.0
2025,13,2.0148726139408604,3.0
2025,14,1.6746401617580648,3.0
2025,15,1.8089024741505377,3.0
2025,16,1.8357758216666669,3.0
2025,17,1.5208275555000001,3.0
2026,0,1.4845274614516133,3.0
2026,1,4.979490415666668,3.0
2026,2,4.4832011650000005,3.0
2026,3,4.661363826500001,3.0
2026,4,4.241409388387098,3.0
2026,5,4.1207546273333335,3.0
